Water Pump ID,Water Source Type,Water Quality,Distance to Nearest Town,Population Served,Installation Year,Funder,Payment Type,Water Pump Age,Pump Type,GPS Coordinates,Functioning Status
WP001,Lake,Contaminated,47.0,,2009.0,Oxfam,Free,15.0,Solar Pump,"(-19.26413935191161, 26.1843664155277)",Not Functioning
WP002,,,38.0,20000.0,2020.0,,Free,4.0,Motorized Pump,"(-18.284479129734283, 28.63347375195178)",Not Functioning
WP003,Lake,Contaminated,46.0,26000.0,2016.0,USAID,Free,8.0,Motorized Pump,"(-20.351857861441424, 27.20895749234134)",Not Functioning
WP004,Well,Clean,56.0,23000.0,2019.0,USAID,Free,5.0,Solar Pump,"(-23.91205949202365, 25.164536155017522)",Not Functioning
WP005,Well,Contaminated,35.0,24000.0,1996.0,UNICEF,,28.0,Motorized Pump,"(-23.066487429894064, 19.08372183038201)",Not Functioning
,Well,,,25000.0,2013.0,,Free,11.0,Motorized Pump,,Functioning
WP007,Well,Clean,52.0,24000.0,1994.0,Red Cross,Pay per use,30.0,Motorized Pump,"(-19.92822593215424, 26.580761609943607)",Functioning
WP008,Well,Contaminated,47.0,19000.0,2016.0,Red Cross,Free,8.0,,"(-21.752361967176366, 26.19890795716977)",Functioning
WP009,Lake,Contaminated,47.0,24000.0,,Red Cross,Free,26.0,Motorized Pump,"(-18.94897666765121, 27.946451262035467)",Not Functioning
WP010,Well,Contaminated,39.0,27000.0,,USAID,Free,21.0,Solar Pump,"(-23.493860326691426, 21.774521637863746)",Not Functioning
WP011,Well,Contaminated,46.0,28000.0,1994.0,Red Cross,Pay per use,30.0,Motorized Pump,"(-19.42066861212418, 21.025567936628804)",Not Functioning
,Well,Contaminated,,21000.0,2005.0,,Free,,Solar Pump,"(-23.69442047399784, 25.21786348211961)",Not Functioning
,Lake,Clean,34.0,24000.0,2011.0,Red Cross,Pay per use,13.0,Solar Pump,"(-21.94058921375008, 27.658140995004665)",Not Functioning
WP014,,Contaminated,42.0,,1995.0,UNICEF,Pay per use,29.0,Solar Pump,"(-21.286298437229433, 22.955260840662927)",Not Functioning
WP015,Well,Clean,45.0,23000.0,1994.0,Red Cross,Free,,Motorized Pump,"(-20.252941921329917, 27.645644101583258)",Not Functioning
WP016,Well,Contaminated,35.0,23000.0,2013.0,Red Cross,Free,,Motorized Pump,"(-18.69476528054609, 27.918262322822258)",Not Functioning
WP017,Lake,Contaminated,47.0,23000.0,2010.0,,Free,14.0,,"(-21.687974171945392, 22.827624701124876)",Not Functioning
WP018,River,Clean,,,1999.0,Red Cross,Pay per use,25.0,Solar Pump,"(-19.645600319036824, 27.393373370907245)",Not Functioning
WP019,Well,Contaminated,33.0,,2015.0,Oxfam,Free,9.0,Hand Pump,"(-21.190249898563764, 24.62835453807817)",Not Functioning
WP020,Lake,Contaminated,36.0,25000.0,,USAID,Free,,Motorized Pump,"(-21.66441345151287, 26.577421310230825)",Not Functioning
,Lake,Clean,37.0,19000.0,2019.0,USAID,Free,5.0,Motorized Pump,,Not Functioning
WP022,River,Clean,51.0,23000.0,1995.0,Oxfam,Free,29.0,Motorized Pump,"(-23.29365282351456, 26.485919827425803)",
WP023,Borehole,,50.0,22000.0,2004.0,,Free,20.0,Motorized Pump,"(-20.937303569269194, 22.8498513313727)",Functioning
WP024,Borehole,Contaminated,36.0,22000.0,1994.0,Red Cross,Free,30.0,Motorized Pump,"(-20.935290331074263, 25.88903448605903)",Functioning
,Lake,Contaminated,45.0,28000.0,,Oxfam,Pay per use,14.0,Solar Pump,"(-21.884868295228706, 27.029503656707703)",Not Functioning
WP026,,Clean,,26000.0,2001.0,Red Cross,Free,23.0,Motorized Pump,"(-22.674127153124502, 21.181817014751925)",Functioning
WP027,Lake,Contaminated,28.0,24000.0,1991.0,Red Cross,Free,,Motorized Pump,"(-20.70475887272235, 25.1647775978249)",Not Functioning
WP028,Well,Contaminated,,20000.0,1996.0,Red Cross,Pay per use,28.0,Motorized Pump,"(-21.660280951259793, 20.062434459127893)",Functioning
WP029,,Contaminated,47.0,14000.0,,Red Cross,,8.0,Motorized Pump,"(-20.999094258867157, 26.139468303318314)",Functioning
WP030,Well,Contaminated,38.0,24000.0,2004.0,Red Cross,Free,20.0,Solar Pump,"(-21.159186856046947, 26.556438376430542)",Not Functioning
WP031,Well,,44.0,21000.0,1999.0,Red Cross,Free,25.0,Motorized Pump,"(-21.18032453091622, 26.620292643519175)",Not Functioning
WP032,Well,Contaminated,34.0,24000.0,2007.0,USAID,Free,17.0,Solar Pump,"(-19.77893887964495, 25.865392101986068)",Not Functioning
WP033,Lake,Contaminated,45.0,25000.0,,USAID,Free,18.0,,"(-22.68482540928745, 21.707461557197504)",Not Functioning
WP034,Well,Contaminated,44.0,27000.0,,Red Cross,Free,,,"(-19.685919066607074, 26.612917518515825)",Functioning
WP035,Well,Contaminated,,19000.0,1996.0,USAID,Free,28.0,Solar Pump,"(-18.543314036546022, 27.31907543596665)",Not Functioning
WP036,Lake,Contaminated,42.0,23000.0,1996.0,UNICEF,Pay per use,28.0,Motorized Pump,"(-20.85698920049786, 22.029697278231225)",Not Functioning
WP037,Lake,Clean,34.0,21000.0,2005.0,USAID,Free,,Solar Pump,"(-18.521302773052085, 25.304624990848417)",Not Functioning
WP038,Well,Contaminated,39.0,,2018.0,Red Cross,Pay per use,6.0,,,Functioning
WP039,Well,Contaminated,33.0,25000.0,1995.0,,Free,29.0,Motorized Pump,"(-21.259999089852226, 24.748700457510967)",Not Functioning
WP040,Well,Contaminated,,29000.0,2019.0,,,5.0,,"(-22.109580281397754, 19.760179350606748)",
WP041,Well,Clean,,23000.0,2006.0,USAID,Free,18.0,,"(-19.139326178331437, 25.711201041470765)",Functioning
WP042,Lake,Clean,,17000.0,,Red Cross,Free,9.0,,"(-18.99580575499575, 25.241676243935267)",Not Functioning
WP043,Well,,,23000.0,2000.0,USAID,,24.0,Solar Pump,"(-18.773858455107348, 27.60728203170946)",Not Functioning
WP044,Well,Contaminated,,19000.0,2001.0,UNICEF,Free,23.0,Motorized Pump,"(-17.70337994468689, 28.371543618115993)",Functioning
WP045,Lake,Contaminated,35.0,23000.0,1997.0,Oxfam,Free,27.0,Motorized Pump,"(-19.307338356003918, 25.140391575797302)",Not Functioning
,Well,Clean,,22000.0,2006.0,Red Cross,Pay per use,18.0,Motorized Pump,"(-22.586870983209927, 21.320866528641176)",Functioning
WP047,Lake,Contaminated,46.0,19000.0,1993.0,USAID,Free,31.0,Motorized Pump,"(-19.814542869320945, 20.816601460432935)",Not Functioning
WP048,Well,Contaminated,,24000.0,2008.0,Oxfam,,16.0,Solar Pump,"(-20.713979394577695, 27.991180019149567)",Not Functioning
WP049,Lake,Clean,48.0,23000.0,2015.0,,Free,9.0,Solar Pump,,Not Functioning
WP050,,,38.0,23000.0,1998.0,Oxfam,Pay per use,,Solar Pump,,Not Functioning
,Well,Clean,31.0,22000.0,1997.0,,Free,27.0,Solar Pump,"(-19.003382851439582, 27.453326804245513)",Not Functioning
WP052,Well,Clean,44.0,25000.0,2008.0,USAID,Free,16.0,Motorized Pump,"(-23.51726756953887, 20.36568372940294)",Not Functioning
WP053,,,44.0,21000.0,1998.0,Oxfam,Free,,,"(-21.042240768777617, 24.443609751019967)",
WP054,Well,Contaminated,49.0,24000.0,1996.0,Oxfam,Free,28.0,Motorized Pump,"(-21.801973951492574, 19.167352685289394)",Functioning
WP055,Well,Contaminated,44.0,18000.0,2017.0,USAID,Pay per use,7.0,Motorized Pump,"(-18.92024777181622, 25.792197880831623)",
,Well,Contaminated,42.0,21000.0,1994.0,USAID,,30.0,Motorized Pump,"(-20.881495298915073, 25.713553535887893)",Not Functioning
WP057,,Contaminated,,31000.0,1995.0,UNICEF,Pay per use,29.0,Solar Pump,"(-21.26203556750582, 25.72661950846581)",Not Functioning
WP058,Lake,Contaminated,41.0,21000.0,2004.0,Red Cross,Free,20.0,Motorized Pump,"(-17.776806220691338, 28.32715802112511)",Not Functioning
WP059,Lake,Contaminated,54.0,23000.0,2014.0,USAID,Pay per use,10.0,Solar Pump,"(-23.263894471126825, 22.240866691104838)",Not Functioning
,Lake,Clean,,,2003.0,Red Cross,Pay per use,21.0,Solar Pump,"(-20.822781826522135, 21.162132053997908)",Not Functioning
WP061,Well,Contaminated,38.0,24000.0,2018.0,,Pay per use,6.0,Motorized Pump,,Functioning
WP062,Borehole,Clean,58.0,,2002.0,Oxfam,Free,22.0,Solar Pump,,Not Functioning
WP063,Well,Contaminated,35.0,26000.0,1991.0,USAID,Pay per use,33.0,,"(-23.862403456597132, 23.733642055606175)",Functioning
WP064,Lake,Contaminated,43.0,20000.0,2018.0,USAID,Free,6.0,Motorized Pump,"(-20.065292165410966, 22.37680368084026)",Not Functioning
WP065,Borehole,Clean,,,2020.0,Oxfam,Free,4.0,Motorized Pump,,Not Functioning
WP066,Well,Clean,37.0,23000.0,2000.0,,Free,24.0,,"(-22.12371547856097, 23.601982054197954)",Not Functioning
,Lake,,32.0,25000.0,1994.0,USAID,Free,30.0,Motorized Pump,"(-19.92292970700942, 26.771429651444258)",Not Functioning
,Well,,37.0,26000.0,2008.0,USAID,Pay per use,,Motorized Pump,"(-21.415808230590116, 22.526224365276676)",Functioning
WP069,Lake,,41.0,24000.0,2006.0,Red Cross,Free,18.0,Solar Pump,"(-18.10942314548933, 26.06571828062677)",Not Functioning
WP070,,,48.0,19000.0,2016.0,Oxfam,Free,8.0,Motorized Pump,,Functioning
WP071,Well,Clean,33.0,18000.0,1996.0,Oxfam,Free,,Motorized Pump,"(-18.883018265618404, 19.847165643860887)",Not Functioning
WP072,Borehole,Clean,37.0,23000.0,2018.0,Red Cross,Pay per use,6.0,,,Not Functioning
WP073,,Clean,,18000.0,1994.0,USAID,Free,30.0,Motorized Pump,,Not Functioning
WP074,Lake,Clean,45.0,22000.0,2019.0,Red Cross,Pay per use,5.0,Motorized Pump,,Not Functioning
,,Contaminated,45.0,24000.0,2000.0,USAID,Free,24.0,Solar Pump,"(-22.626517473510955, 26.96946410207822)",
WP076,Borehole,Contaminated,37.0,25000.0,2012.0,Red Cross,Free,12.0,Motorized Pump,"(-17.761947579939854, 26.98361095173393)",Functioning
,Well,Contaminated,36.0,24000.0,2007.0,USAID,Free,17.0,Motorized Pump,"(-18.14243574330005, 26.159483511694617)",Functioning
,Lake,Clean,35.0,22000.0,2000.0,,Free,24.0,Motorized Pump,"(-23.77700028033025, 19.888526308742584)",Not Functioning
WP079,Well,Contaminated,36.0,25000.0,2006.0,Oxfam,Free,18.0,Motorized Pump,"(-20.665818102946645, 24.397474320188017)",Functioning
WP080,Well,Contaminated,33.0,23000.0,2014.0,Oxfam,Pay per use,10.0,Motorized Pump,"(-19.194384250482717, 26.626890824092534)",Not Functioning
WP081,,,33.0,23000.0,2000.0,UNICEF,Free,24.0,Solar Pump,"(-22.458633220716727, 28.03845969631621)",Not Functioning
WP082,Well,Clean,47.0,,1998.0,Red Cross,Free,26.0,Motorized Pump,"(-21.323689181992155, 22.58467962087815)",Not Functioning
WP083,,Contaminated,,23000.0,1991.0,USAID,Free,,Motorized Pump,"(-20.192481775952462, 24.844348516485308)",Not Functioning
WP084,Well,Clean,36.0,24000.0,1992.0,Red Cross,,32.0,Motorized Pump,"(-22.237236646052782, 23.060121046816498)",Not Functioning
WP085,Well,Clean,41.0,30000.0,1994.0,Red Cross,Free,30.0,Motorized Pump,"(-22.96790693401784, 21.617817548459414)",Not Functioning
WP086,River,,48.0,20000.0,2015.0,Red Cross,Pay per use,9.0,Motorized Pump,"(-17.88433192437823, 24.041197614362666)",Not Functioning
WP087,Lake,Contaminated,40.0,24000.0,,USAID,Free,16.0,Hand Pump,"(-18.154288614524656, 28.444946477344462)",
WP088,Well,Contaminated,42.0,,2001.0,USAID,Free,23.0,Solar Pump,"(-18.855075897518788, 25.344494692647196)",Not Functioning
WP089,Well,Contaminated,40.0,26000.0,2010.0,Red Cross,,14.0,Motorized Pump,"(-20.379246180576402, 28.991938616982914)",Not Functioning
WP090,Well,,36.0,28000.0,,USAID,Free,13.0,Motorized Pump,"(-19.536630465506185, 28.876499126859045)",Not Functioning
WP091,,Clean,39.0,25000.0,2002.0,,Free,22.0,Solar Pump,,Not Functioning
WP092,Well,Contaminated,51.0,24000.0,2004.0,Red Cross,Pay per use,20.0,Solar Pump,"(-21.967695010479662, 19.4266831106478)",Not Functioning
WP093,Lake,,49.0,24000.0,1993.0,,,31.0,Hand Pump,"(-20.632704959864128, 25.925133954986766)",Not Functioning
WP094,Lake,Contaminated,,,2007.0,,Pay per use,17.0,Motorized Pump,,Not Functioning
WP095,Lake,Clean,45.0,26000.0,2018.0,USAID,Pay per use,6.0,Hand Pump,"(-23.663044805471213, 19.641366625869388)",Not Functioning
WP096,Well,Clean,,28000.0,1996.0,Red Cross,Pay per use,28.0,Solar Pump,"(-19.52985521464845, 27.664596378800812)",Not Functioning
WP097,Well,Contaminated,35.0,18000.0,2015.0,Red Cross,Pay per use,9.0,Solar Pump,"(-21.532572249587172, 20.160052911400605)",Not Functioning
WP098,,Contaminated,,25000.0,,USAID,Pay per use,21.0,Motorized Pump,"(-20.68781317570201, 25.26272250792511)",
WP099,River,Contaminated,,26000.0,2004.0,USAID,Pay per use,20.0,,"(-21.86822735564472, 19.110938115352013)",Functioning
WP100,Well,Contaminated,41.0,20000.0,2019.0,USAID,Pay per use,5.0,Motorized Pump,"(-18.79806527981161, 26.485501004084508)",Not Functioning
WP101,Well,Clean,49.0,20000.0,2010.0,Red Cross,Pay per use,,Solar Pump,"(-19.103503041968807, 26.395127733303188)",Functioning
WP102,Well,Contaminated,,24000.0,2019.0,Red Cross,,5.0,Motorized Pump,"(-19.305776429729544, 26.348258810033414)",Not Functioning
WP103,River,Contaminated,35.0,22000.0,2015.0,USAID,Pay per use,9.0,Motorized Pump,"(-23.252048012663522, 26.23268423623076)",Not Functioning
WP104,Lake,Contaminated,37.0,,2003.0,Red Cross,Pay per use,21.0,Solar Pump,"(-22.71462870440675, 20.40785620802348)",Not Functioning
WP105,Lake,Clean,41.0,21000.0,1998.0,UNICEF,Free,26.0,Motorized Pump,"(-23.46717318365694, 22.34302546761509)",Not Functioning
WP106,Well,,41.0,26000.0,1999.0,Red Cross,,25.0,Motorized Pump,"(-23.84662515891122, 20.304377196828355)",Not Functioning
WP107,,,47.0,23000.0,1993.0,Red Cross,,31.0,Motorized Pump,"(-19.814430429850223, 26.848379702532792)",
WP108,Lake,Contaminated,43.0,24000.0,1999.0,Red Cross,Pay per use,25.0,Solar Pump,"(-21.066145704121034, 22.123986352747945)",Not Functioning
WP109,Borehole,Clean,35.0,,,USAID,Free,6.0,,"(-21.085484094030775, 24.884264342051647)",Not Functioning
WP110,,,35.0,23000.0,2013.0,USAID,Free,11.0,Hand Pump,"(-23.152519556187666, 22.720452761052044)",Not Functioning
WP111,Well,Contaminated,48.0,24000.0,1999.0,USAID,Free,25.0,Motorized Pump,"(-19.690436205371327, 24.47249656144829)",Functioning
,Well,Contaminated,34.0,26000.0,2011.0,UNICEF,Pay per use,13.0,Motorized Pump,"(-19.99160434090698, 27.469677531933346)",Functioning
WP113,Well,Contaminated,45.0,24000.0,,Red Cross,Free,23.0,Motorized Pump,"(-21.538843709493058, 19.350380306123387)",Not Functioning
WP114,Lake,Contaminated,43.0,23000.0,2011.0,Red Cross,Free,13.0,Motorized Pump,"(-23.186288975233325, 28.116021164794507)",Not Functioning
WP115,,Contaminated,42.0,24000.0,1997.0,Red Cross,Pay per use,,Solar Pump,"(-18.62277785677212, 28.40332267610102)",Not Functioning
WP116,Well,,45.0,27000.0,1996.0,USAID,Pay per use,28.0,Motorized Pump,,Functioning
WP117,,Clean,34.0,24000.0,1999.0,Red Cross,Free,25.0,,"(-18.306827116246666, 28.50781035542608)",Not Functioning
WP118,Lake,Contaminated,27.0,24000.0,2008.0,,Free,16.0,Motorized Pump,"(-22.074537137325887, 26.289937680773892)",Not Functioning
WP119,Lake,Contaminated,45.0,19000.0,1993.0,,Free,31.0,,"(-22.756413749039133, 22.7513670371518)",Not Functioning
WP120,Well,Contaminated,44.0,,2019.0,Red Cross,,,Solar Pump,"(-21.506990800953854, 24.714577049539876)",Not Functioning
WP121,,Contaminated,50.0,26000.0,1997.0,Oxfam,,27.0,Solar Pump,"(-18.346757446157834, 26.598168122660816)",Not Functioning
WP122,Well,Contaminated,,19000.0,,Oxfam,Free,26.0,,"(-18.63810515635234, 27.059690210238138)",
WP123,Well,Contaminated,51.0,26000.0,1998.0,Red Cross,Free,26.0,Solar Pump,"(-19.912084511342393, 28.62722765872076)",Not Functioning
,Well,Clean,33.0,29000.0,1994.0,USAID,Pay per use,30.0,Motorized Pump,"(-20.918099007943184, 26.10489010525377)",Not Functioning
WP125,Well,Clean,34.0,21000.0,2007.0,Oxfam,Free,,Motorized Pump,"(-19.299483615311072, 24.648804382102128)",Functioning
WP126,Lake,Contaminated,49.0,22000.0,1991.0,Oxfam,,33.0,Motorized Pump,"(-18.58578672186893, 25.542908983524008)",Not Functioning
WP127,Well,Contaminated,43.0,25000.0,2004.0,Red Cross,Free,20.0,Motorized Pump,"(-18.533708579555558, 27.599548429970277)",Functioning
WP128,,Clean,,24000.0,2017.0,Red Cross,Free,,Solar Pump,,Not Functioning
WP129,Well,Contaminated,32.0,24000.0,2018.0,USAID,Free,,,"(-22.124018422373226, 19.80324885272596)",Not Functioning
WP130,Well,Contaminated,44.0,20000.0,1993.0,Red Cross,Free,31.0,Solar Pump,"(-23.93361309940886, 19.211061150590172)",Not Functioning
WP131,Well,Clean,47.0,25000.0,2016.0,Red Cross,Free,8.0,Motorized Pump,"(-22.90266216143165, 21.90860908816891)",Not Functioning
WP132,Well,Contaminated,37.0,20000.0,1993.0,Oxfam,Free,31.0,Motorized Pump,"(-21.801168862265655, 20.68144552158949)",Functioning
WP133,,Clean,,27000.0,2013.0,,Pay per use,11.0,Solar Pump,"(-21.494892114603704, 21.736352700077802)",Not Functioning
WP134,,,38.0,25000.0,2019.0,,Free,5.0,,,Not Functioning
WP135,Lake,Contaminated,,21000.0,2006.0,Red Cross,Free,18.0,Motorized Pump,"(-21.298689915405493, 22.88230320784794)",Not Functioning
WP136,Well,Contaminated,48.0,23000.0,1990.0,Red Cross,Pay per use,34.0,Motorized Pump,"(-18.991993113671306, 26.904779270948886)",Not Functioning
,Well,Contaminated,45.0,26000.0,,USAID,Pay per use,18.0,Hand Pump,"(-23.66390105802381, 28.288274757106585)",Not Functioning
WP138,River,Clean,32.0,28000.0,1994.0,USAID,Free,30.0,,"(-19.948449260071687, 26.188035467438752)",
WP139,Well,Contaminated,29.0,19000.0,2012.0,Oxfam,Free,12.0,Motorized Pump,"(-21.4774755986163, 23.74989106422707)",Functioning
WP140,,Contaminated,32.0,22000.0,2012.0,Red Cross,Free,,Motorized Pump,"(-19.974498619512897, 26.47914981997672)",Not Functioning
WP141,Well,Contaminated,,25000.0,1999.0,Red Cross,Free,25.0,Solar Pump,"(-18.294890411685994, 23.289773272064394)",Not Functioning
WP142,Well,Clean,40.0,,2007.0,USAID,Free,17.0,Motorized Pump,"(-23.251308290415892, 28.57751991382346)",
WP143,Well,Contaminated,38.0,24000.0,1994.0,Oxfam,Pay per use,30.0,Solar Pump,,Not Functioning
WP144,Well,,44.0,21000.0,1996.0,Red Cross,Free,28.0,Motorized Pump,"(-23.426618961999868, 27.081616479460433)",
WP145,Well,Contaminated,,25000.0,2011.0,Red Cross,Pay per use,13.0,,"(-17.94248586775003, 26.370171968577083)",Not Functioning
WP146,Well,Contaminated,,25000.0,1995.0,Red Cross,Pay per use,29.0,Motorized Pump,,Not Functioning
WP147,Well,Contaminated,33.0,26000.0,2003.0,Red Cross,Free,21.0,,"(-18.65701893307654, 24.810357393556064)",Not Functioning
WP148,,,55.0,21000.0,2014.0,USAID,Free,,Motorized Pump,"(-18.89272409391526, 25.77543376977548)",Functioning
,Well,Clean,,19000.0,2015.0,World Bank,Free,9.0,,"(-18.697175171167988, 26.846919945291855)",Not Functioning
WP150,Lake,Clean,42.0,23000.0,,USAID,Free,13.0,Motorized Pump,,Not Functioning
,Well,Clean,35.0,25000.0,2001.0,USAID,,23.0,Motorized Pump,"(-19.080899039919203, 25.06203417730753)",Not Functioning
WP152,,,51.0,28000.0,1997.0,Red Cross,,,Motorized Pump,"(-22.16964442900179, 21.708544584671905)",Functioning
WP153,Well,,43.0,25000.0,2016.0,,Free,8.0,,"(-23.77549264987213, 21.095742371728424)",Functioning
WP154,Well,Contaminated,41.0,22000.0,2016.0,USAID,Pay per use,8.0,Motorized Pump,"(-19.309051032576097, 25.301732148294946)",
WP155,,Contaminated,43.0,19000.0,1991.0,UNICEF,Free,33.0,Motorized Pump,"(-22.380040376895515, 23.249102579284862)",Not Functioning
,Well,Contaminated,38.0,23000.0,1998.0,,Free,26.0,Solar Pump,"(-23.795208002141102, 22.331882608758136)",Not Functioning
WP157,,Contaminated,45.0,27000.0,1997.0,Red Cross,Free,27.0,,"(-22.338909211987595, 22.314386257381525)",Not Functioning
WP158,Well,Contaminated,,23000.0,2010.0,UNICEF,Free,,Motorized Pump,"(-19.70836317817763, 28.86003755843864)",Not Functioning
WP159,Well,Contaminated,48.0,26000.0,1991.0,USAID,Pay per use,33.0,Solar Pump,"(-23.65535866005238, 25.851065672061345)",Not Functioning
WP160,Well,Contaminated,39.0,21000.0,2005.0,Oxfam,,,,"(-22.63618306967242, 20.706690588648115)",Not Functioning
WP161,Lake,Contaminated,47.0,25000.0,2019.0,USAID,Free,5.0,Solar Pump,"(-22.58356727706044, 21.362968135076883)",Not Functioning
WP162,Borehole,Contaminated,41.0,22000.0,,Red Cross,Free,,Solar Pump,"(-22.231683688730058, 21.436830932026062)",Not Functioning
WP163,Well,Contaminated,36.0,,1997.0,USAID,Pay per use,27.0,Solar Pump,,Not Functioning
WP164,Well,,30.0,,2016.0,UNICEF,Pay per use,8.0,Motorized Pump,"(-20.86998259967466, 24.08807243047466)",Functioning
,Well,Contaminated,43.0,,2007.0,Red Cross,Free,,Solar Pump,,Not Functioning
,Well,Clean,32.0,19000.0,2009.0,USAID,Free,,Hand Pump,"(-17.522502066015775, 20.706855611602116)",Not Functioning
WP167,,Clean,33.0,26000.0,2011.0,Red Cross,Pay per use,,Motorized Pump,"(-20.65929026025313, 25.362915219648155)",Not Functioning
WP168,,,48.0,,1991.0,USAID,,33.0,Solar Pump,"(-18.102087470166516, 23.467388697547058)",Not Functioning
WP169,Well,Clean,40.0,,,UNICEF,Free,32.0,Motorized Pump,"(-21.157259536656703, 21.494264233225053)",Not Functioning
WP170,Well,Contaminated,39.0,22000.0,2004.0,Red Cross,Free,,Motorized Pump,,Not Functioning
WP171,Lake,Contaminated,39.0,22000.0,,USAID,Free,,Motorized Pump,"(-18.65021277526905, 26.061054956485698)",Not Functioning
,Borehole,Contaminated,45.0,,2002.0,,Pay per use,22.0,,"(-23.585268476840184, 23.469305741965538)",Not Functioning
WP173,Well,Contaminated,38.0,,2020.0,USAID,Pay per use,4.0,Motorized Pump,"(-18.915124974932727, 27.949890517056247)",Functioning
WP174,Well,Contaminated,40.0,29000.0,1994.0,Oxfam,Free,30.0,Motorized Pump,"(-17.516127769214414, 24.77958084121377)",Functioning
WP175,Borehole,Clean,50.0,25000.0,,,Free,,Motorized Pump,"(-23.38337573162959, 28.868949003822486)",Not Functioning
WP176,Well,Contaminated,,27000.0,2013.0,,Free,11.0,Solar Pump,"(-21.022755062328912, 22.19398132927511)",
WP177,Well,Contaminated,,20000.0,2014.0,Red Cross,Pay per use,10.0,Motorized Pump,,Not Functioning
WP178,Lake,Clean,38.0,26000.0,2003.0,UNICEF,Free,,Motorized Pump,"(-19.2323821580008, 27.745475804126045)",Not Functioning
,Lake,Contaminated,39.0,24000.0,1996.0,Red Cross,Pay per use,,Motorized Pump,,Not Functioning
,Well,,42.0,25000.0,2017.0,Oxfam,Free,7.0,Motorized Pump,,Not Functioning
WP181,Lake,Clean,41.0,23000.0,1991.0,Oxfam,Free,33.0,Solar Pump,"(-21.06920357719023, 21.209257034644196)",Not Functioning
WP182,Well,Clean,35.0,19000.0,2019.0,USAID,Free,,,"(-22.8440887401831, 22.848221060963255)",Not Functioning
WP183,River,Contaminated,46.0,32000.0,2007.0,Red Cross,Free,17.0,Motorized Pump,"(-21.001159046318435, 21.12636157546166)",Not Functioning
WP184,Well,Contaminated,43.0,21000.0,,Oxfam,Free,,Solar Pump,,Not Functioning
WP185,,Contaminated,43.0,22000.0,1999.0,UNICEF,Free,25.0,Motorized Pump,"(-17.614317769258342, 26.33252475523264)",Functioning
WP186,Well,Contaminated,,,2003.0,,Free,21.0,Motorized Pump,"(-20.67431640807086, 27.170989588692713)",Not Functioning
WP187,,Clean,42.0,23000.0,2010.0,Oxfam,Free,14.0,Motorized Pump,"(-21.017494915471566, 21.563162566709313)",Not Functioning
WP188,Borehole,Clean,42.0,19000.0,2013.0,USAID,Pay per use,11.0,Motorized Pump,"(-23.885282102994417, 22.07729740314056)",Not Functioning
WP189,Well,Contaminated,32.0,23000.0,1990.0,,Free,34.0,Motorized Pump,"(-20.746756524365722, 19.572863209339147)",Not Functioning
,,Clean,,,2005.0,Red Cross,Pay per use,19.0,Motorized Pump,"(-21.641105358937004, 21.59298383410347)",Not Functioning
WP191,Well,,42.0,22000.0,2019.0,USAID,Free,5.0,Solar Pump,"(-19.64669029966108, 26.253186896933414)",Not Functioning
WP192,Lake,Contaminated,39.0,27000.0,1995.0,USAID,Pay per use,29.0,Motorized Pump,"(-22.39284049222004, 26.52546184551618)",Not Functioning
WP193,Well,Contaminated,44.0,18000.0,2019.0,USAID,Free,,,,Functioning
WP194,Well,Contaminated,,26000.0,2012.0,Red Cross,Pay per use,12.0,,"(-21.869277470102965, 20.574921376612842)",Not Functioning
WP195,Well,Contaminated,44.0,20000.0,2017.0,Oxfam,Free,7.0,Solar Pump,"(-22.553743344135107, 21.748080327644452)",Not Functioning
WP196,Well,Contaminated,51.0,18000.0,1995.0,UNICEF,Free,29.0,Motorized Pump,"(-22.848449868158983, 21.975675789536307)",Not Functioning
WP197,,Clean,32.0,20000.0,2014.0,USAID,Pay per use,10.0,,"(-23.202303545761822, 26.78256233226441)",Not Functioning
,River,Contaminated,38.0,30000.0,2008.0,Red Cross,Free,16.0,Solar Pump,"(-18.877301479851642, 26.523869272121924)",Not Functioning
WP199,Well,Clean,,27000.0,,USAID,Free,21.0,Motorized Pump,"(-22.316757945739095, 22.1527479866281)",Not Functioning
WP200,Well,Contaminated,43.0,25000.0,1992.0,Oxfam,,32.0,Motorized Pump,"(-17.894519533393037, 27.441633137238824)",Functioning
WP201,,Contaminated,32.0,24000.0,1998.0,UNICEF,Pay per use,26.0,Solar Pump,"(-18.239447756407444, 27.502164359651836)",Not Functioning
WP202,Well,Contaminated,42.0,,2014.0,Red Cross,Free,,Motorized Pump,"(-19.398585250340467, 27.60872005750739)",Not Functioning
WP203,Well,Contaminated,28.0,22000.0,2008.0,USAID,Free,16.0,Solar Pump,"(-21.95704177129873, 24.608364715789985)",
WP204,Well,Clean,41.0,27000.0,2020.0,USAID,Pay per use,4.0,,"(-19.7550993522042, 24.45084149974875)",Not Functioning
WP205,Lake,Contaminated,38.0,28000.0,,Red Cross,,16.0,,"(-23.795105816388997, 21.831094554300133)",Not Functioning
WP206,Well,Contaminated,,23000.0,1991.0,Oxfam,Free,33.0,,"(-19.16762161280071, 25.230244969602275)",
WP207,,,,25000.0,2010.0,Red Cross,Free,14.0,,"(-22.59883481844796, 21.074389682641144)",Not Functioning
WP208,Well,Clean,,24000.0,2017.0,,Free,7.0,Solar Pump,"(-21.928362282344153, 25.203154065332985)",Not Functioning
WP209,Well,Contaminated,52.0,25000.0,2007.0,Red Cross,Free,,Motorized Pump,"(-22.055433711232357, 22.14213152620244)",Functioning
WP210,Borehole,Contaminated,38.0,23000.0,2012.0,USAID,Free,,Hand Pump,,Not Functioning
WP211,Borehole,Contaminated,44.0,25000.0,2000.0,,Free,24.0,Hand Pump,"(-19.12034167193756, 27.06432527450668)",Functioning
,Well,Clean,55.0,25000.0,1994.0,Red Cross,Free,30.0,Motorized Pump,"(-18.91879620587124, 20.80805161826652)",Not Functioning
WP213,Well,Contaminated,31.0,23000.0,2008.0,Oxfam,Free,16.0,Solar Pump,"(-18.410515927652604, 19.33858516762404)",Not Functioning
WP214,River,Contaminated,44.0,21000.0,,USAID,Free,33.0,,"(-20.57857534435557, 20.881409990787773)",Functioning
WP215,Well,,53.0,25000.0,2010.0,USAID,Free,,,"(-22.04235428830754, 19.4842204968326)",Not Functioning
WP216,,Contaminated,,21000.0,2002.0,UNICEF,Pay per use,,Motorized Pump,"(-19.862590501408313, 20.531800620791707)",Not Functioning
WP217,Borehole,Clean,44.0,,1990.0,USAID,Pay per use,34.0,Motorized Pump,"(-20.827130123441922, 26.146393762968497)",Not Functioning
WP218,Well,Contaminated,52.0,23000.0,1994.0,Red Cross,Pay per use,30.0,Hand Pump,"(-19.733574891259202, 24.217165687550086)",Functioning
WP219,,Clean,34.0,22000.0,,Red Cross,Free,11.0,Motorized Pump,"(-20.533190739349326, 19.069189285582247)",
,,Contaminated,37.0,30000.0,1994.0,USAID,Free,30.0,Solar Pump,"(-22.217839944033265, 22.55340934500171)",Not Functioning
WP221,Well,Contaminated,37.0,25000.0,1991.0,,Free,33.0,Solar Pump,,Not Functioning
WP222,Well,Contaminated,34.0,30000.0,2017.0,USAID,Pay per use,7.0,Motorized Pump,"(-19.324212640127254, 23.323191126877834)",Not Functioning
WP223,Well,Contaminated,45.0,24000.0,2004.0,,Pay per use,20.0,Hand Pump,"(-19.894964021114102, 27.944602006277403)",Functioning
WP224,Lake,Clean,43.0,27000.0,2005.0,UNICEF,Pay per use,19.0,Solar Pump,"(-20.06242259172319, 25.855808299043062)",Not Functioning
,Well,,50.0,23000.0,1992.0,Oxfam,Free,32.0,Hand Pump,"(-18.948451631717308, 24.22092152625344)",Not Functioning
,Well,Contaminated,28.0,19000.0,,Oxfam,,15.0,Motorized Pump,,Functioning
WP227,Borehole,Contaminated,,,2015.0,USAID,Free,9.0,Motorized Pump,"(-17.555327681613257, 24.50450698059457)",Not Functioning
WP228,Well,Contaminated,46.0,21000.0,2014.0,,Free,10.0,Solar Pump,"(-18.98962436316535, 24.05350024013331)",Functioning
WP229,Well,,29.0,19000.0,2002.0,Red Cross,Free,22.0,Motorized Pump,"(-20.689462819688902, 20.704516144950947)",
WP230,Well,Contaminated,47.0,19000.0,2011.0,,,13.0,Solar Pump,,Not Functioning
WP231,Well,Contaminated,38.0,24000.0,1998.0,World Bank,Pay per use,26.0,Motorized Pump,"(-21.906471923633404, 22.833897406598915)",Not Functioning
WP232,Lake,,35.0,26000.0,2014.0,Red Cross,,10.0,Motorized Pump,"(-18.758162224739674, 20.21453928077244)",Not Functioning
WP233,Well,Contaminated,40.0,23000.0,1999.0,Red Cross,Free,25.0,Solar Pump,,Not Functioning
WP234,Well,Contaminated,40.0,18000.0,2018.0,,,6.0,Hand Pump,"(-23.43220723171634, 21.44157933264922)",
WP235,Well,Clean,37.0,24000.0,1991.0,UNICEF,,33.0,Solar Pump,,Not Functioning
WP236,Well,Clean,41.0,27000.0,1994.0,UNICEF,,30.0,Motorized Pump,"(-19.472611584285136, 26.607149936816988)",Functioning
WP237,Lake,Contaminated,51.0,26000.0,2018.0,Oxfam,Pay per use,6.0,Solar Pump,"(-20.336709951388414, 27.45867586182988)",Not Functioning
WP238,Well,Clean,45.0,21000.0,2002.0,USAID,Free,22.0,Solar Pump,,
WP239,Well,Clean,37.0,21000.0,2006.0,Red Cross,Free,18.0,,,Not Functioning
WP240,Borehole,Clean,31.0,17000.0,2007.0,,Free,17.0,Solar Pump,"(-21.62011285366148, 21.6513226713616)",Not Functioning
WP241,Lake,Contaminated,48.0,25000.0,2010.0,UNICEF,Free,14.0,Solar Pump,"(-23.432474995268944, 23.85600674908099)",
WP242,Well,Clean,39.0,22000.0,2000.0,,Free,24.0,Motorized Pump,"(-17.93158524789508, 27.59456720810283)",Not Functioning
WP243,Well,,45.0,,2013.0,USAID,Free,11.0,Motorized Pump,"(-23.088057991961033, 26.520056950025822)",Not Functioning
WP244,Well,Contaminated,42.0,19000.0,2016.0,USAID,Pay per use,8.0,,"(-20.803788523972564, 26.11545358104969)",Functioning
WP245,Lake,Clean,,22000.0,2004.0,Red Cross,,20.0,Motorized Pump,"(-22.255647770414914, 22.89566247177418)",Not Functioning
,Lake,Contaminated,44.0,25000.0,,UNICEF,Free,,Motorized Pump,"(-19.038093772278984, 25.532724006083725)",Not Functioning
WP247,Well,Contaminated,37.0,20000.0,1999.0,Oxfam,Free,25.0,,"(-23.456073699664998, 21.426253262390183)",Not Functioning
,Borehole,Clean,39.0,20000.0,1995.0,Red Cross,,29.0,Motorized Pump,,Functioning
WP249,Well,Contaminated,40.0,,2003.0,Red Cross,Pay per use,,Motorized Pump,"(-18.13474534403903, 26.06620357552988)",Functioning
WP250,,Clean,42.0,22000.0,2005.0,,Free,19.0,,,Not Functioning
WP251,River,Contaminated,44.0,21000.0,2012.0,Red Cross,Pay per use,12.0,Motorized Pump,,Not Functioning
,Well,Contaminated,38.0,21000.0,,Red Cross,Free,34.0,Motorized Pump,"(-21.595692291370693, 25.367833700558933)",Functioning
WP253,,,41.0,24000.0,1998.0,,,,Motorized Pump,"(-21.887092327773328, 27.124893442110757)",Not Functioning
WP254,Lake,Contaminated,36.0,23000.0,1993.0,Red Cross,Free,,Motorized Pump,"(-23.949326733941824, 23.05254981964159)",Not Functioning
WP255,Well,Contaminated,,21000.0,2005.0,Oxfam,Pay per use,19.0,Motorized Pump,,Functioning
WP256,Lake,Contaminated,44.0,,1991.0,USAID,,33.0,Solar Pump,,
WP257,,Contaminated,38.0,24000.0,,Red Cross,Free,23.0,Motorized Pump,"(-23.257154799563498, 21.311946556354584)",Not Functioning
WP258,Well,Contaminated,36.0,27000.0,2019.0,USAID,Free,5.0,Motorized Pump,"(-18.812710430642877, 24.689260162331877)",Not Functioning
WP259,Well,,37.0,30000.0,2001.0,UNICEF,Free,,Motorized Pump,"(-19.159942956174763, 24.23054168237624)",Not Functioning
WP260,Well,Clean,44.0,24000.0,2004.0,Red Cross,Free,20.0,Hand Pump,"(-20.742455517142368, 21.892688997225655)",Not Functioning
,Well,Clean,34.0,,2012.0,,Free,12.0,Motorized Pump,"(-19.02795004615062, 25.24773417333993)",Not Functioning
WP262,,Contaminated,48.0,22000.0,,USAID,Pay per use,22.0,Motorized Pump,"(-20.678617227337725, 20.047808371758446)",
WP263,Lake,Contaminated,45.0,21000.0,2009.0,Red Cross,Pay per use,15.0,Hand Pump,"(-20.860178506568523, 20.511440889259003)",Not Functioning
WP264,Lake,,46.0,25000.0,2002.0,Red Cross,Pay per use,22.0,Motorized Pump,"(-21.936656159954737, 25.61189569384024)",Not Functioning
WP265,Lake,Contaminated,39.0,22000.0,1994.0,World Bank,Pay per use,30.0,,"(-22.99253628894185, 23.701518733342716)",Not Functioning
WP266,Well,,35.0,26000.0,1991.0,,,33.0,Solar Pump,"(-23.141841557638493, 19.11085596581812)",
,Well,,41.0,26000.0,,USAID,Free,34.0,Motorized Pump,"(-21.909652799026716, 25.39186731774247)",Not Functioning
WP268,Well,,,28000.0,2012.0,USAID,Pay per use,12.0,Motorized Pump,"(-18.71154534116897, 27.635954047083857)",Functioning
WP269,Well,Contaminated,,23000.0,2000.0,USAID,Free,24.0,Motorized Pump,"(-19.04678576159658, 25.34776308576656)",Functioning
WP270,,Contaminated,44.0,24000.0,2002.0,,Pay per use,22.0,Solar Pump,"(-18.82145952302886, 24.759880262961076)",Not Functioning
WP271,Borehole,Contaminated,43.0,26000.0,2019.0,Red Cross,Pay per use,5.0,Solar Pump,"(-19.09986932407092, 26.027847510800264)",Not Functioning
WP272,Lake,Contaminated,37.0,23000.0,1993.0,Red Cross,Free,31.0,Motorized Pump,"(-18.79964383165376, 28.383999870456964)",Not Functioning
,,Clean,46.0,23000.0,1991.0,USAID,Free,33.0,Solar Pump,"(-19.23032064333696, 27.41868410536246)",Not Functioning
WP274,Well,Contaminated,36.0,19000.0,1999.0,Red Cross,,25.0,Solar Pump,,Not Functioning
,Well,Contaminated,41.0,25000.0,2014.0,,,10.0,Solar Pump,"(-22.188402517798757, 25.265819741295097)",Not Functioning
WP276,River,Clean,41.0,25000.0,2004.0,USAID,Free,20.0,Motorized Pump,"(-23.013224305932223, 24.699406446200364)",Not Functioning
WP277,Well,Contaminated,35.0,21000.0,2001.0,Red Cross,Free,23.0,Solar Pump,"(-19.034201824698492, 26.958604663911345)",Not Functioning
WP278,Well,Contaminated,43.0,25000.0,2006.0,USAID,Free,,Motorized Pump,"(-18.644922438771548, 25.663602593031854)",Not Functioning
WP279,Well,Contaminated,38.0,22000.0,1993.0,Red Cross,Free,31.0,Motorized Pump,,Not Functioning
WP280,Well,Contaminated,,22000.0,2015.0,Oxfam,,9.0,Motorized Pump,"(-23.354146539123303, 22.724272934256128)",
,Well,Contaminated,,25000.0,2017.0,USAID,Free,7.0,Solar Pump,,Not Functioning
WP282,Lake,Clean,39.0,22000.0,1995.0,USAID,,29.0,Motorized Pump,"(-18.107473417271535, 27.741822455410013)",Not Functioning
WP283,Lake,Contaminated,,21000.0,2017.0,Red Cross,Free,7.0,Solar Pump,"(-22.58417217469958, 20.936153214992952)",
WP284,Well,,51.0,23000.0,2006.0,Red Cross,Free,,Hand Pump,"(-21.194899448008506, 23.239039377609437)",Functioning
WP285,,Clean,40.0,25000.0,2017.0,Oxfam,Free,,Motorized Pump,"(-23.148431133752712, 22.191544262343584)",Not Functioning
WP286,Well,Contaminated,42.0,25000.0,2013.0,,Free,11.0,Solar Pump,"(-19.01257144314232, 26.79579318629179)",Not Functioning
WP287,Well,,,23000.0,2013.0,USAID,Pay per use,11.0,Solar Pump,"(-21.84373490861702, 25.379171669976486)",Not Functioning
WP288,,Contaminated,27.0,28000.0,2007.0,Red Cross,,17.0,Hand Pump,"(-21.57407115843623, 23.597842133366917)",Not Functioning
WP289,Well,Contaminated,41.0,26000.0,2017.0,,,7.0,Solar Pump,"(-21.56719499770838, 19.516233652226237)",
WP290,Well,Clean,,26000.0,1992.0,USAID,Free,32.0,Hand Pump,,Not Functioning
WP291,Well,Contaminated,33.0,24000.0,2005.0,USAID,Free,,Motorized Pump,"(-21.39373299693541, 23.2409679626194)",Functioning
WP292,Lake,Contaminated,,25000.0,2006.0,,Free,,Motorized Pump,"(-23.539395794653267, 26.792437483739253)",Not Functioning
WP293,Borehole,Contaminated,39.0,21000.0,2013.0,Red Cross,Pay per use,11.0,,"(-18.2174929705238, 27.46749038742366)",Not Functioning
WP294,,Contaminated,33.0,20000.0,2019.0,Red Cross,Free,5.0,,"(-23.35907968100082, 27.772176128725956)",Not Functioning
,Well,Contaminated,38.0,28000.0,1992.0,Red Cross,,32.0,Motorized Pump,"(-21.17005634254111, 21.70660121148918)",Not Functioning
WP296,Borehole,Contaminated,,25000.0,2006.0,,Free,,,"(-21.41177131607949, 21.760823828972228)",Functioning
WP297,Borehole,Clean,,20000.0,1999.0,Red Cross,,25.0,Solar Pump,"(-20.753173055005057, 27.79437093644018)",Not Functioning
WP298,Well,Contaminated,,22000.0,2001.0,,Free,23.0,Motorized Pump,"(-23.35147828740647, 20.506031990947488)",Not Functioning
WP299,Well,Clean,41.0,21000.0,2017.0,Red Cross,Free,7.0,Solar Pump,"(-21.23308558553105, 26.900728269609353)",Not Functioning
WP300,Well,Contaminated,46.0,21000.0,,Red Cross,Free,20.0,Solar Pump,"(-19.713909307361213, 25.846689229220033)",Not Functioning
WP301,Well,Contaminated,49.0,21000.0,,Red Cross,Free,5.0,Solar Pump,"(-22.40100605271728, 22.739390793019076)",Not Functioning
WP302,,Contaminated,34.0,25000.0,1999.0,Red Cross,Pay per use,25.0,Motorized Pump,"(-18.134259881550335, 24.231520134203425)",Not Functioning
WP303,Well,,36.0,26000.0,2018.0,Red Cross,Free,6.0,Motorized Pump,"(-19.04174372219984, 24.049093397799638)",Not Functioning
WP304,Well,Clean,49.0,22000.0,,,Free,10.0,,"(-20.741924888112965, 27.80319873603607)",Not Functioning
WP305,,Contaminated,37.0,27000.0,2001.0,USAID,Free,23.0,Motorized Pump,"(-19.063942859951226, 25.10427921799456)",Not Functioning
WP306,Well,Clean,58.0,23000.0,2012.0,Oxfam,Pay per use,12.0,Hand Pump,"(-21.917377294300596, 21.802424601318325)",Functioning
WP307,,,37.0,27000.0,,UNICEF,Free,33.0,Solar Pump,,Functioning
WP308,,,51.0,24000.0,2016.0,Oxfam,Pay per use,8.0,Solar Pump,"(-19.509178753187694, 26.279120497845163)",Not Functioning
WP309,Well,Contaminated,,26000.0,2000.0,Red Cross,,24.0,Solar Pump,"(-21.868388464817862, 26.028380736073174)",Not Functioning
WP310,Well,,49.0,27000.0,2009.0,Red Cross,Pay per use,,Solar Pump,"(-22.38965055952358, 24.3830482328847)",Not Functioning
WP311,Well,Contaminated,48.0,27000.0,,Red Cross,Free,13.0,,"(-20.788123272218904, 25.914241144018206)",
WP312,River,Contaminated,41.0,21000.0,2016.0,USAID,Free,8.0,Motorized Pump,"(-20.680294170480845, 24.88383880584479)",
WP313,Well,Clean,39.0,26000.0,2001.0,,Pay per use,23.0,Motorized Pump,"(-18.243083182529894, 26.82213968799309)",Functioning
WP314,,Contaminated,51.0,20000.0,1994.0,Red Cross,Free,,Motorized Pump,"(-21.59481671116242, 24.710850328183668)",Functioning
WP315,,Clean,46.0,21000.0,2007.0,USAID,Pay per use,17.0,Motorized Pump,"(-19.726899820967617, 26.014862458707334)",Not Functioning
WP316,Lake,Contaminated,50.0,,2008.0,USAID,Free,16.0,Motorized Pump,"(-23.23006862374608, 24.122228855931965)",Not Functioning
WP317,Lake,Contaminated,,23000.0,2020.0,Red Cross,Free,4.0,Solar Pump,"(-22.43528651875086, 21.89553070829469)",Not Functioning
WP318,Lake,Clean,49.0,24000.0,2017.0,USAID,Pay per use,7.0,Motorized Pump,"(-19.996373420491867, 25.819130182788665)",Not Functioning
WP319,Lake,Contaminated,35.0,24000.0,1996.0,Oxfam,Free,,Solar Pump,"(-19.487537243767083, 28.137585415504507)",Not Functioning
WP320,Well,,35.0,19000.0,1998.0,USAID,Free,26.0,Hand Pump,"(-20.816673865410227, 22.319156449353812)",Not Functioning
,Lake,Contaminated,45.0,23000.0,,Oxfam,Free,18.0,Motorized Pump,"(-18.31123159546315, 24.007767537988425)",Not Functioning
,Borehole,Contaminated,38.0,26000.0,,Red Cross,Pay per use,,,,Not Functioning
WP323,Well,Clean,50.0,24000.0,2005.0,Red Cross,Free,19.0,Motorized Pump,,Not Functioning
WP324,Lake,Contaminated,36.0,25000.0,2008.0,Red Cross,Free,16.0,Motorized Pump,"(-18.62281893936393, 24.284687349843963)",Not Functioning
WP325,,Contaminated,35.0,21000.0,2000.0,Red Cross,Free,24.0,Solar Pump,"(-20.135259443958585, 26.916863661633897)",Not Functioning
WP326,Well,Contaminated,35.0,23000.0,2009.0,Red Cross,Free,15.0,Motorized Pump,"(-18.510752156736963, 20.89445594144843)",Not Functioning
WP327,Well,Contaminated,48.0,27000.0,1990.0,USAID,,34.0,Hand Pump,,Functioning
WP328,Well,Clean,50.0,23000.0,2005.0,,Free,,Solar Pump,"(-22.206672606554044, 22.23252798780805)",Not Functioning
WP329,Well,Contaminated,44.0,24000.0,,Red Cross,Pay per use,,Solar Pump,"(-23.260731754377055, 26.68321840108939)",Not Functioning
,,,49.0,27000.0,2003.0,Red Cross,Free,21.0,Motorized Pump,"(-23.91877534090275, 19.456871913742592)",Not Functioning
,,Contaminated,,28000.0,2001.0,USAID,Free,23.0,Motorized Pump,"(-20.61645994289092, 21.137173307791954)",Not Functioning
WP332,Well,Clean,32.0,26000.0,2001.0,,Free,23.0,,"(-20.96875487001242, 26.485321032514538)",Not Functioning
WP333,Well,,49.0,25000.0,,Red Cross,Pay per use,13.0,Hand Pump,"(-21.985816313934972, 19.06387569263736)",Functioning
WP334,Well,Clean,53.0,22000.0,2008.0,Red Cross,Pay per use,16.0,Solar Pump,"(-23.77719864950612, 20.401470223769245)",Not Functioning
WP335,Borehole,Contaminated,41.0,22000.0,1995.0,Oxfam,Free,29.0,,"(-21.165807114949374, 24.98890279624388)",Not Functioning
WP336,Well,Contaminated,40.0,23000.0,2014.0,USAID,Pay per use,,,,
WP337,Lake,Clean,50.0,28000.0,1998.0,Red Cross,,26.0,Motorized Pump,"(-20.61698128253435, 20.637616331324256)",Not Functioning
WP338,Borehole,Contaminated,42.0,23000.0,2005.0,,Pay per use,19.0,Motorized Pump,,Functioning
WP339,Borehole,Contaminated,40.0,21000.0,2017.0,USAID,Free,7.0,Solar Pump,"(-18.925331581335097, 26.0129628196893)",Not Functioning
WP340,River,Contaminated,46.0,25000.0,,USAID,Free,11.0,Motorized Pump,,
,Lake,Contaminated,30.0,23000.0,2016.0,Oxfam,Free,8.0,Motorized Pump,"(-17.611569813084266, 25.21126776488636)",Not Functioning
,Well,Contaminated,47.0,24000.0,1998.0,Red Cross,Pay per use,26.0,Solar Pump,"(-19.047715103839653, 23.546158331160342)",Not Functioning
WP343,Well,Contaminated,36.0,15000.0,2018.0,,Free,6.0,,"(-22.71113034233923, 21.345331856821687)",Not Functioning
WP344,,Contaminated,,22000.0,1999.0,Red Cross,Free,25.0,Motorized Pump,"(-22.780542276895623, 21.998235089887757)",Not Functioning
,Lake,Contaminated,46.0,26000.0,2020.0,USAID,,4.0,Motorized Pump,"(-20.581117434287734, 23.30505652333686)",Not Functioning
WP346,Well,Contaminated,42.0,23000.0,1992.0,,Free,32.0,Motorized Pump,"(-21.596524772926642, 21.396108459608627)",Not Functioning
,Lake,Contaminated,48.0,21000.0,1998.0,USAID,,,Motorized Pump,"(-22.89054821582792, 21.172564874820527)",Not Functioning
WP348,Well,Contaminated,34.0,27000.0,2014.0,Red Cross,,10.0,,"(-22.406578007790827, 28.191036290453866)",Not Functioning
,Well,Contaminated,46.0,25000.0,,Oxfam,Pay per use,12.0,Motorized Pump,,Functioning
WP350,,Clean,37.0,18000.0,1990.0,Oxfam,Free,34.0,Motorized Pump,,Not Functioning
WP351,Lake,Contaminated,41.0,22000.0,1990.0,,Free,34.0,Motorized Pump,"(-22.643834087557057, 22.63016593935195)",Not Functioning
,,Contaminated,25.0,27000.0,2014.0,USAID,Free,10.0,Motorized Pump,"(-21.132166622245297, 26.02475972970084)",Not Functioning
WP353,Well,Contaminated,53.0,,2009.0,USAID,Free,15.0,Solar Pump,"(-21.405268409699463, 22.98984978860006)",Not Functioning
WP354,Well,Clean,39.0,,2017.0,Oxfam,Free,7.0,,"(-21.224504706861744, 19.235945202432056)",Functioning
WP355,Well,Clean,37.0,23000.0,2017.0,USAID,Free,7.0,Motorized Pump,"(-22.425690209397317, 21.88387753366018)",Not Functioning
WP356,Well,Clean,43.0,23000.0,,Red Cross,Pay per use,27.0,,"(-17.773391118637832, 26.709110231948106)",
WP357,Borehole,Contaminated,39.0,27000.0,1991.0,Red Cross,Pay per use,33.0,Motorized Pump,"(-20.47627085158688, 22.570966716519653)",
WP358,Well,Contaminated,30.0,17000.0,2003.0,Red Cross,Free,21.0,Motorized Pump,"(-20.538940085324317, 24.66445898830313)",Not Functioning
WP359,Well,Clean,,24000.0,1995.0,Oxfam,,29.0,Hand Pump,"(-22.993399865259164, 21.40991609335221)",Functioning
WP360,Lake,Clean,45.0,22000.0,,Red Cross,,16.0,Motorized Pump,"(-22.101735330604082, 25.331393211998567)",Not Functioning
WP361,,,36.0,25000.0,1995.0,Red Cross,Free,,Motorized Pump,"(-23.370602665865306, 26.572350731791822)",Not Functioning
WP362,Well,Contaminated,41.0,23000.0,2004.0,USAID,Free,,Solar Pump,,Functioning
,River,,,28000.0,1992.0,Oxfam,Free,32.0,Motorized Pump,"(-23.141221244997453, 27.870107468778638)",
WP364,Well,Contaminated,39.0,20000.0,2011.0,USAID,Pay per use,13.0,Motorized Pump,"(-18.719586849711256, 21.194673134537037)",Functioning
WP365,,,46.0,24000.0,,USAID,Free,23.0,Motorized Pump,,Not Functioning
WP366,Lake,Contaminated,37.0,25000.0,1990.0,USAID,Pay per use,34.0,Motorized Pump,"(-23.935856866091246, 26.932258978008466)",Not Functioning
WP367,Well,,47.0,21000.0,1995.0,Red Cross,Pay per use,29.0,Motorized Pump,"(-23.375447820579375, 20.749666468619083)",Not Functioning
WP368,Well,,43.0,26000.0,2014.0,USAID,Free,10.0,,"(-18.511165275669086, 26.5537595775264)",Not Functioning
WP369,Well,Contaminated,35.0,25000.0,2008.0,UNICEF,,16.0,Motorized Pump,"(-20.15615412114261, 27.772439781114553)",Functioning
WP370,Well,Contaminated,47.0,23000.0,2003.0,USAID,Pay per use,21.0,Motorized Pump,"(-18.974740509763212, 26.41358423100727)",Not Functioning
,,Contaminated,52.0,24000.0,,,Pay per use,18.0,Motorized Pump,"(-21.693595957039868, 21.158278566287706)",Functioning
WP372,Well,Clean,33.0,29000.0,2015.0,Red Cross,Free,9.0,Hand Pump,,Not Functioning
WP373,Well,Clean,39.0,25000.0,2016.0,Red Cross,Free,8.0,Solar Pump,"(-18.736676626492848, 24.232865943528356)",Not Functioning
WP374,Well,Contaminated,33.0,18000.0,2000.0,Red Cross,Pay per use,24.0,Motorized Pump,"(-18.169254792591765, 28.210519691609242)",Not Functioning
WP375,Well,Contaminated,46.0,,2010.0,USAID,Free,14.0,Motorized Pump,"(-22.920773805519154, 20.346116284353872)",Functioning
WP376,Well,Contaminated,36.0,28000.0,,Red Cross,Free,21.0,Motorized Pump,"(-22.754205641928536, 19.891714264790828)",Functioning
WP377,,Contaminated,42.0,,2019.0,Red Cross,Pay per use,5.0,,"(-22.92889783302201, 21.32361205805572)",Not Functioning
WP378,Well,Clean,43.0,25000.0,2002.0,Red Cross,Free,22.0,Motorized Pump,"(-21.712822845356563, 27.12464129455011)",Not Functioning
WP379,Well,,35.0,24000.0,2004.0,,Free,20.0,Motorized Pump,"(-21.01843853549118, 26.425982224694877)",Not Functioning
WP380,Well,,40.0,20000.0,2019.0,USAID,Pay per use,5.0,Hand Pump,"(-20.069337284851734, 24.26295493780924)",Functioning
WP381,Well,Contaminated,38.0,23000.0,2007.0,Red Cross,Free,17.0,,"(-18.7385321012201, 27.10592919032675)",Not Functioning
,Well,Clean,42.0,24000.0,,,Pay per use,,,,Not Functioning
WP383,Well,Contaminated,44.0,,2007.0,USAID,Free,17.0,Solar Pump,"(-18.353833517032836, 26.302965370761353)",Not Functioning
WP384,Well,Contaminated,41.0,25000.0,1995.0,UNICEF,Free,29.0,Motorized Pump,"(-19.666627113723763, 28.598044611744)",Not Functioning
WP385,Well,Clean,45.0,21000.0,2016.0,Red Cross,Pay per use,8.0,Motorized Pump,"(-18.379692688597565, 26.284500349131562)",Not Functioning
WP386,,Contaminated,40.0,28000.0,2006.0,UNICEF,Pay per use,18.0,Solar Pump,"(-21.47052876946732, 21.182761972995298)",Not Functioning
WP387,Borehole,Contaminated,32.0,21000.0,2019.0,USAID,Free,5.0,Solar Pump,"(-22.736290511691042, 22.505771677147948)",Not Functioning
WP388,Well,Contaminated,49.0,19000.0,2004.0,Oxfam,Free,20.0,Motorized Pump,"(-20.556581654158244, 24.412666816601792)",Not Functioning
WP389,,Contaminated,39.0,24000.0,1997.0,Red Cross,Free,27.0,Motorized Pump,"(-19.267039974961904, 24.82082347707625)",Not Functioning
WP390,Well,,,19000.0,1997.0,USAID,,,Motorized Pump,"(-21.82137798344055, 25.214357904486665)",Functioning
WP391,Well,Contaminated,41.0,24000.0,,USAID,Pay per use,21.0,Solar Pump,"(-19.101577350517417, 24.997105305336817)",Not Functioning
WP392,Well,Clean,46.0,,2010.0,Red Cross,Pay per use,,Solar Pump,"(-23.0979181213089, 19.621793922872868)",Not Functioning
WP393,River,,46.0,25000.0,2009.0,Red Cross,Pay per use,15.0,Solar Pump,,Not Functioning
WP394,Lake,Contaminated,45.0,18000.0,2007.0,,,17.0,Motorized Pump,"(-21.881874287431245, 26.15694848665753)",Not Functioning
WP395,Well,Contaminated,,23000.0,1999.0,Red Cross,Free,25.0,Solar Pump,"(-22.951405462410307, 22.00223117937946)",Not Functioning
WP396,Borehole,Contaminated,33.0,17000.0,1991.0,USAID,Free,33.0,Solar Pump,"(-20.970797679442477, 19.36613004840954)",Not Functioning
,Borehole,,,22000.0,2013.0,UNICEF,Free,11.0,Motorized Pump,"(-23.609817135446953, 19.314099753025307)",Not Functioning
WP398,Well,Contaminated,40.0,24000.0,2005.0,Red Cross,Free,19.0,Motorized Pump,"(-20.239866699316714, 25.697562257007093)",Not Functioning
WP399,,Contaminated,46.0,20000.0,1998.0,USAID,Free,,Motorized Pump,"(-22.462046139998254, 26.734636717277148)",Not Functioning
,Well,Contaminated,32.0,26000.0,1995.0,Red Cross,Free,29.0,Hand Pump,,Not Functioning
WP401,Lake,Contaminated,36.0,21000.0,2014.0,Red Cross,Free,10.0,,"(-20.12910888277925, 19.956240636778084)",Not Functioning
WP402,Lake,Contaminated,35.0,22000.0,2001.0,USAID,Free,23.0,Solar Pump,"(-21.12577441116992, 24.69747788147796)",Not Functioning
WP403,Lake,Clean,39.0,,,Red Cross,Pay per use,10.0,Solar Pump,"(-19.368118313836998, 27.794546930114212)",Not Functioning
WP404,Well,Contaminated,34.0,23000.0,2019.0,Red Cross,Pay per use,5.0,Motorized Pump,,Not Functioning
WP405,,Clean,41.0,,2019.0,Red Cross,Free,5.0,Hand Pump,"(-22.030650516353933, 20.52538737887151)",Functioning
,Borehole,Clean,31.0,24000.0,2010.0,Red Cross,Pay per use,14.0,Motorized Pump,"(-21.211034748499046, 26.03377765797082)",Not Functioning
WP407,Lake,Contaminated,50.0,27000.0,,UNICEF,Pay per use,34.0,Motorized Pump,"(-21.194603074141607, 21.24990262559718)",Not Functioning
WP408,,Clean,34.0,27000.0,1990.0,Oxfam,Free,34.0,Solar Pump,"(-19.058525008088743, 19.61068074202544)",Not Functioning
,Well,Contaminated,43.0,23000.0,2017.0,Red Cross,Pay per use,7.0,Solar Pump,"(-21.545861842912217, 26.127096098432467)",Not Functioning
,Well,,23.0,20000.0,1997.0,Red Cross,Free,,Solar Pump,"(-22.982625832593882, 25.8254297898622)",
WP411,River,Clean,38.0,22000.0,2015.0,USAID,Free,9.0,Solar Pump,"(-18.965961958852787, 21.759840687358327)",Functioning
WP412,Lake,Contaminated,40.0,,,Red Cross,Pay per use,22.0,Motorized Pump,"(-17.862200749149267, 19.709739867028603)",
WP413,Well,Contaminated,33.0,25000.0,2001.0,Red Cross,Free,23.0,,"(-21.731086877359157, 21.12240111174835)",Not Functioning
WP414,River,Contaminated,,22000.0,,Red Cross,Pay per use,4.0,Solar Pump,"(-21.60971491214337, 20.269728032694413)",Not Functioning
WP415,Borehole,Contaminated,41.0,,2003.0,Oxfam,Free,21.0,Motorized Pump,"(-22.6027936066593, 23.674264137896373)",Functioning
WP416,Lake,Contaminated,49.0,24000.0,2011.0,UNICEF,Free,13.0,Motorized Pump,"(-20.59961259279514, 21.122616401906715)",Not Functioning
WP417,Well,Clean,42.0,21000.0,2016.0,Red Cross,Free,8.0,Motorized Pump,,Not Functioning
WP418,Well,Clean,41.0,16000.0,2001.0,Oxfam,Pay per use,23.0,Solar Pump,"(-22.03511129634494, 26.75284093859606)",
WP419,,Contaminated,46.0,30000.0,2012.0,Red Cross,Pay per use,12.0,Motorized Pump,"(-21.499024353325414, 25.745337969109627)",Not Functioning
,Well,Contaminated,39.0,27000.0,1998.0,Red Cross,Pay per use,26.0,Hand Pump,"(-20.926031277302442, 21.453081381138677)",Functioning
WP421,Lake,Contaminated,,24000.0,2017.0,UNICEF,Free,7.0,Hand Pump,"(-19.445819518513193, 24.839071675110446)",Not Functioning
WP422,River,Contaminated,39.0,26000.0,,Red Cross,,12.0,Motorized Pump,,Not Functioning
WP423,Borehole,Contaminated,44.0,25000.0,2020.0,Red Cross,Free,,Motorized Pump,"(-23.347633609000827, 22.946048224701883)",Not Functioning
WP424,Well,Contaminated,,23000.0,2019.0,,Free,5.0,,"(-20.989304133682637, 25.97057153704188)",Not Functioning
WP425,Lake,Contaminated,38.0,22000.0,1997.0,Red Cross,Pay per use,27.0,Motorized Pump,"(-21.68822511776266, 25.42532222096583)",Not Functioning
WP426,Borehole,Contaminated,44.0,21000.0,1997.0,USAID,Pay per use,27.0,Motorized Pump,"(-20.216080200755286, 27.296771612299924)",Not Functioning
WP427,,Clean,,26000.0,1992.0,Red Cross,,32.0,Motorized Pump,,Functioning
WP428,River,,44.0,19000.0,1992.0,Red Cross,Pay per use,32.0,Motorized Pump,"(-22.73373851983529, 21.94203350675006)",Not Functioning
WP429,Well,Contaminated,44.0,22000.0,1998.0,Red Cross,Free,,Solar Pump,"(-21.180354332610484, 22.665988723131598)",Not Functioning
WP430,Well,Contaminated,50.0,25000.0,1997.0,USAID,Free,27.0,Motorized Pump,"(-18.46287382748838, 21.261033567009747)",Functioning
WP431,,Clean,43.0,26000.0,1997.0,Red Cross,,27.0,Motorized Pump,"(-20.853520413861876, 27.944784593263076)",Not Functioning
WP432,Well,Contaminated,,21000.0,2007.0,,Free,17.0,Motorized Pump,"(-22.317882396710896, 22.38379300909438)",Not Functioning
WP433,River,Clean,38.0,27000.0,2003.0,USAID,Pay per use,,Motorized Pump,,Not Functioning
WP434,Borehole,,46.0,24000.0,1997.0,USAID,,27.0,Motorized Pump,,Functioning
WP435,Well,,40.0,23000.0,2011.0,USAID,Free,13.0,Solar Pump,"(-23.32372721652911, 21.271530401456825)",Not Functioning
,Lake,Contaminated,44.0,23000.0,1995.0,USAID,Free,,Motorized Pump,"(-18.700173674242368, 24.389811035143524)",Not Functioning
WP437,Lake,Contaminated,39.0,24000.0,,Red Cross,Free,30.0,Solar Pump,"(-23.941461990974904, 21.745206739007287)",Not Functioning
,,,42.0,24000.0,1997.0,USAID,Free,27.0,,"(-18.987028704723585, 24.777516037255424)",Not Functioning
WP439,Lake,Clean,34.0,22000.0,2007.0,,Free,17.0,Solar Pump,"(-23.723973980678895, 20.337670728677594)",Not Functioning
WP440,,,40.0,24000.0,1991.0,USAID,,33.0,,"(-21.640849050278387, 26.954463760137596)",
WP441,Lake,Contaminated,47.0,25000.0,,UNICEF,Pay per use,32.0,Solar Pump,"(-18.08143950402416, 27.383096551084602)",Not Functioning
WP442,Lake,Contaminated,,30000.0,1995.0,USAID,Free,29.0,Solar Pump,"(-22.23212470613108, 20.438975065523614)",Not Functioning
WP443,Well,Contaminated,50.0,27000.0,1990.0,UNICEF,Pay per use,34.0,Motorized Pump,"(-21.19475682985441, 24.29966309831559)",Not Functioning
WP444,Lake,Contaminated,38.0,26000.0,2019.0,Red Cross,Free,,Motorized Pump,"(-23.00272848649165, 25.659162507079174)",Not Functioning
WP445,,Contaminated,,,2010.0,Red Cross,Pay per use,14.0,,"(-20.8842574271527, 21.10382311895611)",Not Functioning
,Well,Contaminated,48.0,25000.0,1991.0,,Pay per use,33.0,,"(-18.24695864983694, 24.128005218881892)",Not Functioning
,Lake,Clean,39.0,20000.0,1999.0,Red Cross,Free,25.0,Motorized Pump,"(-23.316743553282045, 22.878829376263873)",Not Functioning
WP448,Well,Contaminated,35.0,22000.0,2002.0,Oxfam,,,Solar Pump,,Not Functioning
WP449,Well,Contaminated,48.0,28000.0,1998.0,UNICEF,Free,26.0,Solar Pump,"(-21.380573634024273, 27.332431928956705)",Not Functioning
WP450,Well,Contaminated,35.0,18000.0,,Red Cross,Free,,Motorized Pump,"(-20.56447613260169, 26.195157518690834)",Functioning
WP451,Well,,32.0,23000.0,2017.0,USAID,Free,7.0,Motorized Pump,"(-18.919521176798494, 26.870921303267846)",Not Functioning
WP452,River,Contaminated,,24000.0,1992.0,Red Cross,Free,32.0,Hand Pump,"(-20.356130521240086, 23.423147755294863)",Functioning
WP453,Well,Contaminated,37.0,23000.0,1999.0,Red Cross,Free,25.0,Solar Pump,"(-19.34113044924495, 26.93183904141776)",Not Functioning
,Well,Contaminated,39.0,25000.0,2007.0,UNICEF,,17.0,Motorized Pump,,Functioning
WP455,Lake,Clean,33.0,,2002.0,USAID,Free,22.0,Motorized Pump,"(-18.810767786407084, 28.331039711784953)",Not Functioning
WP456,Well,,46.0,22000.0,2000.0,Oxfam,Free,24.0,,"(-21.381485395988364, 22.95952738374737)",Not Functioning
WP457,,Clean,38.0,19000.0,2001.0,Red Cross,Free,,Solar Pump,"(-18.872455134273714, 24.361867822622347)",Not Functioning
WP458,Lake,Contaminated,,23000.0,2005.0,Red Cross,Free,19.0,Motorized Pump,"(-22.64059680107098, 26.016808187183216)",Not Functioning
,Lake,Contaminated,51.0,24000.0,2020.0,Red Cross,,4.0,Motorized Pump,"(-22.750406604214103, 22.087347659000187)",Not Functioning
WP460,Well,,43.0,22000.0,2005.0,Oxfam,Free,19.0,Solar Pump,"(-20.814133775678222, 26.030323669713987)",Not Functioning
,Lake,Contaminated,39.0,26000.0,2001.0,Red Cross,,23.0,Solar Pump,"(-20.380712210160095, 25.395879848618428)",Not Functioning
WP462,Well,Contaminated,40.0,21000.0,2017.0,Red Cross,Free,7.0,Solar Pump,"(-18.65995859671918, 26.573584580413918)",Not Functioning
,Borehole,Contaminated,46.0,23000.0,2013.0,USAID,Free,11.0,Motorized Pump,"(-20.58929807414646, 27.421320369985793)",
WP464,Borehole,,40.0,22000.0,1996.0,Red Cross,Pay per use,28.0,Solar Pump,"(-23.95096044944206, 22.33019144276033)",Not Functioning
,Well,Contaminated,38.0,23000.0,2007.0,,Free,17.0,Hand Pump,"(-20.163021692244925, 22.43408377641186)",Not Functioning
WP466,Well,Contaminated,36.0,21000.0,2005.0,Red Cross,Free,19.0,Solar Pump,"(-21.023385125706767, 21.912564569182557)",Not Functioning
,Well,Contaminated,43.0,27000.0,2019.0,Oxfam,Free,5.0,Motorized Pump,"(-21.703321048046853, 24.036295494830775)",Not Functioning
,Lake,Clean,,27000.0,,USAID,Free,10.0,Motorized Pump,"(-23.959553618980827, 25.691060123493223)",Not Functioning
WP469,Lake,Clean,43.0,23000.0,2015.0,USAID,Free,9.0,Motorized Pump,"(-19.340509231237668, 25.298200250933178)",Not Functioning
,Lake,Clean,32.0,24000.0,2017.0,UNICEF,Pay per use,7.0,Motorized Pump,"(-21.317762139626602, 27.604158297102373)",Not Functioning
WP471,,Contaminated,33.0,18000.0,2008.0,Red Cross,Pay per use,16.0,,"(-17.947479295543673, 28.899720404517247)",Not Functioning
WP472,River,Contaminated,45.0,24000.0,2015.0,Red Cross,Free,9.0,Solar Pump,"(-17.904781105842606, 25.09284683782409)",Not Functioning
WP473,Lake,Contaminated,40.0,26000.0,2019.0,Red Cross,Pay per use,,Solar Pump,"(-21.903657089867828, 22.488462704431083)",Not Functioning
WP474,Well,Clean,50.0,19000.0,2005.0,Red Cross,Free,19.0,Solar Pump,"(-21.924563169245427, 20.316761100120512)",Not Functioning
WP475,Borehole,Clean,47.0,,2015.0,,Pay per use,9.0,Solar Pump,,Not Functioning
,Well,Contaminated,34.0,21000.0,2005.0,Red Cross,Free,19.0,Motorized Pump,"(-17.790486115493767, 26.48808927513436)",
WP477,,Contaminated,45.0,22000.0,,UNICEF,,15.0,Motorized Pump,,Not Functioning
WP478,,Clean,34.0,,2009.0,Red Cross,Pay per use,15.0,Solar Pump,"(-19.710415683778805, 20.415819016496304)",Not Functioning
WP479,Well,Contaminated,39.0,26000.0,2003.0,Oxfam,Pay per use,21.0,,"(-18.943476355638083, 19.16478769462954)",Functioning
WP480,Well,Clean,,21000.0,2003.0,Oxfam,Pay per use,21.0,Motorized Pump,"(-23.512143280683198, 22.208630645085545)",Not Functioning
WP481,,Contaminated,43.0,23000.0,2001.0,,Pay per use,23.0,,"(-19.40395856638255, 26.68306169988393)",Not Functioning
,Well,Contaminated,26.0,23000.0,2017.0,,,7.0,Solar Pump,"(-22.780027768017586, 21.58869884148806)",
,River,Clean,38.0,22000.0,2003.0,USAID,Pay per use,21.0,Motorized Pump,,Not Functioning
WP484,Well,,39.0,24000.0,1999.0,Oxfam,Free,25.0,Solar Pump,"(-19.69925736551289, 21.379561379248674)",
,Well,Clean,39.0,,1998.0,UNICEF,Free,26.0,Motorized Pump,"(-21.824216160162614, 19.556666828507733)",Functioning
WP486,,Contaminated,42.0,,2019.0,Red Cross,Pay per use,5.0,Hand Pump,"(-23.775382609378397, 19.513372201369137)",Not Functioning
WP487,Well,Contaminated,48.0,28000.0,,Red Cross,Free,20.0,Motorized Pump,"(-23.458491862218647, 22.234313204439193)",Functioning
WP488,,Clean,,25000.0,2001.0,USAID,Free,23.0,Hand Pump,"(-23.527035565095904, 26.231691049367313)",Not Functioning
WP489,Borehole,Contaminated,39.0,25000.0,1993.0,,,31.0,,"(-22.47877471188478, 20.25155277711119)",Not Functioning
,Lake,Contaminated,45.0,21000.0,1991.0,World Bank,Pay per use,33.0,,"(-20.655578170472296, 25.841498656075107)",Not Functioning
WP491,Borehole,Contaminated,34.0,25000.0,2018.0,USAID,Pay per use,6.0,,"(-19.722155582750112, 24.427088879618182)",Not Functioning
,Well,Contaminated,46.0,23000.0,2015.0,Oxfam,Free,9.0,Motorized Pump,"(-22.43137251133356, 24.46272694847672)",Not Functioning
WP493,Well,Clean,41.0,,,Red Cross,Free,4.0,Hand Pump,"(-19.435556731697396, 27.38110089972116)",Not Functioning
WP494,Well,Clean,52.0,21000.0,2007.0,UNICEF,,17.0,Solar Pump,"(-19.037458127740535, 26.113686321315317)",Not Functioning
WP495,Well,Contaminated,35.0,,,Red Cross,Free,23.0,Motorized Pump,"(-23.237276451310223, 23.885663742286724)",Not Functioning
WP496,Well,Contaminated,39.0,,,Red Cross,Pay per use,,,"(-19.085093141566723, 27.161209144336837)",Not Functioning
WP497,Well,Contaminated,44.0,21000.0,1998.0,USAID,Free,,Solar Pump,,Not Functioning
WP498,Borehole,Contaminated,43.0,20000.0,1991.0,USAID,Free,33.0,,"(-18.91721740950055, 24.02615673267703)",Not Functioning
WP499,,Contaminated,48.0,28000.0,1997.0,UNICEF,Free,,Motorized Pump,"(-18.958276366321705, 24.977074295801305)",Functioning
WP500,Lake,Contaminated,55.0,25000.0,,Red Cross,,31.0,Solar Pump,"(-20.89432646888368, 27.963302282906067)",Not Functioning
,Lake,Clean,37.0,23000.0,2006.0,UNICEF,Free,18.0,Motorized Pump,"(-20.94102349478392, 23.510138151693702)",Not Functioning
WP502,Well,Contaminated,38.0,22000.0,,Red Cross,Free,22.0,Solar Pump,"(-22.2738657495606, 20.25783733453698)",Not Functioning
WP503,Borehole,Clean,,28000.0,1993.0,USAID,Free,31.0,,"(-21.941230322085495, 21.552164028595502)",Functioning
,Well,Contaminated,,,2005.0,Oxfam,Pay per use,19.0,Motorized Pump,"(-20.74822064415817, 21.97612441129385)",Not Functioning
WP505,Well,Contaminated,36.0,,2018.0,USAID,Free,6.0,Motorized Pump,"(-22.247588892091834, 19.72526884342909)",Functioning
WP506,,Contaminated,39.0,21000.0,2015.0,,Free,9.0,,"(-19.10913910333931, 26.804832434482265)",Not Functioning
,River,Clean,41.0,20000.0,2001.0,Red Cross,Free,23.0,Motorized Pump,"(-21.55219766152223, 25.282664948440765)",Functioning
WP508,Borehole,Contaminated,32.0,26000.0,1993.0,Red Cross,,31.0,,"(-19.522643484100733, 26.051886456851804)",Not Functioning
,Lake,Contaminated,33.0,23000.0,2008.0,Red Cross,Free,16.0,Motorized Pump,"(-23.013563987027222, 21.311794510298117)",Not Functioning
WP510,Well,,34.0,25000.0,1993.0,World Bank,Free,31.0,Motorized Pump,"(-21.14667036615398, 19.953221809388246)",Not Functioning
WP511,Lake,Contaminated,46.0,24000.0,2006.0,Oxfam,Free,,Solar Pump,"(-21.151781950780386, 26.07975426359783)",Not Functioning
WP512,Borehole,Contaminated,39.0,24000.0,2017.0,,Free,7.0,Motorized Pump,,Not Functioning
WP513,Well,Clean,,26000.0,2008.0,Red Cross,Pay per use,16.0,Solar Pump,"(-20.73024429140933, 19.013133494368862)",Not Functioning
WP514,Well,Contaminated,37.0,28000.0,2016.0,Oxfam,Pay per use,8.0,Solar Pump,"(-23.545443864370736, 20.368151380757617)",Not Functioning
WP515,,Clean,48.0,21000.0,2019.0,Red Cross,Free,,Solar Pump,"(-17.607800378944418, 28.544471146744133)",Not Functioning
WP516,Well,Contaminated,45.0,24000.0,2002.0,Red Cross,Pay per use,22.0,Motorized Pump,"(-17.566631777467922, 24.372115913133428)",Functioning
WP517,Well,Clean,32.0,22000.0,2006.0,USAID,Free,18.0,Motorized Pump,"(-22.87541182168853, 20.85903089638547)",Not Functioning
WP518,Lake,Clean,,,1996.0,World Bank,,28.0,Motorized Pump,"(-20.868956898123752, 26.29511902641441)",Not Functioning
WP519,Well,Contaminated,32.0,25000.0,1991.0,Red Cross,Free,33.0,Solar Pump,"(-22.438438217664697, 22.222994679429135)",Not Functioning
WP520,Lake,Contaminated,,28000.0,2004.0,USAID,Free,20.0,Solar Pump,"(-22.867835304060502, 25.953092559951564)",Not Functioning
WP521,,Clean,47.0,24000.0,,Red Cross,Free,,Hand Pump,"(-19.62609730601343, 24.885268012715944)",Not Functioning
,,Contaminated,57.0,27000.0,1994.0,Oxfam,Pay per use,30.0,Motorized Pump,"(-18.639616739990124, 25.3473353811886)",Not Functioning
WP523,,Contaminated,40.0,27000.0,2005.0,Red Cross,Pay per use,19.0,Motorized Pump,"(-20.881130984525086, 26.12422179680249)",Not Functioning
WP524,Well,Contaminated,55.0,28000.0,2011.0,UNICEF,Free,13.0,Motorized Pump,,Functioning
WP525,Lake,Contaminated,30.0,24000.0,1995.0,UNICEF,Free,29.0,Solar Pump,"(-23.54694534892982, 21.01672331869593)",Not Functioning
WP526,Lake,Contaminated,40.0,24000.0,2010.0,UNICEF,Free,14.0,Hand Pump,"(-21.12332517273959, 22.862958949441747)",Not Functioning
WP527,Well,Clean,39.0,24000.0,,Oxfam,,6.0,Motorized Pump,,Not Functioning
,Borehole,Clean,33.0,26000.0,2018.0,UNICEF,,6.0,,,Not Functioning
,Well,Clean,48.0,27000.0,2010.0,Oxfam,,14.0,Solar Pump,,Not Functioning
WP530,Lake,Contaminated,29.0,22000.0,2007.0,,Pay per use,,Hand Pump,"(-19.63046145993001, 27.23781803409198)",Not Functioning
,,,56.0,22000.0,1992.0,USAID,Free,32.0,Solar Pump,"(-21.780655842417115, 26.282810783028904)",Not Functioning
WP532,Lake,Contaminated,,25000.0,2003.0,Red Cross,Free,21.0,Motorized Pump,"(-18.755538360327677, 25.88684810588652)",Not Functioning
WP533,Well,Contaminated,,26000.0,1990.0,Red Cross,Free,34.0,Solar Pump,"(-18.57197744971136, 25.720023447317846)",Not Functioning
WP534,Well,Contaminated,48.0,28000.0,2001.0,Red Cross,Free,23.0,,"(-20.482166940241125, 26.808175438060758)",Not Functioning
WP535,Well,Clean,42.0,19000.0,2006.0,Red Cross,Free,,,"(-23.38699178119643, 20.990310082478672)",
,Lake,Contaminated,59.0,20000.0,1990.0,,Pay per use,34.0,Motorized Pump,"(-21.94726910391452, 23.795753309122773)",
,River,Contaminated,39.0,,1995.0,USAID,Free,29.0,Motorized Pump,"(-18.496148596425343, 26.68933302797789)",Not Functioning
WP538,Borehole,Contaminated,39.0,23000.0,2001.0,USAID,Pay per use,23.0,Motorized Pump,"(-21.675800225252857, 27.02884237598571)",Functioning
WP539,Well,,42.0,31000.0,2015.0,Oxfam,Free,9.0,,"(-17.671208929168568, 24.729315865404192)",Not Functioning
WP540,Lake,Contaminated,38.0,25000.0,1993.0,UNICEF,Free,31.0,Motorized Pump,"(-19.916743043030127, 25.712537386829887)",Not Functioning
,Borehole,Contaminated,40.0,23000.0,1998.0,USAID,Pay per use,26.0,Motorized Pump,"(-18.932598914179383, 27.242336475642695)",Functioning
,Lake,Contaminated,,22000.0,2015.0,Red Cross,Free,9.0,,"(-19.427155348532644, 27.538648569330093)",Not Functioning
WP543,Well,Contaminated,48.0,21000.0,2012.0,Red Cross,Pay per use,12.0,Motorized Pump,"(-21.129345025741294, 22.61493957842815)",Functioning
,Borehole,Clean,33.0,26000.0,1990.0,USAID,Pay per use,34.0,Motorized Pump,"(-21.140940115098907, 21.544300309610453)",Not Functioning
WP545,Lake,Contaminated,43.0,22000.0,1997.0,Red Cross,Pay per use,,Solar Pump,"(-22.765984036482482, 22.583113150207918)",Not Functioning
WP546,Well,Contaminated,,22000.0,,USAID,Free,6.0,Solar Pump,"(-21.197070454876204, 25.596187289924256)",Not Functioning
WP547,Well,Clean,,22000.0,,Oxfam,,8.0,Motorized Pump,"(-21.42906811039332, 20.831729814557146)",Not Functioning
,Well,Contaminated,,30000.0,1996.0,,Free,28.0,Motorized Pump,"(-18.807759329834564, 24.196776117608316)",Not Functioning
WP549,Well,Contaminated,41.0,25000.0,2020.0,UNICEF,Free,4.0,Hand Pump,,Functioning
WP550,Lake,Clean,33.0,24000.0,2004.0,,Free,20.0,Motorized Pump,"(-21.244720171295665, 22.068470665769397)",
,Lake,Clean,40.0,25000.0,1992.0,Oxfam,Pay per use,,Hand Pump,"(-21.81319804525034, 23.26747381234706)",Not Functioning
WP552,Well,Contaminated,,,1998.0,,,26.0,,,Functioning
WP553,Lake,Contaminated,43.0,22000.0,1995.0,Red Cross,Free,29.0,Solar Pump,"(-19.364759641281708, 19.47822975190242)",Not Functioning
WP554,Lake,Clean,43.0,24000.0,2015.0,Oxfam,,9.0,Hand Pump,,Not Functioning
,Well,Contaminated,35.0,17000.0,,Red Cross,Free,,Motorized Pump,"(-21.99448375532798, 25.915894802783228)",Functioning
WP556,Well,,33.0,21000.0,2019.0,Red Cross,Free,5.0,Motorized Pump,,Not Functioning
WP557,Well,Clean,,23000.0,2014.0,USAID,Free,10.0,Solar Pump,"(-22.428884936299436, 28.38932563398737)",Not Functioning
WP558,River,Clean,37.0,27000.0,2015.0,Red Cross,Free,9.0,Motorized Pump,"(-19.947854506818445, 28.276017830875418)",Not Functioning
,Well,Contaminated,48.0,29000.0,1997.0,USAID,Free,27.0,Motorized Pump,"(-21.70465489196434, 22.875886076031833)",Not Functioning
WP560,Well,Contaminated,35.0,,,Red Cross,Free,16.0,Motorized Pump,"(-19.925703391128447, 28.715297518262894)",Not Functioning
WP561,Borehole,Clean,47.0,26000.0,2006.0,Oxfam,Free,,Motorized Pump,"(-21.729351508452435, 25.26620623668845)",Not Functioning
WP562,Lake,Contaminated,32.0,,1998.0,,Free,26.0,Solar Pump,"(-23.89647246715487, 21.8918250032396)",Not Functioning
,Well,Clean,31.0,27000.0,2008.0,USAID,Free,16.0,Motorized Pump,"(-21.92460687015054, 25.809709192211642)",Functioning
WP564,Borehole,Clean,,21000.0,,USAID,Free,25.0,Hand Pump,"(-21.243579325779027, 24.1860628988567)",
WP565,,Clean,,20000.0,2014.0,Oxfam,Free,10.0,Motorized Pump,"(-18.507986957204636, 27.612769720416672)",Not Functioning
WP566,River,Contaminated,32.0,24000.0,1992.0,Red Cross,,32.0,Motorized Pump,"(-20.89494553805484, 20.022106115504933)",Not Functioning
WP567,Borehole,Contaminated,50.0,23000.0,1991.0,Red Cross,Pay per use,,Motorized Pump,"(-20.29641251882136, 27.26675900009583)",Not Functioning
WP568,Well,Contaminated,56.0,24000.0,1996.0,Red Cross,Free,28.0,Solar Pump,"(-20.12699346919532, 25.723247243607993)",Not Functioning
WP569,Lake,Contaminated,,24000.0,2010.0,UNICEF,Pay per use,14.0,Motorized Pump,,Not Functioning
WP570,Borehole,Clean,46.0,18000.0,,Red Cross,Pay per use,,Motorized Pump,"(-23.505522493575686, 25.628345801522084)",Not Functioning
WP571,Well,Contaminated,41.0,23000.0,2017.0,Red Cross,Free,7.0,Motorized Pump,"(-21.759838558002745, 21.49533495285874)",Not Functioning
WP572,Borehole,Contaminated,,26000.0,2000.0,USAID,,24.0,Motorized Pump,"(-18.34285479817114, 25.91152163527037)",Functioning
,,Clean,36.0,22000.0,1995.0,Oxfam,Free,29.0,Solar Pump,"(-19.61317586451386, 28.958067775712696)",Not Functioning
WP574,,,,23000.0,1995.0,USAID,Free,29.0,Motorized Pump,,Not Functioning
WP575,Well,Clean,42.0,26000.0,2011.0,Red Cross,Free,13.0,Hand Pump,"(-20.679939878372892, 24.983031681889493)",Not Functioning
WP576,Well,Contaminated,40.0,16000.0,2013.0,Red Cross,Pay per use,11.0,Motorized Pump,"(-20.959693318791846, 25.711708071926047)",
WP577,Well,Clean,33.0,26000.0,2019.0,USAID,Free,5.0,,"(-21.545286166892183, 22.218309839794028)",Not Functioning
WP578,Well,Contaminated,34.0,30000.0,1992.0,,Free,32.0,Solar Pump,"(-17.86282484907113, 27.224501560272067)",Not Functioning
WP579,Lake,Contaminated,,25000.0,1994.0,Red Cross,,30.0,,"(-21.006612279962177, 22.441519734166164)",Not Functioning
WP580,Lake,Contaminated,45.0,27000.0,1990.0,Red Cross,Free,,,,Not Functioning
WP581,Well,Clean,40.0,26000.0,,USAID,Free,18.0,Motorized Pump,"(-19.79776779961312, 27.179571088904872)",Not Functioning
WP582,River,Contaminated,36.0,25000.0,2013.0,Red Cross,Free,11.0,,"(-20.691312876135587, 21.06816798196987)",Not Functioning
WP583,Well,Contaminated,31.0,25000.0,,Oxfam,Free,16.0,Motorized Pump,"(-20.522831810623952, 24.41533549370503)",Not Functioning
WP584,Lake,Contaminated,36.0,23000.0,1995.0,Oxfam,Free,29.0,Motorized Pump,"(-22.672770603324572, 23.844075829718825)",Not Functioning
WP585,Lake,Clean,54.0,28000.0,2013.0,,Pay per use,11.0,Motorized Pump,,
WP586,,Contaminated,45.0,22000.0,2011.0,USAID,Free,13.0,Motorized Pump,"(-22.468690666504404, 19.052011521659693)",Functioning
WP587,Well,Contaminated,30.0,21000.0,2012.0,Red Cross,Free,12.0,Solar Pump,"(-20.463380537601182, 19.33636644264262)",Not Functioning
WP588,Well,,42.0,22000.0,2005.0,Red Cross,Free,19.0,Solar Pump,"(-19.919365618931273, 28.607356255678695)",
WP589,,Clean,38.0,22000.0,1997.0,Red Cross,Free,27.0,Motorized Pump,"(-18.718073464589683, 24.96791455674437)",Not Functioning
WP590,Well,Clean,53.0,23000.0,2003.0,,Pay per use,21.0,Solar Pump,"(-22.07194237678969, 22.897491300813197)",Not Functioning
WP591,Well,,40.0,25000.0,2014.0,UNICEF,Free,10.0,Solar Pump,"(-17.52554675510283, 28.15969870397015)",Not Functioning
WP592,,Contaminated,43.0,21000.0,,Red Cross,Free,23.0,Solar Pump,"(-18.31710483074382, 26.765642528411206)",Not Functioning
WP593,Well,Contaminated,39.0,26000.0,1994.0,Red Cross,Free,,Motorized Pump,"(-18.253854553668614, 24.18404422425193)",Not Functioning
WP594,Well,Contaminated,,29000.0,1999.0,UNICEF,Pay per use,25.0,Motorized Pump,,Functioning
WP595,Well,Clean,34.0,20000.0,1998.0,Red Cross,Free,26.0,Solar Pump,"(-22.896061452740533, 21.426122961450908)",Not Functioning
WP596,Well,Contaminated,,21000.0,1996.0,Red Cross,Pay per use,,Motorized Pump,"(-22.71891081255177, 24.807850326270028)",Not Functioning
WP597,Borehole,Contaminated,47.0,27000.0,2019.0,Oxfam,Free,5.0,Motorized Pump,,Not Functioning
WP598,Lake,Clean,39.0,26000.0,2014.0,USAID,,,,"(-22.050682480758976, 26.909853780918905)",Not Functioning
,Lake,,33.0,22000.0,2003.0,USAID,Free,21.0,Motorized Pump,"(-19.977975866587304, 25.580023658765413)",Not Functioning
WP600,Well,Contaminated,38.0,24000.0,1999.0,Red Cross,Pay per use,25.0,Motorized Pump,,Functioning
,Well,Contaminated,47.0,30000.0,2007.0,USAID,,17.0,Motorized Pump,"(-19.330452515059257, 24.322609911940628)",Functioning
WP602,Borehole,Contaminated,36.0,,,USAID,,,Solar Pump,"(-19.188774048421436, 24.40485712838876)",Not Functioning
WP603,Well,Contaminated,42.0,24000.0,2007.0,USAID,Pay per use,,Solar Pump,"(-20.101345447614978, 26.338405412850065)",Not Functioning
WP604,Well,Contaminated,45.0,30000.0,1995.0,USAID,Free,,,"(-20.068981186179556, 26.62360130852234)",Not Functioning
WP605,,Contaminated,45.0,23000.0,1990.0,Red Cross,Pay per use,34.0,Motorized Pump,"(-17.861457002992434, 27.48468371734746)",Not Functioning
WP606,,Contaminated,34.0,22000.0,,,Free,19.0,Solar Pump,"(-21.508183831117147, 21.676396782198985)",Not Functioning
,Well,,39.0,26000.0,2008.0,,Free,,Motorized Pump,"(-18.489374024099234, 28.383331181835864)",Not Functioning
WP608,Well,Clean,,21000.0,2007.0,USAID,Pay per use,17.0,Motorized Pump,"(-20.663085564991867, 21.338381604437952)",Functioning
,,,37.0,25000.0,2018.0,USAID,Pay per use,6.0,,"(-21.776128987376495, 19.04010182014369)",Not Functioning
WP610,Well,Clean,43.0,26000.0,2008.0,,Pay per use,16.0,Motorized Pump,,Not Functioning
WP611,Well,Contaminated,,24000.0,2015.0,Red Cross,Free,9.0,Motorized Pump,"(-20.773885328953376, 21.872225872871724)",Not Functioning
WP612,Well,Contaminated,47.0,27000.0,2002.0,,Free,22.0,Solar Pump,"(-23.163635460381506, 21.824154091634615)",Not Functioning
WP613,Well,Contaminated,34.0,24000.0,1998.0,UNICEF,Pay per use,26.0,Motorized Pump,"(-19.355893121926453, 25.559308902404812)",
WP614,,Clean,42.0,21000.0,,USAID,Free,7.0,Hand Pump,,Not Functioning
WP615,Well,Contaminated,35.0,25000.0,2009.0,Red Cross,,15.0,Motorized Pump,"(-22.967495784600576, 22.471451769233546)",Not Functioning
,Well,,35.0,23000.0,2020.0,Red Cross,Free,4.0,Motorized Pump,,Not Functioning
WP617,Well,Clean,33.0,23000.0,1993.0,USAID,Free,31.0,Motorized Pump,"(-22.3152517531134, 26.86922583961669)",Not Functioning
WP618,Lake,Contaminated,33.0,22000.0,2004.0,Red Cross,Free,20.0,,"(-22.64519970027583, 24.010132105156515)",
,Well,,,22000.0,1995.0,USAID,Pay per use,29.0,Hand Pump,,Functioning
WP620,Well,Contaminated,37.0,23000.0,2007.0,UNICEF,,17.0,Motorized Pump,"(-22.914935192106853, 20.012036377897637)",Not Functioning
WP621,Well,Contaminated,,21000.0,2017.0,Red Cross,Free,,Solar Pump,"(-19.228070937214465, 28.47948777815289)",Not Functioning
WP622,Lake,,45.0,19000.0,2001.0,Oxfam,Free,23.0,Motorized Pump,"(-20.423184956680743, 24.375275605868197)",Not Functioning
,Well,Contaminated,39.0,19000.0,2019.0,UNICEF,Free,5.0,Solar Pump,"(-21.451414440288236, 26.713793611323005)",Not Functioning
WP624,Well,Contaminated,42.0,,2006.0,Oxfam,Free,18.0,Solar Pump,,Not Functioning
WP625,Well,Contaminated,29.0,,,,Free,31.0,Solar Pump,"(-17.729159380873234, 19.652289965696284)",
WP626,Lake,Contaminated,44.0,25000.0,,,Pay per use,11.0,,"(-23.91011305991038, 21.364681575370476)",Not Functioning
WP627,Borehole,Clean,38.0,25000.0,2016.0,Oxfam,Pay per use,8.0,Motorized Pump,"(-23.817637757639076, 22.10003622741045)",Functioning
WP628,Lake,Contaminated,45.0,28000.0,1997.0,Red Cross,,27.0,Motorized Pump,"(-22.974502583978683, 19.406632193955065)",Not Functioning
WP629,Well,Contaminated,40.0,29000.0,2011.0,,Free,13.0,Solar Pump,"(-22.747843869306767, 28.77509109406551)",Functioning
WP630,Well,Clean,39.0,23000.0,2004.0,World Bank,Free,20.0,Motorized Pump,"(-23.03318429946401, 22.196625960516748)",Not Functioning
WP631,,Contaminated,46.0,24000.0,1991.0,Red Cross,Free,33.0,,"(-19.303122358773468, 26.006019060771592)",Functioning
WP632,Well,Contaminated,41.0,22000.0,2013.0,Red Cross,Free,11.0,Motorized Pump,"(-17.95131782209034, 27.12523299990707)",Functioning
WP633,Well,,31.0,19000.0,1993.0,Red Cross,Pay per use,31.0,Motorized Pump,"(-18.77364851807784, 26.14582693546658)",Not Functioning
WP634,Well,Clean,37.0,28000.0,2020.0,Red Cross,Free,4.0,Motorized Pump,"(-21.066405681377, 21.454413373861698)",Not Functioning
WP635,Lake,,42.0,23000.0,1994.0,Red Cross,Free,,Motorized Pump,"(-22.091623400045552, 20.15760069454511)",Not Functioning
WP636,Well,,36.0,22000.0,2007.0,Red Cross,Free,17.0,Motorized Pump,"(-18.725087652049414, 26.974101829157195)",Not Functioning
WP637,,Contaminated,,21000.0,1994.0,UNICEF,Pay per use,30.0,,,Not Functioning
,River,,45.0,29000.0,2009.0,USAID,Free,15.0,Motorized Pump,"(-21.761389045794918, 27.281173039590925)",Functioning
WP639,Well,Clean,27.0,24000.0,1994.0,Red Cross,,30.0,Motorized Pump,"(-22.806279783160843, 26.351496016157192)",Not Functioning
,Lake,Clean,45.0,21000.0,2016.0,Red Cross,Pay per use,8.0,Motorized Pump,"(-19.763262574094988, 25.40545165545433)",Not Functioning
WP641,Well,,34.0,26000.0,1991.0,Oxfam,Pay per use,33.0,Motorized Pump,"(-21.457888807865796, 25.11672922768825)",Functioning
WP642,Well,Contaminated,45.0,26000.0,2015.0,,Free,9.0,Solar Pump,"(-18.136860367873812, 24.654334917826592)",Not Functioning
WP643,River,Contaminated,32.0,22000.0,,Oxfam,,10.0,Solar Pump,"(-22.578801936129853, 21.27195654135621)",Not Functioning
WP644,,,45.0,19000.0,2002.0,,Free,22.0,Motorized Pump,"(-21.444483815316502, 20.367264821053716)",Not Functioning
WP645,Lake,Contaminated,47.0,,1996.0,Red Cross,Pay per use,28.0,Motorized Pump,"(-20.38853681225998, 26.988568396948782)",Not Functioning
,Well,Clean,,22000.0,2018.0,Red Cross,Free,6.0,Motorized Pump,"(-23.21330246975471, 23.93198497266495)",Functioning
WP647,Borehole,Contaminated,42.0,,1998.0,UNICEF,Pay per use,,Motorized Pump,"(-19.97756892590243, 28.299269088009474)",Not Functioning
WP648,Well,Contaminated,36.0,22000.0,2006.0,Red Cross,Pay per use,18.0,Motorized Pump,"(-17.963111160522082, 21.649975608900473)",Functioning
WP649,Lake,Contaminated,31.0,26000.0,1997.0,UNICEF,Pay per use,27.0,,"(-22.658812323990336, 21.095185415154695)",Not Functioning
WP650,Well,Contaminated,47.0,24000.0,2009.0,USAID,Free,15.0,Solar Pump,"(-21.275103106452033, 27.873628978007257)",Not Functioning
WP651,Lake,Contaminated,,,2017.0,Red Cross,Pay per use,7.0,Hand Pump,"(-21.523975404410354, 24.143913208684115)",Not Functioning
WP652,Well,Clean,50.0,25000.0,1993.0,Red Cross,Free,,Solar Pump,"(-20.890471663959286, 24.896569080738807)",Not Functioning
WP653,Lake,Clean,29.0,24000.0,,Oxfam,Free,,Motorized Pump,"(-20.564818906974722, 26.997408817237037)",Not Functioning
WP654,Well,Clean,,32000.0,1996.0,Red Cross,Free,28.0,Solar Pump,"(-19.200633462902047, 27.621013267420505)",Not Functioning
WP655,Well,Clean,37.0,27000.0,1992.0,,Pay per use,,Motorized Pump,"(-22.52333150782506, 20.320358118260707)",Not Functioning
WP656,Lake,Contaminated,47.0,30000.0,2004.0,UNICEF,Free,20.0,Motorized Pump,"(-19.14720024165267, 25.364887259898627)",Not Functioning
WP657,,Contaminated,37.0,25000.0,2006.0,Red Cross,Free,,Hand Pump,"(-19.981298057280195, 27.59365949196096)",Not Functioning
WP658,Well,Contaminated,43.0,25000.0,2011.0,,Free,13.0,Solar Pump,"(-19.29643754911429, 27.489730174231983)",
WP659,Lake,Contaminated,46.0,24000.0,2017.0,USAID,Pay per use,,Motorized Pump,"(-22.3907853763454, 20.010910313631882)",Not Functioning
WP660,River,Contaminated,,,2020.0,Red Cross,Free,,Motorized Pump,"(-22.964284343372597, 22.574540472470524)",Not Functioning
WP661,Well,Clean,37.0,,1991.0,Red Cross,Pay per use,33.0,Motorized Pump,,Not Functioning
,,Contaminated,43.0,21000.0,2004.0,,Pay per use,20.0,Solar Pump,,Not Functioning
WP663,Lake,Contaminated,49.0,22000.0,1995.0,Red Cross,,29.0,Motorized Pump,,Not Functioning
WP664,Well,,47.0,22000.0,2012.0,Red Cross,,12.0,Motorized Pump,"(-18.021602574639434, 28.498559955555933)",Not Functioning
WP665,,Contaminated,33.0,25000.0,1994.0,Red Cross,Pay per use,30.0,Motorized Pump,"(-23.542069283325436, 22.106071810968526)",Not Functioning
WP666,Lake,Contaminated,33.0,27000.0,,USAID,Free,19.0,,"(-17.971056954878073, 24.79973044995075)",Not Functioning
WP667,Well,Contaminated,39.0,,2008.0,Red Cross,Free,,Solar Pump,,Not Functioning
WP668,,,43.0,21000.0,1998.0,UNICEF,Free,26.0,Motorized Pump,"(-21.726945854248022, 19.43938053551387)",Not Functioning
WP669,Lake,Clean,44.0,,,USAID,Pay per use,25.0,Motorized Pump,,Not Functioning
WP670,Well,Contaminated,48.0,,2000.0,Red Cross,,24.0,,"(-22.995020297818655, 21.24467311848455)",Not Functioning
WP671,Lake,Contaminated,40.0,27000.0,2004.0,Red Cross,Free,20.0,Motorized Pump,"(-20.197385788147542, 24.761674037927374)",Not Functioning
WP672,Well,Contaminated,46.0,24000.0,2018.0,USAID,Free,6.0,Motorized Pump,"(-17.949204962135752, 28.945851166091646)",Functioning
,Well,Contaminated,41.0,25000.0,2007.0,USAID,Free,17.0,Solar Pump,"(-21.847806170196193, 22.682763770605664)",Not Functioning
WP674,Lake,,37.0,,2008.0,USAID,Pay per use,,Hand Pump,"(-21.116391634581408, 24.580015498558463)",Not Functioning
WP675,Lake,,,21000.0,2017.0,Red Cross,,7.0,Hand Pump,,Not Functioning
WP676,Well,Contaminated,48.0,24000.0,2000.0,Red Cross,Free,24.0,,"(-20.54429326120985, 26.90882003631352)",Not Functioning
WP677,Well,Contaminated,,18000.0,1991.0,,Pay per use,33.0,Motorized Pump,"(-20.6406977561696, 23.966039316801062)",Not Functioning
WP678,Lake,Contaminated,47.0,26000.0,1993.0,Oxfam,Pay per use,,Motorized Pump,"(-19.515319672741004, 23.9552655771528)",Not Functioning
WP679,,Contaminated,36.0,21000.0,1999.0,Red Cross,Pay per use,25.0,Motorized Pump,,Functioning
WP680,Lake,Contaminated,35.0,30000.0,2020.0,USAID,Pay per use,4.0,Motorized Pump,"(-19.695125383253835, 24.758166665780116)",Not Functioning
,Well,Contaminated,,22000.0,,UNICEF,Free,7.0,Motorized Pump,"(-20.112160589450855, 26.008911569308843)",Not Functioning
WP682,Borehole,Contaminated,35.0,26000.0,1998.0,Oxfam,Pay per use,26.0,Motorized Pump,"(-18.668424552285146, 24.470366997681182)",Functioning
WP683,Well,Contaminated,31.0,22000.0,1991.0,USAID,Free,,Hand Pump,,
WP684,Well,Contaminated,40.0,24000.0,1997.0,Red Cross,Free,27.0,Motorized Pump,,Not Functioning
WP685,Lake,Contaminated,,26000.0,2020.0,,,4.0,,,Not Functioning
WP686,Well,,43.0,21000.0,,UNICEF,,,Hand Pump,"(-21.13520218438515, 19.821738081352827)",Not Functioning
WP687,,Contaminated,33.0,27000.0,1994.0,USAID,,30.0,Solar Pump,"(-18.313720944189132, 25.46258595754202)",Not Functioning
WP688,Well,Contaminated,47.0,24000.0,,,Pay per use,13.0,Solar Pump,"(-23.814243843736236, 26.59257684908303)",Not Functioning
WP689,River,Contaminated,,26000.0,2007.0,Oxfam,Free,,,,Functioning
WP690,Lake,Clean,44.0,23000.0,2008.0,Red Cross,Free,16.0,Motorized Pump,"(-17.611855136264644, 27.373039703606068)",Not Functioning
WP691,Lake,Clean,28.0,24000.0,1996.0,Red Cross,Free,28.0,Motorized Pump,,
,,Contaminated,31.0,24000.0,2014.0,USAID,Free,10.0,Motorized Pump,"(-20.22941814469457, 20.520233037164857)",
WP693,Well,Contaminated,36.0,29000.0,2006.0,,Free,18.0,Solar Pump,,Not Functioning
WP694,Well,Contaminated,35.0,27000.0,2003.0,Oxfam,Pay per use,21.0,,"(-23.80485869985331, 22.560276512253)",
WP695,Lake,Clean,45.0,22000.0,2014.0,,Free,,Motorized Pump,"(-23.182958544001895, 21.40820679287553)",
WP696,Well,Clean,52.0,26000.0,1995.0,,Free,29.0,Solar Pump,,Not Functioning
,Well,Contaminated,,22000.0,2004.0,,Free,,Solar Pump,"(-22.56830222797005, 22.799332921824377)",Not Functioning
WP698,Well,,47.0,24000.0,2004.0,Red Cross,Free,20.0,Motorized Pump,"(-19.80558303418471, 27.738952731165337)",Not Functioning
WP699,Lake,Contaminated,50.0,21000.0,,Red Cross,Free,7.0,Solar Pump,"(-19.14630408702821, 28.215588209727965)",Not Functioning
,Well,Contaminated,,21000.0,2009.0,USAID,Pay per use,,Solar Pump,"(-22.544475852965725, 21.171431887646122)",Not Functioning
WP701,River,Clean,41.0,25000.0,2005.0,UNICEF,Pay per use,19.0,Solar Pump,"(-19.996266420698035, 28.124185373406917)",Not Functioning
WP702,,,44.0,23000.0,2012.0,,,12.0,Hand Pump,"(-19.618181623736405, 26.89657032993295)",Functioning
WP703,Well,Clean,39.0,28000.0,2014.0,,Pay per use,10.0,Motorized Pump,,Not Functioning
WP704,Well,Contaminated,40.0,20000.0,1996.0,Red Cross,Pay per use,28.0,Motorized Pump,"(-19.19061863555321, 26.9599127612178)",Not Functioning
WP705,Well,,35.0,25000.0,1990.0,USAID,,,,,Not Functioning
WP706,,Clean,35.0,25000.0,2013.0,,Free,,Hand Pump,"(-19.536150410867204, 24.59817226949699)",Not Functioning
WP707,Well,,31.0,20000.0,2003.0,Oxfam,Free,21.0,,"(-19.984466203593307, 25.69752989037185)",Not Functioning
WP708,Lake,Clean,31.0,26000.0,2007.0,Oxfam,Pay per use,17.0,Motorized Pump,"(-22.82668513274512, 19.455955223253298)",Not Functioning
WP709,River,Contaminated,44.0,26000.0,2010.0,Red Cross,Pay per use,14.0,Solar Pump,"(-23.36895874043267, 22.523190189806794)",Not Functioning
WP710,Lake,Contaminated,29.0,25000.0,1993.0,Red Cross,Pay per use,,Motorized Pump,"(-21.859109058460167, 21.187689635965313)",Not Functioning
WP711,,Contaminated,47.0,26000.0,1993.0,UNICEF,Free,31.0,Motorized Pump,"(-22.109331995233795, 23.880952339726967)",Not Functioning
WP712,,Contaminated,41.0,25000.0,2014.0,USAID,Free,10.0,Motorized Pump,"(-23.54735480619141, 19.068993791531057)",Functioning
WP713,Borehole,Contaminated,47.0,26000.0,,Red Cross,Free,25.0,Solar Pump,"(-20.42885652276989, 25.52292391538214)",Not Functioning
WP714,Lake,Clean,36.0,28000.0,1995.0,USAID,,29.0,Motorized Pump,"(-23.231107403433725, 22.137864742595887)",Not Functioning
WP715,Well,Contaminated,49.0,19000.0,2019.0,Oxfam,Pay per use,5.0,Motorized Pump,"(-21.156042266932854, 20.942522269025474)",Functioning
WP716,Lake,,41.0,19000.0,2017.0,Oxfam,Pay per use,7.0,Motorized Pump,"(-20.459202353429724, 25.70746015900647)",Not Functioning
WP717,Well,Contaminated,38.0,23000.0,1992.0,Red Cross,Free,32.0,Hand Pump,"(-20.438683500970157, 23.664329282200754)",Not Functioning
WP718,Well,Clean,37.0,26000.0,1996.0,USAID,Pay per use,28.0,Hand Pump,"(-21.056472961087994, 22.2562062840548)",Functioning
WP719,,Contaminated,44.0,23000.0,1994.0,Red Cross,,30.0,Motorized Pump,"(-21.37762377160687, 21.480046711337817)",Not Functioning
WP720,Well,Contaminated,50.0,25000.0,1997.0,Oxfam,Free,27.0,Solar Pump,,Not Functioning
,,Contaminated,,24000.0,2010.0,,Pay per use,14.0,Solar Pump,"(-22.499783370456278, 21.162129290467227)",Not Functioning
WP722,,Clean,35.0,22000.0,,,Free,23.0,Motorized Pump,"(-18.106558880730255, 25.627761898283623)",Not Functioning
WP723,Lake,Contaminated,39.0,25000.0,2009.0,USAID,Pay per use,15.0,Motorized Pump,"(-22.930701681043665, 23.605479542207433)",Not Functioning
WP724,Well,Contaminated,,29000.0,,,Free,28.0,Solar Pump,"(-19.289339488811173, 24.206198217766207)",Not Functioning
,Well,Contaminated,45.0,23000.0,2011.0,UNICEF,,13.0,Solar Pump,"(-18.960600691231996, 27.791772787132267)",Not Functioning
WP726,Well,Contaminated,41.0,22000.0,1992.0,USAID,Free,32.0,Motorized Pump,"(-22.010391108348337, 19.594853832236886)",Not Functioning
WP727,Borehole,Contaminated,,,2001.0,Red Cross,Free,23.0,Solar Pump,,Not Functioning
WP728,Lake,Contaminated,50.0,25000.0,1997.0,USAID,,27.0,Solar Pump,,
WP729,Lake,Contaminated,58.0,24000.0,2019.0,UNICEF,Free,5.0,Motorized Pump,"(-19.53072331605908, 24.188371362772088)",Not Functioning
WP730,Well,Contaminated,39.0,29000.0,2015.0,Red Cross,Free,9.0,Solar Pump,"(-19.485296998250952, 26.865046797259346)",Not Functioning
WP731,,Contaminated,41.0,25000.0,,UNICEF,Free,34.0,Motorized Pump,"(-23.859132324748327, 21.030652729029377)",Not Functioning
WP732,Well,Clean,35.0,26000.0,1997.0,Oxfam,Free,,Solar Pump,"(-20.564927622932636, 25.278817422470393)",Not Functioning
WP733,Borehole,Clean,41.0,26000.0,2015.0,Red Cross,Free,9.0,Motorized Pump,"(-21.53811716241682, 24.409336709375662)",Not Functioning
WP734,Well,Clean,50.0,20000.0,2013.0,Red Cross,Free,11.0,Solar Pump,"(-19.839569480451686, 26.737767722142756)",Not Functioning
WP735,Well,Contaminated,31.0,26000.0,1995.0,Red Cross,Free,29.0,Motorized Pump,"(-19.92129440452113, 25.99310036270714)",Not Functioning
WP736,Borehole,Contaminated,51.0,21000.0,2009.0,Red Cross,Free,,Motorized Pump,"(-19.090295880202238, 25.04371263094566)",Not Functioning
WP737,Well,Contaminated,45.0,,1997.0,Red Cross,Free,27.0,Hand Pump,"(-18.627602370159114, 27.056791359314424)",Functioning
WP738,Lake,Contaminated,49.0,25000.0,2014.0,UNICEF,Free,10.0,,"(-22.393640187683864, 23.04970055158993)",Not Functioning
WP739,Lake,Clean,,22000.0,1994.0,Red Cross,,30.0,Motorized Pump,,Not Functioning
WP740,Well,Contaminated,,,2007.0,Red Cross,Free,17.0,Motorized Pump,,Functioning
WP741,Lake,Clean,40.0,27000.0,1990.0,Red Cross,Pay per use,34.0,Motorized Pump,"(-19.93607604393831, 25.168563729818814)",Not Functioning
WP742,Well,Contaminated,34.0,23000.0,2013.0,Red Cross,Free,11.0,Motorized Pump,"(-18.86396381362193, 26.739906094486663)",Not Functioning
WP743,Lake,Clean,42.0,,2009.0,Oxfam,Free,15.0,Hand Pump,"(-21.583105074327563, 26.33043769149805)",
WP744,Well,Contaminated,,24000.0,2006.0,Oxfam,Pay per use,,Solar Pump,"(-22.850462304718015, 21.74159162160413)",Not Functioning
WP745,Lake,Clean,46.0,,2002.0,,Free,22.0,Hand Pump,,Not Functioning
WP746,Well,Contaminated,45.0,24000.0,2017.0,Red Cross,Free,7.0,Motorized Pump,,Functioning
WP747,Lake,Contaminated,43.0,26000.0,2007.0,Red Cross,Pay per use,17.0,,"(-17.858327590929463, 26.437763122907736)",Not Functioning
WP748,Lake,Clean,44.0,27000.0,1998.0,USAID,Pay per use,26.0,Solar Pump,"(-21.77246574934195, 23.346388987656255)",Not Functioning
WP749,Borehole,,47.0,26000.0,2006.0,Red Cross,Free,18.0,Motorized Pump,"(-18.834929160376575, 27.623746220577136)",Functioning
WP750,Well,Contaminated,43.0,23000.0,,USAID,Free,5.0,Solar Pump,,Not Functioning
WP751,Well,Clean,,26000.0,2013.0,USAID,Free,11.0,,"(-21.46276903592818, 20.13349474074545)",
WP752,Lake,Contaminated,46.0,25000.0,2011.0,Oxfam,Free,13.0,Motorized Pump,"(-23.185048447223334, 26.56962640084598)",Not Functioning
WP753,Well,Contaminated,,25000.0,2017.0,,Free,7.0,,,Not Functioning
WP754,Well,Contaminated,49.0,28000.0,2013.0,,Free,,Solar Pump,"(-22.291832332986395, 22.28238211373406)",Not Functioning
WP755,,Contaminated,38.0,24000.0,1993.0,Red Cross,Free,,Solar Pump,"(-17.730781434453064, 27.842198680267536)",Not Functioning
WP756,Well,,39.0,18000.0,2019.0,Oxfam,,5.0,Motorized Pump,"(-18.904346056793003, 26.9796394861107)",Not Functioning
WP757,Well,Contaminated,54.0,26000.0,2018.0,UNICEF,Free,6.0,Solar Pump,"(-17.540082842507015, 27.206100886587432)",Not Functioning
,,Contaminated,37.0,30000.0,1997.0,Red Cross,Free,27.0,Motorized Pump,"(-21.495213235696045, 21.171328125478198)",Functioning
WP759,Well,Contaminated,49.0,27000.0,1990.0,USAID,Free,34.0,Motorized Pump,"(-19.385543548076853, 26.612836676410765)",Functioning
WP760,Well,Contaminated,47.0,27000.0,2009.0,Oxfam,Free,,Solar Pump,"(-23.367656139814844, 19.543288037205368)",
WP761,Well,,38.0,28000.0,2020.0,,Pay per use,4.0,,"(-23.111764155224193, 21.12896717481254)",Not Functioning
WP762,Well,Contaminated,38.0,30000.0,1995.0,,Free,29.0,Motorized Pump,"(-21.095349602796283, 20.342060329121388)",Not Functioning
WP763,Lake,Clean,40.0,22000.0,2019.0,USAID,,5.0,Solar Pump,,Not Functioning
,Borehole,Clean,49.0,28000.0,1990.0,UNICEF,Free,34.0,Hand Pump,"(-21.106818263150608, 27.444550874287987)",Not Functioning
WP765,Well,Contaminated,43.0,23000.0,1998.0,UNICEF,,26.0,Motorized Pump,"(-18.870819549266866, 28.32048753100672)",Not Functioning
WP766,Lake,Clean,46.0,27000.0,2015.0,,Pay per use,9.0,,,Not Functioning
WP767,Well,Contaminated,45.0,23000.0,2013.0,USAID,Free,11.0,Motorized Pump,"(-23.170502928175992, 22.299137110504624)",
WP768,,,,27000.0,,USAID,Pay per use,28.0,Motorized Pump,"(-23.995611790698373, 20.386300803217473)",Functioning
,Lake,Contaminated,,24000.0,2019.0,USAID,Free,5.0,Hand Pump,,Not Functioning
WP770,Well,Contaminated,,23000.0,2002.0,Red Cross,Pay per use,22.0,Solar Pump,"(-23.459442300935834, 20.757010692871873)",Not Functioning
WP771,Well,Contaminated,40.0,21000.0,2000.0,Red Cross,Free,24.0,,"(-19.00602177364288, 26.614257120983478)",Not Functioning
,Well,Contaminated,31.0,26000.0,2016.0,USAID,Free,,Solar Pump,"(-19.26639901301134, 28.912609559323712)",Not Functioning
WP773,Well,Contaminated,42.0,24000.0,2019.0,Red Cross,Free,5.0,Motorized Pump,"(-18.43944919156047, 26.61560130172292)",Functioning
,Borehole,Contaminated,49.0,24000.0,2011.0,UNICEF,Pay per use,,,"(-23.838217453067433, 21.529927434653793)",Functioning
WP775,,Contaminated,45.0,21000.0,1999.0,Oxfam,Free,25.0,,"(-18.377338376019168, 26.109251404170955)",Functioning
WP776,Lake,Contaminated,43.0,25000.0,2012.0,USAID,Pay per use,12.0,Hand Pump,"(-18.59934025195634, 24.41500027079559)",Not Functioning
WP777,,Contaminated,30.0,22000.0,1996.0,Red Cross,Free,,Solar Pump,"(-22.50526892979375, 21.508830163497453)",Not Functioning
WP778,Well,Contaminated,30.0,23000.0,2000.0,Red Cross,Pay per use,24.0,Solar Pump,"(-18.43021760606899, 26.915152890034076)",Not Functioning
WP779,Well,Contaminated,38.0,28000.0,,UNICEF,,,Solar Pump,,Not Functioning
WP780,Lake,Contaminated,46.0,25000.0,2018.0,,,6.0,Motorized Pump,"(-21.27142038643825, 27.473262414256727)",Not Functioning
WP781,Well,Contaminated,35.0,25000.0,2007.0,,Free,17.0,Motorized Pump,"(-19.426787809447376, 24.220139536510988)",Not Functioning
,,,45.0,27000.0,,Red Cross,Pay per use,13.0,Motorized Pump,,Not Functioning
WP783,,,50.0,25000.0,2008.0,USAID,Pay per use,16.0,,"(-18.592016220494674, 26.066981075116686)",
WP784,,Contaminated,39.0,25000.0,2005.0,USAID,Pay per use,19.0,Motorized Pump,"(-20.96829894123052, 26.209574946495472)",Functioning
,Lake,Contaminated,46.0,25000.0,2020.0,,Pay per use,4.0,Solar Pump,"(-19.24770990842257, 24.00033361094655)",Not Functioning
WP786,,Contaminated,49.0,26000.0,2008.0,USAID,Pay per use,,Motorized Pump,"(-18.482351194481, 25.190725658467844)",Not Functioning
WP787,Well,,39.0,20000.0,2005.0,Red Cross,Pay per use,19.0,Motorized Pump,,Not Functioning
,,Contaminated,40.0,,2003.0,UNICEF,Pay per use,,Motorized Pump,"(-18.97555850298334, 28.19245842369187)",Not Functioning
WP789,Lake,Contaminated,46.0,,2013.0,USAID,Free,11.0,Motorized Pump,,Not Functioning
WP790,Well,Contaminated,42.0,21000.0,1992.0,,Free,32.0,Motorized Pump,"(-22.3718216610706, 22.461897448606486)",Functioning
WP791,Well,Contaminated,50.0,21000.0,2016.0,USAID,Pay per use,,Motorized Pump,,Functioning
WP792,Borehole,Contaminated,42.0,26000.0,,USAID,Free,20.0,Motorized Pump,"(-20.888725136963345, 26.49512230187424)",Functioning
WP793,Lake,Clean,,28000.0,1994.0,Red Cross,,,Solar Pump,"(-21.795354914029538, 27.222580454217244)",Not Functioning
,Well,Clean,37.0,,1999.0,USAID,Free,,Solar Pump,"(-19.970408135778108, 24.13971616751768)",Functioning
WP795,,,41.0,22000.0,1996.0,USAID,Pay per use,28.0,,"(-20.890159018432062, 27.686289274958135)",Functioning
WP796,Well,Clean,37.0,,2007.0,Red Cross,Free,17.0,Motorized Pump,"(-18.561352294321427, 26.472156957845673)",Not Functioning
WP797,,Contaminated,49.0,19000.0,,USAID,Free,15.0,Motorized Pump,"(-18.999314609318784, 24.884426060762458)",Not Functioning
,Well,Contaminated,52.0,21000.0,2004.0,USAID,Pay per use,,Solar Pump,"(-21.57334492752672, 20.109690951168712)",Not Functioning
WP799,Well,Contaminated,47.0,27000.0,2007.0,Red Cross,Free,17.0,Solar Pump,"(-18.66436937828074, 27.404506744660264)",Not Functioning
WP800,Well,,37.0,22000.0,2012.0,Oxfam,Free,12.0,Hand Pump,"(-21.767227321176964, 21.89489931349353)",Not Functioning
WP801,Well,Clean,43.0,18000.0,1991.0,UNICEF,Free,33.0,Motorized Pump,"(-19.850849000540695, 28.490033763111498)",Not Functioning
WP802,Well,Contaminated,47.0,21000.0,2000.0,UNICEF,Free,,Hand Pump,"(-18.44774432958837, 26.426708242119858)",Not Functioning
,Well,Contaminated,31.0,25000.0,,UNICEF,Free,20.0,Solar Pump,"(-18.637470443167633, 28.577442928165162)",Not Functioning
WP804,Well,Contaminated,33.0,21000.0,2015.0,Red Cross,Pay per use,9.0,Motorized Pump,"(-21.427978084045865, 26.63358244744123)",Not Functioning
WP805,Well,Contaminated,48.0,19000.0,1999.0,USAID,Free,25.0,Motorized Pump,"(-19.523123772226597, 27.023997233949803)",Functioning
WP806,Well,Contaminated,43.0,25000.0,2009.0,Red Cross,Free,15.0,,"(-23.712283792896198, 21.62179581488636)",Not Functioning
,Lake,,43.0,17000.0,2018.0,Red Cross,,6.0,,,Not Functioning
WP808,Well,Contaminated,38.0,24000.0,2005.0,USAID,Free,19.0,Motorized Pump,"(-21.133022432582234, 24.702644891294938)",Functioning
WP809,Well,Contaminated,43.0,,1992.0,UNICEF,Pay per use,32.0,Solar Pump,"(-22.518204940734467, 25.48926543071675)",Not Functioning
,River,,36.0,17000.0,2002.0,USAID,Free,,Motorized Pump,"(-21.30446540703759, 27.510239632414642)",Functioning
WP811,,Contaminated,,25000.0,2015.0,UNICEF,Free,9.0,Motorized Pump,"(-20.545039930596847, 25.81107683066123)",Functioning
WP812,Lake,Contaminated,30.0,20000.0,2001.0,Red Cross,Free,23.0,Solar Pump,"(-19.233179897219735, 22.687935467440408)",Not Functioning
,Borehole,Contaminated,52.0,24000.0,2006.0,USAID,Free,18.0,Hand Pump,,Functioning
WP814,Well,Clean,,26000.0,2013.0,Red Cross,Free,11.0,Motorized Pump,"(-21.400952728184535, 25.791763089747263)",Not Functioning
WP815,Borehole,Contaminated,,19000.0,1995.0,Oxfam,Free,29.0,Motorized Pump,,
WP816,Well,Contaminated,30.0,26000.0,,Red Cross,,23.0,Motorized Pump,"(-22.7067191095807, 21.974739698635773)",Not Functioning
WP817,,Contaminated,,,2006.0,UNICEF,Pay per use,18.0,Motorized Pump,"(-20.603194492980464, 22.323413121626107)",Not Functioning
WP818,Well,Contaminated,48.0,27000.0,2007.0,UNICEF,Pay per use,17.0,Solar Pump,"(-22.430514070491466, 23.642875383312738)",Not Functioning
,Well,Clean,46.0,23000.0,1995.0,Oxfam,Pay per use,29.0,,"(-23.67894021432007, 23.651309057935176)",Not Functioning
WP820,,Clean,,20000.0,2000.0,USAID,Free,24.0,Motorized Pump,,Functioning
,Well,Clean,54.0,22000.0,2016.0,UNICEF,Pay per use,8.0,Hand Pump,"(-19.922823411876006, 25.570107433379427)",Not Functioning
WP822,Well,Contaminated,49.0,23000.0,2014.0,Oxfam,Free,,Motorized Pump,"(-20.766682443829577, 24.50824345463729)",Functioning
WP823,Lake,Contaminated,34.0,,,,Pay per use,,Hand Pump,"(-23.46512236322679, 20.590026415384813)",Not Functioning
WP824,Well,,49.0,26000.0,1997.0,UNICEF,Free,27.0,Motorized Pump,,Functioning
WP825,Lake,Contaminated,36.0,,,USAID,Pay per use,20.0,Motorized Pump,"(-23.095516197853943, 22.037803413660697)",
,Well,Contaminated,44.0,25000.0,2004.0,Red Cross,Free,20.0,Motorized Pump,"(-21.161643032630472, 23.06975928808227)",Not Functioning
WP827,Well,Clean,37.0,23000.0,,Red Cross,Free,12.0,Motorized Pump,"(-22.283997391374072, 21.228933924100193)",Not Functioning
WP828,Well,Contaminated,45.0,22000.0,2004.0,Red Cross,Pay per use,20.0,,"(-22.984776010345705, 22.274277583307562)",Functioning
WP829,Lake,Clean,38.0,25000.0,1996.0,Red Cross,Free,28.0,Motorized Pump,"(-21.985627168994693, 26.056865916465032)",Not Functioning
WP830,Well,Clean,40.0,21000.0,2004.0,USAID,Free,20.0,,"(-19.53561657035545, 26.348043355623425)",Not Functioning
,Well,Contaminated,37.0,26000.0,,,Pay per use,5.0,,"(-22.575420303981886, 22.934035477444276)",Not Functioning
WP832,Lake,Clean,,21000.0,1993.0,Red Cross,Free,31.0,Motorized Pump,"(-23.08488053909412, 21.888352475442858)",Not Functioning
WP833,River,,,26000.0,,Red Cross,Free,26.0,Motorized Pump,"(-21.451580723168554, 24.949098492528307)",Not Functioning
WP834,Lake,Contaminated,33.0,23000.0,2001.0,USAID,Pay per use,23.0,Hand Pump,"(-23.84263570800622, 25.324872292578103)",Not Functioning
WP835,Well,Contaminated,32.0,25000.0,1990.0,Red Cross,Free,34.0,Motorized Pump,"(-23.29135962100024, 19.075900083992455)",Functioning
,Lake,Contaminated,38.0,25000.0,1992.0,,Pay per use,32.0,Motorized Pump,"(-18.969965710193815, 26.62662148074039)",Not Functioning
WP837,,Clean,,23000.0,1994.0,UNICEF,Pay per use,30.0,Motorized Pump,"(-20.723642534052264, 24.420177934974024)",Functioning
WP838,River,Contaminated,,25000.0,,USAID,Free,23.0,,,Functioning
,Borehole,Contaminated,50.0,23000.0,2015.0,Red Cross,Pay per use,9.0,Solar Pump,"(-20.622255343481903, 22.83392997009295)",Not Functioning
WP840,Well,,35.0,24000.0,1996.0,Oxfam,Free,28.0,,"(-18.758422795524773, 25.84950222592722)",Not Functioning
WP841,Well,Contaminated,,22000.0,2008.0,USAID,Pay per use,,Solar Pump,"(-20.822903737560942, 23.63177075593395)",Not Functioning
WP842,Well,Contaminated,,29000.0,2015.0,Red Cross,Free,9.0,Motorized Pump,"(-18.32731781863607, 26.92119566278213)",Not Functioning
WP843,Well,Contaminated,49.0,24000.0,1990.0,USAID,,34.0,Solar Pump,"(-18.72847448615516, 27.609880203131677)",Not Functioning
WP844,Borehole,Clean,38.0,21000.0,1998.0,USAID,,26.0,Motorized Pump,"(-23.089453428386005, 21.660191969800003)",Not Functioning
WP845,Well,Contaminated,,23000.0,,Red Cross,Pay per use,27.0,Motorized Pump,"(-20.657642263528505, 25.30680248221033)",Functioning
WP846,,Contaminated,45.0,29000.0,2001.0,Red Cross,,23.0,Solar Pump,"(-22.81184518164888, 22.519671779550066)",Not Functioning
,River,Contaminated,43.0,31000.0,1996.0,Red Cross,,28.0,Motorized Pump,"(-21.08359591856451, 27.381669527637925)",Not Functioning
WP848,River,Contaminated,42.0,26000.0,2003.0,Red Cross,Pay per use,21.0,Solar Pump,,Not Functioning
WP849,Lake,Contaminated,49.0,24000.0,,USAID,Free,29.0,Solar Pump,"(-23.03633075699363, 22.078324625845458)",Not Functioning
WP850,Well,Contaminated,,30000.0,2005.0,UNICEF,Pay per use,19.0,Solar Pump,"(-21.657496383504668, 24.8294918741958)",Not Functioning
,Borehole,Clean,30.0,,1997.0,Red Cross,Pay per use,27.0,,"(-21.402755678665148, 23.15529467079389)",Not Functioning
WP852,Well,,46.0,23000.0,,UNICEF,Pay per use,6.0,,,Not Functioning
WP853,River,,43.0,24000.0,2012.0,,Free,,Motorized Pump,"(-19.310408120497513, 25.837356386508553)",Not Functioning
WP854,Well,,55.0,22000.0,1998.0,,Free,,Solar Pump,"(-20.50209053915123, 21.018038118682593)",
WP855,Borehole,Contaminated,41.0,30000.0,1995.0,UNICEF,Pay per use,29.0,,"(-20.75859569860798, 26.08722087075012)",Functioning
,River,Contaminated,42.0,18000.0,1996.0,Oxfam,Pay per use,28.0,Solar Pump,"(-21.218422610743374, 22.398636973613417)",Not Functioning
WP857,Well,Contaminated,43.0,27000.0,1990.0,World Bank,Free,34.0,Motorized Pump,"(-22.825445139791583, 21.470966785064995)",Functioning
WP858,Well,Contaminated,45.0,21000.0,1995.0,USAID,,29.0,Motorized Pump,"(-23.07008971214529, 25.707535258000718)",Functioning
WP859,Lake,Contaminated,,21000.0,1994.0,Red Cross,Free,,Motorized Pump,,Not Functioning
WP860,Well,Clean,39.0,22000.0,2007.0,World Bank,Free,,Solar Pump,"(-18.135556881276134, 19.714039387993292)",Not Functioning
WP861,,Contaminated,34.0,26000.0,2013.0,Red Cross,Free,11.0,,"(-19.006313419788853, 25.624352544230725)",Not Functioning
WP862,Well,Contaminated,54.0,25000.0,,USAID,Free,5.0,,"(-18.32908814406777, 26.80585718146423)",Not Functioning
WP863,Well,Contaminated,42.0,28000.0,2010.0,Oxfam,Pay per use,14.0,Motorized Pump,"(-23.188740850507543, 23.56660181173663)",Not Functioning
WP864,Borehole,Contaminated,41.0,18000.0,2000.0,USAID,Free,24.0,Solar Pump,"(-18.848349765221947, 27.45267905265711)",Not Functioning
,,Clean,,26000.0,2011.0,Red Cross,Free,13.0,Solar Pump,"(-23.17195540023291, 28.175560519107997)",Not Functioning
WP866,Lake,,41.0,,1996.0,Red Cross,Pay per use,28.0,,"(-18.516870783131083, 20.96203504484185)",Not Functioning
WP867,Well,Contaminated,35.0,26000.0,2007.0,Red Cross,Pay per use,17.0,Solar Pump,"(-17.70025796571458, 27.245012429349153)",Not Functioning
WP868,Well,Clean,,23000.0,1994.0,,,30.0,Motorized Pump,"(-19.262065068894266, 25.05592089866079)",Not Functioning
WP869,,Clean,36.0,23000.0,2020.0,USAID,Free,4.0,Hand Pump,"(-19.023285621909533, 26.19557642821946)",Not Functioning
WP870,Well,Contaminated,38.0,24000.0,,USAID,,11.0,Solar Pump,"(-23.985064527451232, 25.364836504426705)",Not Functioning
,Lake,Clean,,29000.0,2003.0,Red Cross,Free,,,"(-22.576798484137914, 22.575624004884524)",Not Functioning
WP872,Well,Contaminated,49.0,22000.0,2014.0,,,10.0,,"(-18.3999672884542, 24.28853760844763)",Not Functioning
WP873,,Contaminated,42.0,,,Red Cross,Pay per use,30.0,Motorized Pump,,Functioning
WP874,Well,Clean,47.0,27000.0,1998.0,USAID,Free,26.0,Motorized Pump,"(-22.28822487693388, 20.363588083033058)",Not Functioning
WP875,,Contaminated,44.0,26000.0,,,,7.0,,"(-19.738532080807044, 22.435238587933636)",Not Functioning
WP876,Lake,Contaminated,42.0,25000.0,,Red Cross,Free,26.0,Hand Pump,,Not Functioning
,,Contaminated,47.0,25000.0,,Red Cross,Free,8.0,Motorized Pump,"(-17.938498573757897, 26.56785658896687)",Not Functioning
,,Clean,48.0,24000.0,1997.0,USAID,Free,,Motorized Pump,"(-20.286955694626677, 24.551889742834245)",Functioning
WP879,Well,Contaminated,34.0,22000.0,1995.0,UNICEF,Free,29.0,Motorized Pump,"(-19.82644562623408, 20.173135600547653)",Not Functioning
WP880,,Contaminated,34.0,27000.0,2005.0,,Pay per use,19.0,,"(-18.669817729699353, 21.025156442273573)",Not Functioning
,,Contaminated,31.0,25000.0,2012.0,Red Cross,Pay per use,12.0,Solar Pump,"(-19.890143084831653, 24.958290604092763)",Not Functioning
WP882,Lake,Clean,40.0,25000.0,2014.0,Red Cross,Free,10.0,Motorized Pump,"(-21.838543655778818, 22.731098420022487)",Not Functioning
WP883,Well,Clean,45.0,27000.0,2017.0,Oxfam,Pay per use,7.0,,"(-19.91033883605139, 21.806910163929388)",Not Functioning
WP884,Well,,48.0,,1993.0,Red Cross,,31.0,Solar Pump,"(-20.87612892689119, 24.19087844850506)",Not Functioning
WP885,,,51.0,27000.0,2005.0,USAID,Free,19.0,Motorized Pump,"(-23.22706448154087, 21.931971246365244)",Not Functioning
WP886,Well,Clean,41.0,20000.0,2018.0,,Free,6.0,Motorized Pump,"(-21.932562556708092, 24.692796388214546)",Not Functioning
WP887,Well,,47.0,26000.0,2015.0,World Bank,Pay per use,,Motorized Pump,"(-20.20908721912191, 27.439207509240518)",Not Functioning
WP888,Well,Contaminated,41.0,30000.0,1992.0,UNICEF,Free,32.0,Motorized Pump,"(-18.423811783827702, 26.355792557628646)",Not Functioning
WP889,Well,,40.0,20000.0,1990.0,Oxfam,Pay per use,34.0,Solar Pump,"(-18.91752537302429, 26.002984775778547)",Not Functioning
WP890,,Contaminated,41.0,17000.0,2019.0,Red Cross,Free,5.0,Solar Pump,"(-20.55891231940968, 25.34475988254764)",Not Functioning
WP891,,Contaminated,41.0,25000.0,1990.0,Red Cross,Free,34.0,Solar Pump,"(-22.65036394861624, 19.92523083129613)",Not Functioning
WP892,,Clean,,25000.0,2000.0,USAID,Free,24.0,Solar Pump,"(-19.671681687770818, 19.831711641282837)",Not Functioning
WP893,Well,Clean,40.0,23000.0,2008.0,USAID,,16.0,Motorized Pump,"(-21.733879281835133, 21.544879315979088)",Not Functioning
WP894,Lake,Contaminated,34.0,24000.0,2003.0,USAID,Pay per use,21.0,Motorized Pump,"(-21.79675952353716, 26.052153651936493)",Not Functioning
WP895,River,Clean,41.0,26000.0,,USAID,Free,22.0,Solar Pump,,Not Functioning
WP896,Well,Contaminated,53.0,25000.0,1990.0,USAID,,34.0,Motorized Pump,"(-18.699865386664392, 25.92689775682039)",Not Functioning
WP897,Well,Contaminated,26.0,22000.0,1991.0,USAID,,33.0,Motorized Pump,"(-18.17303393227806, 21.912134129360773)",Not Functioning
WP898,Borehole,Clean,41.0,22000.0,1991.0,Red Cross,Pay per use,,Motorized Pump,"(-20.359120396415875, 24.443447795114214)",Not Functioning
WP899,Well,Contaminated,,27000.0,1993.0,,Free,,Solar Pump,"(-22.964063071397053, 22.028251103551362)",Not Functioning
,,Contaminated,45.0,26000.0,2018.0,USAID,Pay per use,,Motorized Pump,"(-19.35847047158665, 26.37323290398141)",Functioning
WP901,Well,Contaminated,38.0,,2020.0,,Pay per use,,Motorized Pump,"(-20.339970493777543, 26.713348886185187)",Functioning
WP902,,Contaminated,48.0,25000.0,1997.0,Red Cross,Free,27.0,Motorized Pump,"(-18.023047529354116, 28.20171153800643)",Functioning
WP903,Well,Clean,44.0,24000.0,2020.0,Red Cross,,,Motorized Pump,"(-19.021202309481126, 24.22493370359601)",Functioning
WP904,Well,Contaminated,39.0,30000.0,2016.0,Red Cross,,8.0,Motorized Pump,"(-23.88150724775457, 22.063850239984525)",Not Functioning
WP905,,Contaminated,45.0,29000.0,2009.0,USAID,Free,15.0,,"(-23.662327098615204, 23.449687976061494)",Not Functioning
WP906,Well,Contaminated,47.0,22000.0,2019.0,Red Cross,Free,5.0,Solar Pump,"(-21.770566786764125, 20.736767843805445)",Not Functioning
WP907,Well,Contaminated,38.0,22000.0,1994.0,USAID,Free,30.0,Motorized Pump,"(-22.933298668957995, 21.161079459900403)",
WP908,Lake,Contaminated,41.0,,2012.0,USAID,Free,12.0,Solar Pump,"(-22.92232950109788, 22.364615523749265)",Not Functioning
WP909,Lake,,40.0,22000.0,,USAID,Free,23.0,Motorized Pump,"(-18.791805023564336, 24.20943924049506)",Not Functioning
WP910,Well,Contaminated,36.0,25000.0,2019.0,Red Cross,Free,5.0,Motorized Pump,"(-22.747564656308064, 25.104378796482127)",Not Functioning
WP911,,Contaminated,43.0,20000.0,2002.0,Red Cross,Free,22.0,Solar Pump,,Functioning
WP912,Lake,Contaminated,39.0,21000.0,2007.0,UNICEF,Free,17.0,Solar Pump,"(-19.93537396717177, 26.064276107618273)",Not Functioning
,Lake,Contaminated,31.0,21000.0,1998.0,Red Cross,Pay per use,26.0,Motorized Pump,"(-22.47021087148059, 23.184248137207007)",Functioning
WP914,Well,Contaminated,,26000.0,2011.0,Red Cross,Free,13.0,,"(-21.740516038786808, 21.57531860522509)",Functioning
WP915,Well,Contaminated,44.0,,2020.0,,Free,4.0,Solar Pump,"(-19.334052904885652, 28.886378237079853)",Not Functioning
WP916,Well,Contaminated,43.0,30000.0,1998.0,USAID,,26.0,Motorized Pump,"(-21.743416650372353, 26.882561765103794)",Functioning
WP917,,Contaminated,,20000.0,2008.0,USAID,,,,"(-19.6004061626833, 26.098946584426685)",Functioning
WP918,Well,Contaminated,38.0,23000.0,2002.0,Red Cross,Free,22.0,Hand Pump,"(-23.793341962400515, 23.72157590676118)",Not Functioning
,,,,31000.0,1990.0,,Free,34.0,Motorized Pump,"(-18.725723866310027, 26.846464714173216)",Not Functioning
WP920,Well,Clean,33.0,20000.0,2008.0,Oxfam,Free,16.0,Hand Pump,"(-18.28344395231112, 28.90111021007156)",Not Functioning
WP921,,Contaminated,33.0,23000.0,2020.0,Red Cross,,4.0,Motorized Pump,,Not Functioning
WP922,Well,Clean,37.0,28000.0,1990.0,,Free,34.0,Motorized Pump,"(-21.67771485652585, 21.429940657432383)",Not Functioning
WP923,Well,Contaminated,44.0,23000.0,2017.0,UNICEF,Free,7.0,Solar Pump,,
WP924,Borehole,Contaminated,43.0,26000.0,2014.0,Red Cross,Free,10.0,Motorized Pump,"(-19.84038261176846, 25.86149544531085)",Functioning
WP925,Well,,41.0,24000.0,2018.0,,Pay per use,6.0,Motorized Pump,"(-18.54445402622383, 24.209672189621166)",
WP926,Lake,Contaminated,34.0,28000.0,1998.0,Red Cross,Pay per use,,Motorized Pump,"(-22.355344574707235, 23.06665471914664)",Not Functioning
,,Clean,40.0,19000.0,1990.0,USAID,Pay per use,34.0,,"(-23.035832795622245, 23.654681826365962)",Not Functioning
WP928,Lake,Contaminated,51.0,19000.0,2001.0,USAID,Pay per use,23.0,Motorized Pump,"(-20.965497919513336, 22.32686776361209)",Not Functioning
WP929,Lake,Clean,38.0,20000.0,2009.0,USAID,Pay per use,15.0,Solar Pump,"(-18.619725015270124, 26.141157947819895)",Not Functioning
WP930,,,46.0,22000.0,2018.0,Red Cross,Pay per use,6.0,Motorized Pump,"(-21.681212526686863, 19.813418196216304)",Not Functioning
WP931,Well,Clean,39.0,24000.0,,,Free,6.0,Motorized Pump,,Not Functioning
WP932,Borehole,Contaminated,,25000.0,2020.0,Red Cross,Pay per use,4.0,Solar Pump,"(-19.555263686246963, 26.986285333392342)",Not Functioning
WP933,,Contaminated,38.0,22000.0,2018.0,Red Cross,Free,6.0,,,Not Functioning
WP934,Well,Contaminated,30.0,23000.0,2008.0,Red Cross,,,Motorized Pump,"(-19.399618004233353, 24.03266645919234)",Functioning
WP935,Well,Contaminated,,27000.0,1993.0,Red Cross,Free,31.0,,"(-23.64760670668032, 21.29776676734022)",Not Functioning
,Lake,Contaminated,38.0,24000.0,2015.0,UNICEF,Free,9.0,Motorized Pump,"(-23.85229693550321, 23.029772102350947)",Not Functioning
WP937,Borehole,Contaminated,45.0,20000.0,1990.0,USAID,,34.0,Motorized Pump,"(-20.87610873686879, 20.233559552454146)",Functioning
WP938,Well,Clean,41.0,26000.0,2008.0,Oxfam,Pay per use,16.0,Solar Pump,"(-22.160377323366962, 19.47177205510745)",Not Functioning
,Well,Contaminated,42.0,23000.0,2004.0,USAID,Free,20.0,Solar Pump,"(-21.764223099117146, 20.44918744618927)",Functioning
WP940,,,52.0,20000.0,2005.0,UNICEF,Free,19.0,Motorized Pump,"(-20.01273225252254, 25.912911975862386)",Not Functioning
WP941,Lake,Clean,43.0,21000.0,2000.0,Oxfam,Pay per use,24.0,Motorized Pump,,Not Functioning
WP942,Well,Contaminated,38.0,19000.0,1995.0,Red Cross,Free,29.0,Solar Pump,"(-17.604633609316085, 24.092254348194494)",Not Functioning
WP943,Lake,Clean,38.0,28000.0,,Red Cross,Free,31.0,,"(-18.79470716599794, 27.150337448173357)",Not Functioning
WP944,,Clean,38.0,,,Red Cross,,,Solar Pump,"(-17.770005643035216, 28.65770193704853)",
WP945,,Contaminated,30.0,22000.0,2018.0,USAID,Free,,Motorized Pump,"(-18.02960818349616, 24.00945284981011)",Functioning
,Lake,Contaminated,38.0,26000.0,2013.0,,Free,11.0,Hand Pump,"(-22.881623456658026, 22.662140982613998)",Not Functioning
WP947,,,37.0,23000.0,2004.0,Red Cross,Free,20.0,Solar Pump,"(-21.45139381187969, 21.1058805942845)",Not Functioning
WP948,Well,Contaminated,41.0,24000.0,2019.0,USAID,Pay per use,5.0,Solar Pump,"(-17.931109369687142, 19.717707066988936)",Not Functioning
,Lake,Contaminated,39.0,19000.0,1998.0,,Free,,Solar Pump,"(-18.707100167017494, 24.79647995705701)",Not Functioning
WP950,Lake,,,21000.0,1999.0,Oxfam,Pay per use,25.0,,"(-22.792816834348095, 22.22879914520556)",Not Functioning
WP951,River,Contaminated,40.0,20000.0,1998.0,,Free,26.0,Solar Pump,"(-20.47768146338676, 25.17408998872083)",Not Functioning
WP952,River,Contaminated,42.0,27000.0,2005.0,UNICEF,Free,,Motorized Pump,,Functioning
WP953,Lake,Contaminated,34.0,,1998.0,USAID,Pay per use,26.0,Solar Pump,"(-23.407119450384478, 23.302342205698235)",Not Functioning
,Well,Contaminated,49.0,22000.0,,,Free,7.0,Motorized Pump,"(-20.90582475269293, 25.71413701705795)",Functioning
WP955,Lake,Clean,38.0,24000.0,,Red Cross,Free,4.0,Motorized Pump,"(-19.87297870006756, 27.945546762687435)",Not Functioning
WP956,Lake,,46.0,22000.0,2017.0,USAID,Pay per use,7.0,Motorized Pump,"(-22.020933790421967, 26.093811348370487)",Not Functioning
WP957,Lake,,37.0,20000.0,2018.0,,Pay per use,6.0,Motorized Pump,"(-20.575156596896022, 21.628896278810068)",Not Functioning
WP958,Well,Contaminated,,21000.0,2015.0,Oxfam,Pay per use,9.0,Solar Pump,"(-21.404966265395064, 25.97021648974901)",Not Functioning
,Borehole,Contaminated,52.0,28000.0,1993.0,USAID,Free,31.0,Motorized Pump,"(-21.302546853696096, 19.416176606275908)",
WP960,,Contaminated,42.0,27000.0,2009.0,UNICEF,,15.0,Solar Pump,"(-21.782943206102388, 25.618989769157242)",Not Functioning
,,Contaminated,35.0,20000.0,2001.0,Red Cross,Free,,Solar Pump,"(-23.14634811333076, 19.091602738868136)",Not Functioning
WP962,Lake,Clean,35.0,28000.0,1994.0,Red Cross,Free,30.0,Motorized Pump,"(-19.194347615203032, 25.53099293119019)",Not Functioning
WP963,Borehole,Contaminated,36.0,26000.0,,USAID,Free,24.0,Solar Pump,"(-19.267838156405542, 24.727481614984843)",Not Functioning
WP964,Borehole,,,27000.0,1999.0,,Free,,Hand Pump,"(-21.766102730231278, 25.391136379631092)",Functioning
,Well,Clean,48.0,,1994.0,,Free,30.0,Solar Pump,"(-20.723994463747733, 27.25494946199135)",Not Functioning
WP966,,Contaminated,51.0,19000.0,1992.0,Red Cross,Pay per use,32.0,Solar Pump,"(-23.547098156281073, 26.428580771276362)",Not Functioning
,Lake,Contaminated,40.0,29000.0,2012.0,Red Cross,Free,12.0,Motorized Pump,"(-19.733514144996835, 19.599264786586662)",Not Functioning
WP968,,,47.0,25000.0,1993.0,Red Cross,Free,31.0,Motorized Pump,"(-20.848131393034762, 25.288589657326696)",Functioning
WP969,Lake,Clean,44.0,20000.0,2015.0,,Free,9.0,Motorized Pump,"(-21.38115057356541, 22.962159720292195)",Not Functioning
WP970,Lake,Clean,31.0,22000.0,1995.0,,Free,29.0,Solar Pump,"(-21.30141556813564, 21.43554933208121)",Not Functioning
WP971,Well,,37.0,24000.0,2005.0,Red Cross,Free,19.0,Solar Pump,"(-17.683582829954492, 25.129167850015094)",Not Functioning
WP972,Lake,Contaminated,41.0,28000.0,2015.0,USAID,Free,9.0,Hand Pump,"(-23.73113309221674, 23.13514802254032)",Not Functioning
WP973,Lake,Clean,32.0,26000.0,1993.0,USAID,Free,31.0,Motorized Pump,"(-18.532612556734215, 25.497784244016987)",Not Functioning
,Well,Contaminated,,25000.0,2019.0,UNICEF,Free,5.0,Hand Pump,"(-19.44715934872125, 24.67582125774178)",Not Functioning
WP975,Well,Clean,32.0,27000.0,2012.0,Red Cross,,12.0,Motorized Pump,"(-22.100154334629508, 19.50485661272679)",Not Functioning
WP976,Lake,Contaminated,53.0,24000.0,2018.0,USAID,Pay per use,6.0,Solar Pump,"(-23.31623957601676, 23.819509804837473)",Not Functioning
,Lake,Clean,46.0,17000.0,1999.0,USAID,Free,25.0,Solar Pump,,
WP978,Borehole,Contaminated,47.0,27000.0,1998.0,Oxfam,Free,26.0,Solar Pump,"(-22.47180859511521, 27.524192027569267)",Not Functioning
WP979,Borehole,Contaminated,42.0,23000.0,,Red Cross,Free,18.0,Motorized Pump,"(-21.82095277370331, 23.383440659642304)",Not Functioning
WP980,,Contaminated,33.0,23000.0,2013.0,USAID,Pay per use,11.0,Solar Pump,"(-23.98630570708758, 26.06566646850778)",Not Functioning
WP981,Well,Contaminated,38.0,28000.0,2002.0,,Free,22.0,Motorized Pump,"(-21.132169150475853, 22.835990124239988)",Not Functioning
,Well,Contaminated,41.0,,,Red Cross,Free,4.0,Motorized Pump,"(-19.521622699084915, 24.11341690508239)",Functioning
WP983,Lake,,36.0,29000.0,2017.0,USAID,Free,7.0,,"(-20.65313784711311, 25.73454240154015)",Not Functioning
WP984,,Contaminated,49.0,32000.0,2017.0,Red Cross,,7.0,Motorized Pump,"(-23.930081514076587, 20.263453523907398)",Not Functioning
WP985,Well,Contaminated,33.0,19000.0,2001.0,,Pay per use,23.0,Motorized Pump,"(-21.47468611624368, 25.353974388384025)",Not Functioning
WP986,Borehole,Contaminated,31.0,25000.0,2007.0,Red Cross,Pay per use,17.0,,"(-22.376385543243224, 20.75388407193187)",Not Functioning
WP987,Well,Clean,46.0,25000.0,1993.0,Oxfam,,,Solar Pump,"(-21.79202223843074, 25.63817879472763)",Not Functioning
WP988,Well,Contaminated,40.0,22000.0,2016.0,USAID,Pay per use,8.0,,"(-20.563276455893515, 24.46798177881281)",Not Functioning
,Lake,Contaminated,40.0,22000.0,2014.0,USAID,Free,10.0,Motorized Pump,"(-21.183815344946904, 28.328844417200468)",Not Functioning
WP990,Well,Clean,35.0,19000.0,,USAID,Free,34.0,,"(-19.484215757907037, 24.781301268616495)",Not Functioning
WP991,,Contaminated,28.0,25000.0,1993.0,Red Cross,Free,31.0,Solar Pump,"(-23.04740471539685, 21.745816878465817)",Not Functioning
WP992,Lake,Contaminated,,20000.0,2016.0,,Free,8.0,,"(-22.521304967934494, 21.942691812295216)",Not Functioning
WP993,Well,Contaminated,50.0,22000.0,2014.0,,Free,10.0,Motorized Pump,"(-19.17329950807692, 24.365321707956085)",Not Functioning
WP994,Well,Clean,36.0,22000.0,1990.0,UNICEF,Pay per use,34.0,Solar Pump,"(-21.78871446000502, 26.278279959912123)",Not Functioning
WP995,Lake,Clean,33.0,25000.0,1995.0,,Free,,Hand Pump,"(-18.886766139543187, 25.644967903072054)",Not Functioning
,Well,Clean,31.0,21000.0,,USAID,Pay per use,,Hand Pump,,
,Lake,Clean,33.0,21000.0,2001.0,USAID,Pay per use,23.0,Solar Pump,,Not Functioning
WP998,Well,Contaminated,34.0,20000.0,2013.0,,Free,11.0,Motorized Pump,,Functioning
WP999,Well,Contaminated,,24000.0,2005.0,USAID,Pay per use,19.0,,"(-22.652659373430676, 22.66096003305308)",Functioning
WP1000,Lake,Clean,49.0,22000.0,2008.0,USAID,Free,,Motorized Pump,"(-18.805703840607173, 27.80607624440946)",Not Functioning
WP1001,,Clean,37.0,28000.0,2012.0,Red Cross,Free,12.0,Solar Pump,"(-21.788527262557288, 24.428942691611905)",Not Functioning
WP1002,Well,Clean,40.0,27000.0,2008.0,USAID,Free,16.0,,,Not Functioning
WP1003,Lake,Clean,45.0,24000.0,1992.0,Oxfam,Pay per use,32.0,,"(-23.990871264816896, 23.355252718772658)",Not Functioning
WP1004,,Contaminated,42.0,22000.0,2016.0,USAID,Free,8.0,Motorized Pump,,Functioning
WP1005,,Contaminated,49.0,24000.0,1992.0,Oxfam,Free,32.0,Motorized Pump,"(-22.843780102771916, 22.56475088298778)",Functioning
WP1006,Well,Contaminated,44.0,24000.0,2011.0,USAID,Free,13.0,Hand Pump,"(-17.693194725099453, 24.196852005012833)",
,,Clean,29.0,25000.0,1992.0,World Bank,Pay per use,32.0,,"(-18.917720841719095, 26.357560394606583)",Not Functioning
WP1008,Well,,46.0,23000.0,2004.0,Red Cross,Free,20.0,Motorized Pump,"(-19.48398248211168, 27.485815217132547)",Functioning
WP1009,Well,Contaminated,44.0,22000.0,2011.0,USAID,Free,13.0,Motorized Pump,,Functioning
WP1010,Well,Contaminated,31.0,26000.0,1998.0,Red Cross,Free,26.0,,,Not Functioning
WP1011,Lake,Contaminated,39.0,25000.0,2004.0,USAID,Free,20.0,,"(-19.778900624427095, 20.109418899129054)",
WP1012,Lake,Contaminated,54.0,28000.0,2005.0,,Free,19.0,Hand Pump,"(-22.426732596286985, 20.863126521522275)",Not Functioning
WP1013,Well,Clean,46.0,24000.0,2014.0,Oxfam,Pay per use,10.0,Solar Pump,"(-19.86716257254394, 27.46389723184816)",
WP1014,Well,Contaminated,37.0,24000.0,2011.0,Red Cross,Free,,Motorized Pump,"(-22.37274778695819, 19.20424100772105)",Functioning
WP1015,Well,Clean,,26000.0,1994.0,UNICEF,Free,30.0,Solar Pump,"(-21.16751916002078, 21.48140867772019)",Not Functioning
WP1016,Lake,Contaminated,37.0,20000.0,1991.0,Red Cross,Free,33.0,,"(-19.301519513536476, 26.55972639314482)",
WP1017,Lake,Clean,52.0,21000.0,2004.0,Red Cross,Free,20.0,Solar Pump,"(-18.747417783767425, 27.01558421744535)",
WP1018,Well,Clean,39.0,27000.0,1998.0,USAID,Free,26.0,Solar Pump,"(-20.77256022715041, 21.214315999280366)",Not Functioning
WP1019,Well,Contaminated,30.0,28000.0,1993.0,USAID,Free,31.0,Solar Pump,"(-21.29844740048112, 25.47235989532592)",Not Functioning
WP1020,Well,Contaminated,40.0,21000.0,1994.0,Red Cross,Free,30.0,Motorized Pump,"(-17.917629050397828, 27.23817861277796)",Functioning
WP1021,Well,Contaminated,,,2005.0,Red Cross,Pay per use,19.0,Hand Pump,"(-20.91013373782953, 24.165905387203978)",Functioning
WP1022,Borehole,Contaminated,38.0,23000.0,2006.0,UNICEF,,18.0,Solar Pump,"(-22.398179175050423, 21.914806085948303)",Not Functioning
WP1023,Well,Clean,39.0,21000.0,2011.0,USAID,Pay per use,13.0,Motorized Pump,"(-19.061197036317516, 27.944465552273464)",Not Functioning
WP1024,Well,Clean,33.0,21000.0,,Red Cross,Pay per use,5.0,Motorized Pump,"(-18.34606319302907, 25.42077481156025)",Functioning
WP1025,Well,Contaminated,40.0,19000.0,,,Free,16.0,Motorized Pump,"(-18.017773525895, 28.543039465097635)",Not Functioning
WP1026,Well,,35.0,21000.0,,Red Cross,Pay per use,19.0,Motorized Pump,,Not Functioning
WP1027,,Contaminated,31.0,20000.0,1996.0,USAID,,28.0,Solar Pump,"(-19.383728932692126, 27.198486046933105)",Not Functioning
WP1028,Well,,45.0,22000.0,2019.0,Red Cross,Free,5.0,Motorized Pump,"(-21.35930709821413, 26.85604140151086)",Not Functioning
WP1029,Well,Contaminated,31.0,30000.0,,Oxfam,,11.0,Solar Pump,"(-21.89377360573724, 23.39710711271127)",Not Functioning
WP1030,,Clean,49.0,23000.0,2000.0,Red Cross,,24.0,,"(-21.072607857227034, 26.598831037450996)",Not Functioning
WP1031,Well,Clean,44.0,25000.0,2001.0,Oxfam,Free,,Solar Pump,"(-23.099381504181032, 25.502766405300058)",Not Functioning
WP1032,,Contaminated,33.0,27000.0,2013.0,Red Cross,,,,,Functioning
WP1033,Well,Contaminated,41.0,26000.0,1999.0,Red Cross,Free,25.0,,"(-19.505239067076985, 26.883727577936746)",Not Functioning
WP1034,Borehole,Contaminated,47.0,29000.0,,Red Cross,,17.0,Motorized Pump,"(-23.15368265941731, 22.27080143353846)",Not Functioning
,Lake,Clean,37.0,25000.0,2006.0,USAID,Pay per use,18.0,,"(-20.696283694814387, 27.214310568096202)",Not Functioning
WP1036,Lake,Clean,49.0,20000.0,2003.0,USAID,Pay per use,21.0,Solar Pump,"(-23.915342843458575, 20.921946069868277)",Not Functioning
WP1037,,Contaminated,44.0,23000.0,,,Free,29.0,Motorized Pump,"(-20.892851667770547, 25.17137391007922)",Not Functioning
,Well,Contaminated,46.0,29000.0,1995.0,Red Cross,Pay per use,,Solar Pump,"(-19.06947666459156, 24.058005179218252)",Not Functioning
WP1039,Well,Clean,,20000.0,2008.0,UNICEF,Pay per use,16.0,Motorized Pump,"(-23.412973476966943, 22.81771176687916)",Functioning
WP1040,Lake,Clean,45.0,19000.0,1997.0,Red Cross,Free,27.0,Hand Pump,,Not Functioning
WP1041,Well,,,,2010.0,Red Cross,Free,14.0,Solar Pump,"(-22.530681957193803, 22.273861215613543)",Not Functioning
WP1042,Well,,46.0,29000.0,2001.0,USAID,Free,,Solar Pump,"(-21.612090571987437, 20.155146315451915)",Not Functioning
,Lake,Clean,48.0,26000.0,2006.0,World Bank,Free,18.0,,"(-21.849397833481977, 25.092577122578525)",Not Functioning
WP1044,Lake,,35.0,19000.0,2009.0,UNICEF,Pay per use,15.0,,"(-21.727568212808812, 25.09435419690551)",
WP1045,,Contaminated,42.0,25000.0,2006.0,USAID,,18.0,Solar Pump,,Not Functioning
WP1046,Well,Contaminated,44.0,23000.0,1996.0,Red Cross,Free,28.0,Solar Pump,"(-23.11583572899912, 21.15775549857194)",Not Functioning
WP1047,Lake,,36.0,23000.0,2006.0,,Pay per use,18.0,Solar Pump,"(-21.883496087536145, 21.375864567991766)",Not Functioning
WP1048,Well,,41.0,25000.0,2020.0,Red Cross,Pay per use,4.0,Solar Pump,,Not Functioning
WP1049,Borehole,Contaminated,33.0,26000.0,1995.0,Oxfam,,,Motorized Pump,"(-17.60493150420062, 26.77993501845804)",Functioning
WP1050,Well,Clean,49.0,,2008.0,Red Cross,Free,16.0,Solar Pump,"(-23.605639864508632, 22.036341190480364)",Not Functioning
WP1051,,Contaminated,43.0,17000.0,2012.0,USAID,,12.0,Motorized Pump,"(-18.96230002624668, 25.111721851442596)",Not Functioning
WP1052,Well,Contaminated,39.0,20000.0,2010.0,USAID,Free,,Motorized Pump,"(-23.74353824072023, 19.858167797733913)",Not Functioning
WP1053,,Contaminated,,27000.0,1995.0,UNICEF,Pay per use,29.0,Solar Pump,"(-21.50323398047941, 25.757999844889195)",Functioning
WP1054,Lake,Clean,43.0,17000.0,2020.0,Oxfam,,4.0,Solar Pump,"(-23.132370555281653, 22.875437327358732)",Not Functioning
WP1055,Lake,,41.0,23000.0,2017.0,USAID,Pay per use,7.0,Hand Pump,"(-17.62949578320368, 28.219556673179838)",Not Functioning
,Well,,37.0,21000.0,2001.0,Red Cross,Free,23.0,Hand Pump,,Not Functioning
WP1057,Well,Contaminated,,21000.0,,Oxfam,Free,9.0,Motorized Pump,"(-21.800792903816415, 20.84706480185919)",Functioning
WP1058,Lake,Contaminated,45.0,22000.0,2012.0,USAID,Free,12.0,Hand Pump,"(-17.546359185373248, 26.279392335388927)",Not Functioning
WP1059,Well,Contaminated,41.0,23000.0,2001.0,Red Cross,Free,23.0,Motorized Pump,,Not Functioning
WP1060,Well,Contaminated,30.0,27000.0,2003.0,USAID,Pay per use,21.0,Solar Pump,"(-23.942388104874933, 22.604450609429353)",Functioning
WP1061,,Contaminated,59.0,20000.0,2011.0,Red Cross,Free,13.0,Solar Pump,"(-21.624714197548943, 26.914856074334768)",Not Functioning
,Well,Contaminated,40.0,26000.0,2011.0,Red Cross,Free,,Motorized Pump,,Not Functioning
WP1063,Borehole,,39.0,,1994.0,USAID,Free,,Motorized Pump,"(-21.36598590068464, 23.922593246629035)",Functioning
WP1064,Well,Contaminated,,24000.0,1999.0,Red Cross,Free,,,"(-23.319012694322858, 21.954990712209813)",Not Functioning
WP1065,Lake,Clean,47.0,17000.0,2006.0,Red Cross,Free,,,"(-20.15334291764436, 26.421343003273215)",Not Functioning
WP1066,Well,Contaminated,38.0,23000.0,1990.0,Oxfam,Pay per use,34.0,Solar Pump,,Not Functioning
WP1067,Well,Contaminated,47.0,22000.0,2020.0,Red Cross,Free,4.0,,"(-21.958602497918395, 21.44865318546854)",Not Functioning
WP1068,Lake,Contaminated,34.0,23000.0,2016.0,,Free,8.0,Motorized Pump,"(-23.512288371453124, 25.707380626847144)",Not Functioning
,,Clean,41.0,,1999.0,USAID,Free,25.0,Motorized Pump,"(-21.333891773907574, 23.433667546807452)",Not Functioning
,River,Contaminated,41.0,23000.0,2000.0,USAID,Free,24.0,,"(-17.778820045298286, 26.876258363891544)",Functioning
WP1071,Well,Contaminated,44.0,25000.0,1990.0,Red Cross,Free,34.0,Hand Pump,"(-21.024529518502316, 24.041986137510396)",Functioning
WP1072,Well,,43.0,,2000.0,,Free,,Solar Pump,"(-18.7146768451905, 28.393461226339497)",Not Functioning
WP1073,Well,Contaminated,46.0,25000.0,1991.0,Red Cross,Free,33.0,Motorized Pump,,Not Functioning
WP1074,Lake,Clean,40.0,21000.0,1992.0,UNICEF,,32.0,Solar Pump,"(-22.534896930609996, 22.183335264608306)",Not Functioning
WP1075,Well,Contaminated,,23000.0,1996.0,Red Cross,Free,28.0,Solar Pump,"(-22.1220305888701, 26.457923237853194)",Not Functioning
WP1076,Lake,Contaminated,52.0,31000.0,2014.0,UNICEF,Free,10.0,Motorized Pump,"(-22.0575364920347, 22.383696614262544)",Not Functioning
WP1077,,Clean,39.0,25000.0,1998.0,USAID,,,Motorized Pump,"(-21.233310097557723, 26.572041271767606)",Not Functioning
WP1078,,Contaminated,35.0,22000.0,2007.0,USAID,Free,17.0,Motorized Pump,"(-23.17131376964927, 26.34816036391424)",Not Functioning
WP1079,River,Clean,35.0,23000.0,2002.0,USAID,Free,,Motorized Pump,"(-21.118532734475295, 25.22512122560883)",
WP1080,Lake,Contaminated,39.0,25000.0,2019.0,Red Cross,,5.0,Motorized Pump,"(-17.99444678169835, 27.930779004951376)",Not Functioning
WP1081,Well,Clean,34.0,21000.0,1996.0,UNICEF,Free,28.0,Solar Pump,"(-21.14292698630149, 19.601096131649797)",Not Functioning
WP1082,Lake,Contaminated,,22000.0,2005.0,Red Cross,Free,19.0,Solar Pump,"(-20.520278300706597, 24.559883398076202)",Not Functioning
WP1083,,,47.0,25000.0,,Red Cross,Free,19.0,Hand Pump,,Functioning
WP1084,,Clean,45.0,30000.0,2014.0,Oxfam,Pay per use,10.0,,"(-23.40766301238115, 22.908152848502557)",Not Functioning
WP1085,Well,Contaminated,,25000.0,1990.0,USAID,Free,34.0,Hand Pump,,Functioning
WP1086,Lake,,33.0,,2019.0,Oxfam,Free,5.0,Solar Pump,"(-22.494913860123596, 20.435973006747844)",Not Functioning
WP1087,Well,,,,,USAID,Free,21.0,Motorized Pump,"(-20.539070119250656, 23.243435422640005)",Not Functioning
WP1088,Well,Contaminated,37.0,21000.0,2006.0,USAID,Free,18.0,,"(-22.04940057043797, 21.115855207909803)",
,Well,Contaminated,50.0,24000.0,2012.0,Red Cross,Pay per use,12.0,,"(-18.425569375066516, 25.982767660523482)",
WP1090,Well,Contaminated,44.0,22000.0,2001.0,Red Cross,Pay per use,23.0,Hand Pump,"(-20.81937028971309, 24.67727399153697)",Not Functioning
,River,Contaminated,,23000.0,,,Pay per use,14.0,Solar Pump,,Not Functioning
WP1092,,Contaminated,,25000.0,2000.0,UNICEF,Pay per use,24.0,Motorized Pump,"(-17.96726476609464, 25.488964159002336)",Functioning
,Well,Contaminated,,,2016.0,Oxfam,Pay per use,,Motorized Pump,"(-20.51213356647372, 21.611655215422516)",Functioning
,Lake,Contaminated,38.0,24000.0,,Red Cross,Free,29.0,Solar Pump,"(-17.85696193248196, 26.096024907383395)",Not Functioning
WP1095,Well,Contaminated,40.0,22000.0,2015.0,Oxfam,Free,9.0,Solar Pump,"(-18.022313342544926, 24.04552396293405)",Not Functioning
WP1096,Well,Contaminated,45.0,21000.0,1992.0,Red Cross,Free,32.0,Solar Pump,"(-22.59516181697768, 23.313685722545948)",Not Functioning
,Well,Contaminated,34.0,20000.0,2011.0,Red Cross,Pay per use,13.0,Motorized Pump,"(-18.03697284303108, 25.402112247185237)",Not Functioning
WP1098,Borehole,Contaminated,,23000.0,2009.0,UNICEF,Free,,Solar Pump,"(-21.08993560986243, 19.768815718991327)",Not Functioning
WP1099,Borehole,Clean,,24000.0,2008.0,UNICEF,Free,16.0,Hand Pump,"(-23.90741347389375, 27.362413988004995)",Not Functioning
WP1100,Well,Contaminated,36.0,19000.0,2009.0,USAID,Pay per use,15.0,Motorized Pump,"(-21.087422746603696, 26.225117432943147)",Functioning
WP1101,Well,Contaminated,34.0,27000.0,2016.0,Red Cross,Pay per use,8.0,Solar Pump,"(-19.395608025829983, 25.344648449902717)",Not Functioning
WP1102,Well,Clean,39.0,21000.0,2016.0,Red Cross,Free,8.0,Motorized Pump,"(-18.566703064193316, 24.437951012437683)",Not Functioning
WP1103,Lake,Clean,,23000.0,1992.0,Red Cross,Pay per use,32.0,Solar Pump,"(-21.04184489718694, 21.99839005625947)",Not Functioning
WP1104,Lake,Contaminated,42.0,21000.0,2003.0,USAID,Free,,Motorized Pump,"(-23.743599344545498, 19.484699461707642)",Not Functioning
,Well,Clean,51.0,25000.0,,USAID,Free,28.0,,"(-22.17896330381623, 24.507833249218194)",Not Functioning
WP1106,Well,Contaminated,45.0,,2008.0,World Bank,Pay per use,16.0,Solar Pump,,Not Functioning
WP1107,Well,Contaminated,,20000.0,2006.0,Oxfam,Free,,Motorized Pump,"(-21.883854018276157, 25.293362244055146)",Functioning
WP1108,,Contaminated,47.0,23000.0,2018.0,Red Cross,Free,6.0,Motorized Pump,,
WP1109,Lake,Contaminated,35.0,24000.0,1992.0,Red Cross,Free,32.0,Motorized Pump,"(-19.690474688049314, 22.04102045256525)",Not Functioning
WP1110,Lake,Contaminated,,22000.0,2010.0,USAID,Pay per use,,Solar Pump,"(-22.67581562656604, 19.475909249987946)",Not Functioning
WP1111,Well,Contaminated,39.0,23000.0,2003.0,Oxfam,Pay per use,21.0,Solar Pump,"(-19.260345787212778, 27.945676051944456)",Not Functioning
WP1112,,Contaminated,,30000.0,2013.0,Red Cross,Free,11.0,Solar Pump,"(-23.23630619119582, 19.09362309191935)",
WP1113,Well,Clean,46.0,15000.0,,Red Cross,Pay per use,4.0,Motorized Pump,"(-19.38056018909599, 24.587059260081244)",Not Functioning
WP1114,Lake,,43.0,18000.0,2005.0,USAID,Pay per use,,Motorized Pump,"(-22.55558200764886, 22.163482795654204)",Not Functioning
WP1115,Well,Contaminated,47.0,24000.0,2014.0,Red Cross,Pay per use,10.0,Motorized Pump,"(-17.585610404080285, 26.96812405089096)",Not Functioning
,,,38.0,28000.0,2005.0,UNICEF,Free,19.0,Hand Pump,"(-20.70621955772099, 28.381958011915565)",Not Functioning
WP1117,Lake,Clean,45.0,23000.0,1990.0,,Free,34.0,Motorized Pump,"(-18.63827229477621, 24.61675070332617)",Not Functioning
WP1118,,Contaminated,46.0,21000.0,2009.0,Oxfam,Free,15.0,Motorized Pump,"(-19.745979025194426, 26.84707947853383)",Not Functioning
WP1119,Well,Contaminated,26.0,27000.0,2003.0,USAID,Free,21.0,Solar Pump,"(-17.967081017379833, 28.64596975608825)",Not Functioning
WP1120,Well,,42.0,19000.0,2002.0,,Free,,Solar Pump,"(-21.834135823346443, 25.871016595400867)",Not Functioning
WP1121,,,40.0,22000.0,1990.0,,Pay per use,34.0,Motorized Pump,"(-20.788295383787627, 22.581285310785137)",Not Functioning
,Well,Contaminated,,24000.0,1993.0,,Free,,Solar Pump,"(-23.58540685435374, 21.59655787803852)",Not Functioning
WP1123,Well,Contaminated,,24000.0,2000.0,UNICEF,Free,24.0,Motorized Pump,"(-20.516021477249467, 22.708173177315707)",Not Functioning
WP1124,Well,,46.0,22000.0,2016.0,Red Cross,Pay per use,8.0,Motorized Pump,"(-22.639450206754095, 20.402382633488074)",Not Functioning
WP1125,Well,Clean,36.0,23000.0,1994.0,UNICEF,Free,,Motorized Pump,"(-21.90988265651032, 25.960202008762394)",Not Functioning
WP1126,Well,Contaminated,38.0,20000.0,2017.0,UNICEF,Free,7.0,,"(-23.801414682174553, 19.438726587756754)",
WP1127,Well,Contaminated,40.0,25000.0,1991.0,,Free,33.0,,"(-23.341360751804277, 20.82980192999203)",Not Functioning
WP1128,Lake,Contaminated,36.0,23000.0,1996.0,Red Cross,,28.0,Solar Pump,,Not Functioning
WP1129,Well,Contaminated,40.0,19000.0,2008.0,Red Cross,,16.0,Solar Pump,"(-20.828896223640086, 21.716239051274684)",Not Functioning
WP1130,Well,Contaminated,,22000.0,2002.0,Oxfam,Free,,Motorized Pump,"(-21.537724318489442, 24.686780912376747)",Not Functioning
,Well,Contaminated,49.0,22000.0,,USAID,Free,34.0,Motorized Pump,,Functioning
WP1132,,Clean,44.0,27000.0,1995.0,USAID,,29.0,Solar Pump,"(-20.90371180225105, 21.76214889124849)",Not Functioning
WP1133,Borehole,Contaminated,44.0,22000.0,2016.0,USAID,Pay per use,8.0,Motorized Pump,,Functioning
WP1134,,Contaminated,38.0,,1992.0,Oxfam,Pay per use,32.0,,,Functioning
WP1135,Lake,Contaminated,50.0,,2010.0,UNICEF,Free,14.0,Solar Pump,"(-18.45977718607193, 28.750445820621767)",Not Functioning
,Well,Contaminated,49.0,24000.0,,Oxfam,Free,21.0,,,Functioning
WP1137,Well,Contaminated,44.0,25000.0,2013.0,Oxfam,Free,11.0,Motorized Pump,,Not Functioning
WP1138,Well,Contaminated,,24000.0,2016.0,Red Cross,Pay per use,8.0,Motorized Pump,"(-23.98623373532412, 26.33785564354846)",Not Functioning
WP1139,Lake,Contaminated,51.0,23000.0,2008.0,Red Cross,,16.0,Solar Pump,"(-22.452250744596782, 21.27847631365871)",Not Functioning
WP1140,,Contaminated,42.0,26000.0,2010.0,Red Cross,Pay per use,14.0,Motorized Pump,"(-20.348376022142993, 26.314171301057506)",Not Functioning
,,,40.0,24000.0,2005.0,Red Cross,Pay per use,19.0,Solar Pump,,Not Functioning
WP1142,,Clean,44.0,22000.0,,Red Cross,Pay per use,31.0,Solar Pump,"(-23.7227926682424, 21.934080792917023)",Not Functioning
WP1143,Well,,,21000.0,2002.0,Red Cross,Free,22.0,Solar Pump,"(-19.07706177955794, 26.938836075542397)",Not Functioning
WP1144,Borehole,Clean,38.0,24000.0,2000.0,UNICEF,Free,24.0,Motorized Pump,"(-23.453981547602197, 21.259481205753886)",Not Functioning
,Well,Contaminated,39.0,23000.0,1996.0,Red Cross,Pay per use,28.0,Solar Pump,,Not Functioning
WP1146,Well,Contaminated,35.0,28000.0,2012.0,USAID,Pay per use,,Motorized Pump,"(-23.39727338646721, 19.84681134671974)",Not Functioning
WP1147,Well,Contaminated,43.0,22000.0,1993.0,Red Cross,Pay per use,31.0,,,Not Functioning
WP1148,Well,Clean,,22000.0,2007.0,Red Cross,,,Solar Pump,"(-23.254317300327934, 19.200901343141233)",Not Functioning
WP1149,,Contaminated,49.0,26000.0,,Red Cross,Free,23.0,Hand Pump,"(-21.079747538050256, 25.116242366457822)",Not Functioning
WP1150,Lake,,,26000.0,,Red Cross,Pay per use,31.0,Solar Pump,"(-22.418267255541327, 20.351352580353705)",Not Functioning
,Lake,Contaminated,40.0,16000.0,2012.0,,Pay per use,12.0,Solar Pump,"(-19.00060018460857, 24.559740030284395)",Not Functioning
WP1152,Borehole,Clean,35.0,,2016.0,USAID,Free,,Solar Pump,"(-22.21903859268964, 26.60874417402537)",Not Functioning
WP1153,Well,Contaminated,35.0,,2001.0,USAID,Free,23.0,Motorized Pump,"(-23.923777671481805, 19.113303199529817)",Not Functioning
WP1154,,Contaminated,50.0,30000.0,2011.0,USAID,Free,13.0,,"(-21.22391650466833, 27.803742730047198)",Not Functioning
WP1155,River,Clean,45.0,24000.0,,,Free,11.0,Motorized Pump,"(-21.06710736161049, 23.37947759274339)",Functioning
WP1156,Lake,Contaminated,34.0,22000.0,1995.0,Red Cross,,29.0,Solar Pump,"(-22.016399922320996, 22.74286818128375)",Not Functioning
WP1157,Well,Contaminated,,24000.0,2016.0,,,8.0,Solar Pump,"(-23.366288493634357, 22.36672032136042)",Functioning
WP1158,,Clean,43.0,30000.0,2002.0,USAID,Free,22.0,Hand Pump,"(-17.842375408986257, 25.25468143722312)",Not Functioning
WP1159,Lake,Contaminated,44.0,24000.0,2004.0,Red Cross,Pay per use,20.0,,"(-20.8315530539114, 25.247228953324072)",
WP1160,Well,,38.0,23000.0,1992.0,Red Cross,Free,32.0,Solar Pump,"(-22.94333324412467, 22.889183303426385)",Not Functioning
WP1161,Well,Contaminated,45.0,23000.0,1995.0,Red Cross,Free,29.0,Solar Pump,"(-19.148796939983093, 26.62993150766971)",Not Functioning
WP1162,Lake,Clean,31.0,23000.0,2008.0,USAID,Pay per use,16.0,Solar Pump,"(-21.50981914426317, 20.66109811888896)",Not Functioning
WP1163,Well,Contaminated,,29000.0,1994.0,UNICEF,Pay per use,30.0,Motorized Pump,"(-18.96804631701621, 27.369867835974144)",Not Functioning
WP1164,Well,Contaminated,57.0,,1993.0,Red Cross,Free,31.0,Motorized Pump,"(-21.949933924320195, 22.944765953312217)",Functioning
WP1165,Borehole,Contaminated,47.0,25000.0,,Oxfam,,13.0,,"(-22.8961870242043, 19.337196767483658)",Functioning
,River,Contaminated,43.0,23000.0,1990.0,Red Cross,,34.0,Motorized Pump,"(-20.574223918168883, 24.852112231893514)",Not Functioning
,Well,Contaminated,37.0,26000.0,2002.0,Red Cross,Pay per use,,Motorized Pump,,Functioning
WP1168,River,,47.0,19000.0,2009.0,Red Cross,,15.0,,,Not Functioning
,,,42.0,25000.0,2017.0,Red Cross,Pay per use,,Solar Pump,"(-19.808471838396017, 26.839165377824248)",Not Functioning
,Borehole,Contaminated,33.0,22000.0,1993.0,USAID,Free,,Motorized Pump,,Not Functioning
WP1171,Well,Contaminated,49.0,25000.0,2006.0,Red Cross,Free,18.0,Motorized Pump,"(-18.926461237013886, 28.051813196926872)",Functioning
WP1172,,Contaminated,,26000.0,2008.0,USAID,Free,16.0,Motorized Pump,"(-18.052147881740034, 27.50797950147191)",Not Functioning
WP1173,,Contaminated,36.0,,2017.0,USAID,Free,7.0,Solar Pump,"(-23.29248596929671, 19.738499062582783)",
,,Contaminated,36.0,19000.0,2018.0,Red Cross,Free,6.0,Hand Pump,"(-22.106951002113522, 21.07928682720285)",Not Functioning
WP1175,Well,Contaminated,44.0,30000.0,2004.0,USAID,Free,20.0,Motorized Pump,"(-23.596819794764198, 21.9344845292073)",Not Functioning
WP1176,Well,Contaminated,45.0,26000.0,1990.0,Red Cross,,,Motorized Pump,"(-23.062010490347216, 21.59172137940973)",Not Functioning
WP1177,Lake,Contaminated,37.0,27000.0,,USAID,Pay per use,15.0,Solar Pump,"(-22.020374685426926, 23.730294694597468)",Not Functioning
WP1178,Well,Contaminated,23.0,27000.0,1995.0,Red Cross,,29.0,Motorized Pump,"(-21.292905126636807, 24.939272900056196)",Not Functioning
WP1179,Lake,Contaminated,40.0,20000.0,2020.0,Red Cross,Free,4.0,,"(-18.41854703494879, 27.470023131483014)",Not Functioning
WP1180,Well,Clean,39.0,26000.0,,,Free,9.0,Solar Pump,"(-23.90368811479349, 24.543864673450244)",Not Functioning
WP1181,Well,Clean,49.0,23000.0,2015.0,USAID,Free,9.0,Solar Pump,"(-22.59022895567707, 21.51312039078909)",Not Functioning
WP1182,Lake,,47.0,,1995.0,Red Cross,Pay per use,29.0,,"(-20.602804878782628, 25.208616495374265)",Not Functioning
WP1183,,Contaminated,41.0,29000.0,1997.0,Oxfam,Free,,Motorized Pump,"(-20.98698109080928, 19.206298127063086)",Not Functioning
WP1184,Lake,Contaminated,50.0,28000.0,,,Free,15.0,Hand Pump,"(-17.76759020359077, 26.326884387183853)",Not Functioning
WP1185,Well,Contaminated,39.0,23000.0,2001.0,Red Cross,Free,23.0,Motorized Pump,"(-23.85784926316931, 23.74297124532748)",Not Functioning
WP1186,Well,Contaminated,38.0,25000.0,1997.0,Red Cross,Pay per use,27.0,Motorized Pump,,Not Functioning
WP1187,Lake,Contaminated,,24000.0,2011.0,,Pay per use,13.0,Motorized Pump,"(-21.680562287232206, 26.371485041515307)",Not Functioning
,,Contaminated,48.0,23000.0,2015.0,Red Cross,Free,9.0,Solar Pump,"(-20.877435186738907, 26.13819185481456)",
WP1189,Well,,44.0,22000.0,2003.0,Red Cross,Free,21.0,Solar Pump,"(-22.882904025039345, 23.997664730021704)",Not Functioning
WP1190,Well,,39.0,24000.0,2010.0,,Pay per use,14.0,,"(-20.635370040217353, 21.244452034414792)",Functioning
WP1191,Lake,Clean,43.0,28000.0,2015.0,Oxfam,,,,"(-19.741024167528636, 27.68349220097877)",
WP1192,Well,Contaminated,43.0,24000.0,2013.0,,Free,11.0,Motorized Pump,"(-22.404486336060348, 19.43027370524136)",Not Functioning
WP1193,Well,Contaminated,39.0,25000.0,2010.0,USAID,,14.0,Motorized Pump,"(-18.39460111760969, 24.064023793508884)",Not Functioning
WP1194,Lake,Contaminated,48.0,22000.0,2002.0,,Free,22.0,Solar Pump,"(-19.33556028351247, 20.387329712593477)",Not Functioning
WP1195,Lake,Contaminated,32.0,20000.0,2014.0,USAID,Pay per use,10.0,Motorized Pump,"(-20.818760180032907, 23.062193253841766)",Functioning
WP1196,Borehole,Clean,39.0,27000.0,2014.0,,Free,10.0,Motorized Pump,,
,Lake,Contaminated,38.0,25000.0,2011.0,UNICEF,Free,13.0,,"(-18.39470890788967, 24.862298156027478)",Not Functioning
WP1198,Well,,42.0,20000.0,2002.0,Red Cross,Free,22.0,Solar Pump,"(-21.092303228103702, 27.46937412203233)",Functioning
WP1199,,Clean,45.0,24000.0,,Oxfam,Free,11.0,Motorized Pump,"(-23.03812134901649, 23.963937145253748)",Not Functioning
WP1200,Well,Clean,48.0,15000.0,1991.0,,Free,33.0,Solar Pump,,Not Functioning
WP1201,Lake,,35.0,24000.0,,Red Cross,Free,26.0,Solar Pump,"(-19.798748339804604, 26.026121408582664)",Not Functioning
WP1202,Borehole,Clean,,28000.0,2016.0,USAID,Free,8.0,Motorized Pump,"(-21.103410376887666, 24.390189127252565)",Not Functioning
WP1203,Well,Contaminated,35.0,24000.0,1997.0,Red Cross,Free,,Motorized Pump,"(-19.882499468309987, 22.533901855304826)",Not Functioning
WP1204,Borehole,Clean,37.0,25000.0,2017.0,Red Cross,Free,,Solar Pump,"(-20.12625708732483, 25.159293018574168)",
WP1205,Well,,55.0,31000.0,2007.0,Red Cross,Free,17.0,Solar Pump,"(-23.400937904667316, 23.901004512294033)",Not Functioning
WP1206,,Contaminated,47.0,23000.0,2006.0,Oxfam,Free,18.0,Solar Pump,"(-23.66723005591763, 28.61492782026187)",Not Functioning
,Well,Contaminated,36.0,26000.0,1993.0,Red Cross,Pay per use,31.0,,"(-18.773762286439236, 28.787883001933647)",Not Functioning
WP1208,Well,Clean,53.0,22000.0,2004.0,USAID,Pay per use,20.0,Motorized Pump,"(-21.611763102907453, 22.00640716556284)",Functioning
,,Contaminated,42.0,29000.0,2019.0,Oxfam,Free,5.0,,"(-19.28461993362496, 26.851334879182875)",Not Functioning
WP1210,Well,Contaminated,27.0,20000.0,2016.0,Red Cross,Pay per use,8.0,,"(-18.390056175389393, 22.654291786294497)",Not Functioning
WP1211,,Contaminated,43.0,20000.0,2010.0,Red Cross,Pay per use,14.0,Motorized Pump,"(-18.297884616423733, 25.20841185136418)",Not Functioning
WP1212,Well,Contaminated,51.0,26000.0,2020.0,,Free,4.0,Motorized Pump,"(-18.230015156220077, 20.67258176590923)",Not Functioning
WP1213,Well,Contaminated,40.0,26000.0,1999.0,Oxfam,Pay per use,25.0,Solar Pump,"(-17.50220420311256, 26.09269574505137)",Not Functioning
WP1214,Well,Clean,45.0,22000.0,1991.0,USAID,Free,33.0,Motorized Pump,"(-22.313577067181274, 21.921362520440745)",Functioning
WP1215,Borehole,,42.0,25000.0,2000.0,USAID,Free,24.0,Solar Pump,"(-20.371662101201377, 25.920370444405123)",Not Functioning
WP1216,Borehole,Clean,42.0,24000.0,2017.0,USAID,,7.0,Solar Pump,,Not Functioning
,River,Clean,,25000.0,2002.0,Red Cross,Pay per use,22.0,Motorized Pump,"(-19.386358587807777, 26.76019354786136)",Functioning
,Borehole,Contaminated,,24000.0,,USAID,Pay per use,29.0,Solar Pump,"(-23.216999772178944, 26.580727967461595)",Not Functioning
WP1219,Borehole,Contaminated,,21000.0,2002.0,Red Cross,Free,22.0,Solar Pump,"(-18.85415149886081, 25.116540610099648)",Not Functioning
WP1220,Well,Contaminated,42.0,24000.0,1990.0,Oxfam,,34.0,Motorized Pump,,Not Functioning
WP1221,Lake,Contaminated,38.0,23000.0,2005.0,Red Cross,,19.0,Motorized Pump,"(-21.021862615240856, 19.57333052997913)",Not Functioning
WP1222,Well,Clean,,24000.0,2013.0,Red Cross,Free,11.0,Motorized Pump,"(-19.57175693388555, 26.09118238036161)",Not Functioning
WP1223,Well,Clean,44.0,23000.0,2016.0,USAID,Free,,Solar Pump,"(-21.372172211694103, 25.405549651425147)",Not Functioning
WP1224,,Contaminated,40.0,28000.0,1991.0,USAID,Free,33.0,Motorized Pump,"(-21.611094331471243, 26.52078047504523)",Not Functioning
,,Contaminated,57.0,15000.0,1993.0,World Bank,Free,31.0,Solar Pump,"(-18.109993277171625, 26.409677241806268)",Not Functioning
,Lake,,,22000.0,2003.0,Red Cross,Free,21.0,,"(-19.635160943605836, 24.097678323629644)",Not Functioning
WP1227,Lake,Contaminated,49.0,28000.0,2012.0,World Bank,Pay per use,12.0,Solar Pump,"(-19.54265092172887, 24.71985446909994)",Not Functioning
WP1228,Well,Clean,45.0,25000.0,2006.0,USAID,Pay per use,18.0,Solar Pump,"(-23.03819376483305, 21.59910806732757)",Not Functioning
WP1229,Well,Clean,38.0,21000.0,2013.0,Red Cross,Free,11.0,Motorized Pump,"(-18.599990374272462, 26.941215952401386)",Not Functioning
,,Clean,33.0,23000.0,2002.0,USAID,Free,,Motorized Pump,"(-18.729614317910706, 27.71437545024674)",Not Functioning
WP1231,Lake,Contaminated,,26000.0,2005.0,Oxfam,Free,19.0,Motorized Pump,"(-20.861871322015105, 25.213404584667146)",Functioning
,Lake,Contaminated,43.0,22000.0,1991.0,,Free,33.0,Motorized Pump,"(-17.68571364755563, 28.466744142048398)",Not Functioning
WP1233,,Contaminated,46.0,22000.0,2018.0,Oxfam,Pay per use,6.0,,"(-20.123496680716208, 27.535404220377625)",Functioning
,Well,,37.0,20000.0,2013.0,Oxfam,,11.0,Solar Pump,,Not Functioning
WP1235,Well,Clean,41.0,,,Red Cross,,14.0,,"(-18.026829075976156, 19.965095915453368)",Not Functioning
WP1236,,Contaminated,47.0,25000.0,1997.0,USAID,Free,27.0,Solar Pump,"(-23.567978615836214, 19.690426598989095)",Not Functioning
WP1237,Lake,Contaminated,49.0,24000.0,2019.0,USAID,Free,5.0,Solar Pump,"(-18.7888703108208, 25.03102093520935)",Not Functioning
WP1238,Well,Contaminated,40.0,,2016.0,Red Cross,Free,8.0,Solar Pump,"(-18.862962737320093, 27.828310502538987)",Not Functioning
WP1239,Well,Contaminated,44.0,,2016.0,Red Cross,Free,8.0,Motorized Pump,"(-20.745143667954448, 21.403870204804242)",Not Functioning
WP1240,Well,Contaminated,45.0,19000.0,2004.0,,Pay per use,20.0,,"(-18.994472960630663, 20.571400321157853)",Functioning
WP1241,Well,Contaminated,38.0,21000.0,2004.0,Red Cross,Free,20.0,Motorized Pump,"(-21.16810529351358, 25.608081078317564)",Not Functioning
WP1242,,Contaminated,42.0,24000.0,2012.0,Oxfam,Free,,Solar Pump,"(-21.086462188568728, 27.251858119518964)",Not Functioning
WP1243,,Contaminated,46.0,21000.0,1990.0,Red Cross,,34.0,Motorized Pump,"(-20.91531219256508, 21.00356221144881)",Not Functioning
,Well,,39.0,27000.0,,USAID,Free,4.0,Motorized Pump,"(-19.33789958505146, 27.929371882815907)",Functioning
WP1245,Borehole,Contaminated,,22000.0,1990.0,Oxfam,Free,34.0,Motorized Pump,"(-18.92041967852043, 27.069659025223388)",Functioning
WP1246,Well,Clean,48.0,25000.0,2009.0,Red Cross,Pay per use,,Motorized Pump,"(-19.085399548628015, 19.266017927513126)",Functioning
WP1247,Well,Contaminated,33.0,21000.0,,USAID,Free,5.0,Motorized Pump,"(-20.740755145299325, 21.01474163756927)",Not Functioning
WP1248,Well,Clean,43.0,23000.0,1996.0,,Free,28.0,Motorized Pump,"(-21.53485496256536, 20.35624202288908)",Not Functioning
WP1249,Well,Contaminated,38.0,,2011.0,Red Cross,Free,,Motorized Pump,,Not Functioning
,,Clean,36.0,21000.0,2010.0,Red Cross,Free,14.0,Motorized Pump,"(-23.003100515698424, 28.081880274811894)",Not Functioning
WP1251,Well,Contaminated,45.0,26000.0,2013.0,Red Cross,Free,,Motorized Pump,"(-18.871787801873133, 26.674365574055834)",Functioning
WP1252,Well,,37.0,19000.0,2002.0,Red Cross,Free,22.0,,"(-17.94553789462807, 27.99853200431272)",
WP1253,,,48.0,,,Red Cross,Pay per use,33.0,Solar Pump,"(-22.03752525019161, 24.02812962084537)",Not Functioning
WP1254,,Contaminated,,,,Oxfam,Free,16.0,,"(-21.35559233045723, 27.105969187313416)",Not Functioning
WP1255,Well,Contaminated,38.0,28000.0,1992.0,Red Cross,Free,32.0,,"(-23.528865811067963, 20.594236649803555)",Not Functioning
WP1256,Borehole,Clean,45.0,27000.0,1999.0,Red Cross,Free,25.0,Motorized Pump,"(-20.591792669793882, 22.46565850198001)",Functioning
WP1257,Well,Contaminated,40.0,,2009.0,Red Cross,,15.0,,"(-21.901166836698636, 19.86341015148676)",Functioning
WP1258,Lake,Contaminated,47.0,23000.0,1993.0,Red Cross,Free,31.0,,"(-20.76500398123597, 26.60250725398903)",Not Functioning
WP1259,Well,Contaminated,44.0,,,Red Cross,Pay per use,13.0,,"(-20.63010302823562, 26.296933940985774)",Not Functioning
WP1260,Well,Clean,41.0,23000.0,2013.0,Red Cross,Pay per use,11.0,,"(-18.539850491247584, 23.92740467825216)",Not Functioning
WP1261,Borehole,Clean,,27000.0,1997.0,,Free,27.0,Motorized Pump,"(-19.207246762330414, 27.364899932467026)",Functioning
WP1262,Lake,Contaminated,43.0,25000.0,2014.0,,Free,,Solar Pump,"(-19.956468836527165, 25.22611985368144)",Not Functioning
WP1263,Well,Contaminated,27.0,20000.0,,USAID,Free,,,,Not Functioning
WP1264,Well,Clean,47.0,,2005.0,Red Cross,Free,19.0,,,Not Functioning
WP1265,Well,Contaminated,46.0,24000.0,1998.0,World Bank,Pay per use,26.0,Solar Pump,"(-22.541417584353724, 27.04493661310726)",Not Functioning
WP1266,Well,Contaminated,33.0,24000.0,1993.0,USAID,Free,,Motorized Pump,"(-21.922677829335207, 22.864299627880108)",Functioning
,Well,Contaminated,47.0,18000.0,1992.0,Red Cross,Free,32.0,Hand Pump,"(-20.55165599609367, 24.703689661108477)",Functioning
WP1268,Well,Clean,41.0,27000.0,1999.0,,Pay per use,,Solar Pump,"(-17.560414552106785, 28.479326766887645)",Not Functioning
,Well,Contaminated,56.0,21000.0,2015.0,USAID,Free,9.0,Motorized Pump,"(-22.7162491718157, 19.523889261717567)",Functioning
WP1270,Well,Contaminated,36.0,24000.0,2009.0,Oxfam,Pay per use,15.0,Motorized Pump,"(-23.35887769992768, 21.41904392297558)",Not Functioning
WP1271,Lake,Contaminated,35.0,23000.0,2002.0,Red Cross,Free,22.0,Solar Pump,"(-18.935111351566857, 27.808049569388086)",Not Functioning
,,Clean,38.0,20000.0,2019.0,USAID,Free,5.0,Solar Pump,"(-18.597646376002977, 25.937911981079097)",Not Functioning
WP1273,Well,Contaminated,42.0,27000.0,2012.0,Red Cross,Free,12.0,Solar Pump,"(-22.518185328124932, 22.448451448309953)",Not Functioning
WP1274,Well,Contaminated,38.0,24000.0,2008.0,USAID,Free,16.0,Motorized Pump,"(-17.670169569555178, 26.330023016298085)",Not Functioning
,Borehole,Clean,47.0,21000.0,2016.0,USAID,Pay per use,8.0,Motorized Pump,"(-19.377820211150066, 26.967199628409134)",Functioning
WP1276,Well,Contaminated,31.0,26000.0,,Red Cross,Free,,Solar Pump,,
WP1277,Well,,34.0,23000.0,2014.0,UNICEF,Free,10.0,Motorized Pump,"(-21.524094387356616, 27.71296443616497)",Functioning
WP1278,Lake,Contaminated,34.0,20000.0,2002.0,Red Cross,Free,22.0,Motorized Pump,"(-22.991356155278613, 26.097963710834343)",Not Functioning
,Well,Contaminated,44.0,23000.0,2003.0,,Free,21.0,Motorized Pump,"(-20.931467345398456, 20.27944657776477)",Not Functioning
WP1280,Lake,Contaminated,47.0,27000.0,2014.0,USAID,Pay per use,10.0,Motorized Pump,"(-23.489375398710656, 22.156886112580853)",Not Functioning
WP1281,,Contaminated,40.0,,,Red Cross,Free,15.0,Motorized Pump,"(-23.67635291279752, 19.14119156545191)",Not Functioning
WP1282,,Clean,44.0,24000.0,,USAID,Free,,Hand Pump,"(-23.768974334634535, 21.67917301098879)",Not Functioning
WP1283,Well,Contaminated,47.0,23000.0,2012.0,,Pay per use,12.0,Solar Pump,"(-18.230899345098823, 28.97464608291211)",Functioning
WP1284,Lake,Contaminated,45.0,19000.0,2009.0,Red Cross,,15.0,Motorized Pump,"(-21.326910523397974, 21.88817988893269)",Not Functioning
WP1285,Lake,Contaminated,39.0,21000.0,,Red Cross,Free,,Motorized Pump,"(-19.17649368123493, 27.665048106921493)",
,,,40.0,24000.0,1995.0,Red Cross,Free,29.0,Motorized Pump,"(-17.942137226514006, 24.52898085140736)",Not Functioning
WP1287,Well,Contaminated,50.0,21000.0,1995.0,Red Cross,Free,29.0,Solar Pump,"(-19.09033085567979, 19.298060147305815)",Not Functioning
WP1288,Well,,41.0,22000.0,1998.0,USAID,Pay per use,26.0,Solar Pump,,Not Functioning
WP1289,Lake,Clean,,23000.0,2010.0,UNICEF,Free,14.0,Solar Pump,"(-22.28297584176783, 22.485089475365044)",Not Functioning
WP1290,Well,Contaminated,43.0,20000.0,1995.0,Red Cross,Pay per use,,Solar Pump,"(-19.52507939500137, 27.890126349016573)",Not Functioning
WP1291,Well,Contaminated,43.0,24000.0,,Red Cross,Free,27.0,Motorized Pump,"(-17.916156030364533, 28.290741564571523)",Not Functioning
WP1292,River,Contaminated,44.0,22000.0,,USAID,Free,,,"(-19.81957956924014, 28.3570958672491)",Functioning
WP1293,Lake,Contaminated,49.0,25000.0,2015.0,Red Cross,Free,,Motorized Pump,"(-23.582966419286773, 25.562216058945747)",Not Functioning
WP1294,Well,Contaminated,45.0,22000.0,2010.0,Red Cross,,14.0,Solar Pump,"(-21.64756559001969, 24.259173020463184)",Not Functioning
WP1295,,Contaminated,41.0,17000.0,2002.0,Red Cross,Free,,,"(-20.861331179652705, 26.609930947285143)",Functioning
WP1296,Well,Clean,43.0,22000.0,,UNICEF,Pay per use,8.0,Solar Pump,"(-22.871773305486926, 25.086931195739044)",Not Functioning
WP1297,Well,,41.0,26000.0,2019.0,UNICEF,,5.0,Motorized Pump,"(-23.597003125066273, 25.79534198328887)",Not Functioning
WP1298,Well,Contaminated,23.0,27000.0,2019.0,USAID,Pay per use,5.0,Solar Pump,"(-18.831992662503524, 25.207673609397137)",Not Functioning
WP1299,,Contaminated,42.0,,1995.0,,Free,29.0,Motorized Pump,"(-21.63923057017727, 19.835302844764698)",Functioning
WP1300,Lake,Clean,31.0,23000.0,2015.0,Oxfam,Free,9.0,Solar Pump,"(-18.06822814488128, 23.729971467229973)",Not Functioning
,Well,Clean,38.0,24000.0,1990.0,Oxfam,Free,34.0,Solar Pump,"(-19.148677029115387, 26.25330036725322)",Not Functioning
WP1302,Borehole,Clean,48.0,19000.0,1995.0,Red Cross,,29.0,Solar Pump,"(-19.79942604038534, 27.789653595236285)",Not Functioning
WP1303,Lake,Contaminated,35.0,26000.0,1992.0,Red Cross,Free,32.0,Hand Pump,"(-23.82193576647344, 25.42657645151971)",Not Functioning
,Lake,Contaminated,40.0,27000.0,2010.0,UNICEF,Free,14.0,Solar Pump,"(-17.77529625979301, 25.875500648333663)",Not Functioning
WP1305,Well,Clean,51.0,23000.0,2018.0,,Free,,Motorized Pump,"(-22.66440213651957, 19.258031998416282)",Not Functioning
WP1306,Borehole,Clean,44.0,23000.0,2002.0,USAID,Free,,Motorized Pump,"(-22.293555824818768, 22.45710382161995)",Functioning
WP1307,Lake,Contaminated,44.0,22000.0,1999.0,Oxfam,Pay per use,,Motorized Pump,,Not Functioning
WP1308,,Clean,46.0,21000.0,2011.0,UNICEF,Free,,Motorized Pump,"(-21.55432762732517, 27.271016772982605)",Not Functioning
WP1309,Well,,29.0,19000.0,2013.0,USAID,Free,11.0,Motorized Pump,"(-17.573717787143515, 28.988222355123842)",Not Functioning
WP1310,Lake,Contaminated,36.0,18000.0,,Red Cross,Pay per use,,Solar Pump,"(-21.918364229163608, 22.266555043438967)",Not Functioning
WP1311,Well,Clean,39.0,25000.0,2000.0,UNICEF,Pay per use,24.0,Hand Pump,"(-18.56945705302651, 24.34956971115031)",Functioning
,Well,,42.0,28000.0,1995.0,USAID,Free,29.0,Solar Pump,"(-21.076670954779175, 24.383908889668277)",Not Functioning
WP1313,Borehole,Contaminated,35.0,25000.0,1997.0,Red Cross,Pay per use,,,"(-23.61736210532083, 22.29922278468209)",Functioning
WP1314,Well,,,22000.0,,USAID,Free,27.0,Motorized Pump,"(-21.2657905573327, 21.386869646239862)",Functioning
WP1315,Borehole,Contaminated,43.0,23000.0,2010.0,World Bank,Pay per use,14.0,,"(-21.656831629074286, 23.94143435219798)",Functioning
,Well,Contaminated,37.0,23000.0,,,Pay per use,14.0,Motorized Pump,"(-22.937374024023114, 23.250028930758155)",Not Functioning
,Lake,Contaminated,32.0,23000.0,,Red Cross,Free,5.0,Motorized Pump,"(-19.615595758096863, 27.141206523050094)",Not Functioning
WP1318,Well,Contaminated,44.0,,1997.0,Oxfam,Pay per use,27.0,Hand Pump,"(-19.07549425910479, 24.359164924477795)",Functioning
WP1319,Lake,Contaminated,44.0,22000.0,2001.0,USAID,Free,23.0,Hand Pump,,Not Functioning
WP1320,Lake,Contaminated,47.0,23000.0,2012.0,Red Cross,Pay per use,12.0,Motorized Pump,"(-23.392153207404053, 19.043050985695757)",Not Functioning
WP1321,Well,Contaminated,38.0,28000.0,2004.0,,Free,20.0,Motorized Pump,"(-21.255565293401716, 23.516486502526007)",Not Functioning
WP1322,Well,Clean,29.0,,1994.0,UNICEF,Free,30.0,Solar Pump,"(-23.861144053559183, 20.884921185272297)",Not Functioning
,Well,Clean,37.0,24000.0,,Red Cross,Free,28.0,Solar Pump,"(-20.466146356497717, 19.10470435805113)",Not Functioning
WP1324,Lake,Contaminated,48.0,27000.0,2006.0,Oxfam,Free,18.0,Motorized Pump,"(-19.055273305692598, 26.154230002989106)",Not Functioning
WP1325,Well,,48.0,26000.0,2008.0,Oxfam,Free,,Motorized Pump,"(-19.162800581460058, 21.145612693487383)",Not Functioning
WP1326,Well,Clean,54.0,25000.0,1992.0,USAID,Pay per use,32.0,Hand Pump,"(-21.071696697398206, 21.087061412662617)",Functioning
WP1327,,Contaminated,48.0,22000.0,2006.0,Oxfam,Free,18.0,Solar Pump,"(-19.783864660804152, 26.64328266652036)",Not Functioning
WP1328,Well,Contaminated,40.0,26000.0,2004.0,Red Cross,Free,20.0,Motorized Pump,"(-21.477287408977272, 26.272760526712254)",Not Functioning
WP1329,Lake,Contaminated,35.0,20000.0,2002.0,Red Cross,Pay per use,22.0,,,Not Functioning
WP1330,Well,Contaminated,39.0,25000.0,1994.0,UNICEF,Free,30.0,Motorized Pump,"(-21.460036686237995, 19.849463456530582)",Functioning
WP1331,Well,Clean,,25000.0,2017.0,Red Cross,Pay per use,7.0,Solar Pump,"(-21.09868627310999, 20.860166375159135)",Not Functioning
WP1332,,Contaminated,37.0,25000.0,1995.0,USAID,Pay per use,,Hand Pump,"(-20.812306022367316, 25.2739087111449)",Functioning
WP1333,River,Contaminated,,28000.0,2017.0,Oxfam,Pay per use,7.0,Motorized Pump,"(-20.61775612483432, 25.1063781399493)",Not Functioning
WP1334,Lake,Contaminated,40.0,23000.0,2004.0,Red Cross,Free,,Solar Pump,"(-23.763775156351937, 22.10737645111968)",Not Functioning
WP1335,Well,Contaminated,35.0,20000.0,1992.0,Red Cross,Pay per use,32.0,Motorized Pump,"(-18.05410739640437, 27.044325550463647)",Functioning
WP1336,Lake,Contaminated,43.0,24000.0,,Red Cross,Pay per use,15.0,Solar Pump,"(-20.55404422072771, 25.692975541627163)",Not Functioning
WP1337,Borehole,Contaminated,37.0,26000.0,2000.0,USAID,Free,24.0,Motorized Pump,,Not Functioning
,Well,Clean,48.0,25000.0,1994.0,USAID,Free,30.0,Motorized Pump,"(-22.40113493061987, 27.875491631639765)",Functioning
WP1339,,Contaminated,42.0,,2009.0,Red Cross,Pay per use,,Motorized Pump,"(-17.86940347836537, 28.726238655343906)",Functioning
WP1340,Lake,Contaminated,,26000.0,2007.0,Red Cross,Free,17.0,Motorized Pump,"(-21.836500924727982, 25.47414395757309)",Not Functioning
WP1341,,,,22000.0,1991.0,Red Cross,Free,33.0,Motorized Pump,"(-21.143243407313978, 19.625283749606922)",Functioning
WP1342,Well,Clean,37.0,,,,Pay per use,11.0,Motorized Pump,"(-22.55049297441134, 22.939848645637596)",Not Functioning
WP1343,Well,Contaminated,33.0,23000.0,2018.0,Oxfam,Free,6.0,Solar Pump,"(-18.75972608460633, 27.36621717073213)",Functioning
WP1344,Borehole,Contaminated,39.0,,2020.0,Red Cross,,4.0,Solar Pump,,Not Functioning
WP1345,River,Contaminated,36.0,27000.0,2007.0,Red Cross,Pay per use,,Motorized Pump,"(-20.696084652731262, 23.860456203189262)",Functioning
WP1346,Well,Contaminated,52.0,21000.0,2019.0,Red Cross,Pay per use,5.0,Motorized Pump,"(-18.950674413805395, 27.253456145960293)",Functioning
WP1347,Well,Contaminated,44.0,,,USAID,Pay per use,21.0,,"(-20.51002127136796, 23.79650910615306)",
WP1348,Well,Clean,41.0,,1999.0,USAID,Free,25.0,Solar Pump,,Not Functioning
WP1349,Lake,Contaminated,38.0,25000.0,2008.0,UNICEF,Free,16.0,Motorized Pump,"(-22.67544454823622, 20.33460129381858)",Not Functioning
WP1350,Well,Contaminated,51.0,20000.0,2004.0,USAID,Pay per use,,Motorized Pump,"(-17.715199363500037, 26.74758184305227)",Not Functioning
,Well,,42.0,25000.0,1990.0,Red Cross,Pay per use,34.0,Motorized Pump,"(-18.877113866358986, 25.28021335880652)",Not Functioning
WP1352,Well,Contaminated,40.0,19000.0,1996.0,Red Cross,Free,28.0,Hand Pump,"(-20.81608789052848, 21.076208684871744)",
WP1353,Borehole,Contaminated,36.0,26000.0,1998.0,Red Cross,,26.0,Motorized Pump,"(-17.905938341562877, 26.609231035206715)",
WP1354,Well,Clean,37.0,24000.0,1992.0,Red Cross,Pay per use,32.0,Motorized Pump,"(-21.75964731631186, 24.756154668517336)",Not Functioning
WP1355,Borehole,Contaminated,38.0,24000.0,1990.0,Red Cross,Free,34.0,Motorized Pump,"(-21.026695259615515, 19.524938170583873)",Functioning
WP1356,Lake,Clean,39.0,24000.0,2017.0,Red Cross,Pay per use,7.0,Solar Pump,"(-18.159834893487954, 27.87926726968824)",Not Functioning
WP1357,Lake,Contaminated,43.0,28000.0,2011.0,Red Cross,Pay per use,13.0,Motorized Pump,"(-22.375993900228686, 25.631283094424745)",Not Functioning
WP1358,,Contaminated,43.0,,2016.0,USAID,Free,8.0,Motorized Pump,,Not Functioning
WP1359,Well,Contaminated,52.0,27000.0,,Red Cross,Pay per use,9.0,Solar Pump,"(-23.850930556897527, 21.975378921925397)",Not Functioning
WP1360,,Contaminated,52.0,23000.0,,UNICEF,Pay per use,10.0,Motorized Pump,"(-22.06630971107736, 19.509311545111178)",Not Functioning
WP1361,Lake,Contaminated,45.0,14000.0,2009.0,USAID,Free,15.0,,"(-21.784692973464004, 25.17944715339513)",Not Functioning
WP1362,River,Clean,,,2005.0,Red Cross,Free,19.0,Motorized Pump,"(-19.2783954175511, 27.03909561446422)",Not Functioning
,Lake,Clean,49.0,30000.0,1999.0,USAID,Pay per use,25.0,Solar Pump,"(-23.969382733025988, 22.52172297404218)",Not Functioning
WP1364,Lake,Contaminated,44.0,23000.0,2002.0,Red Cross,Free,,Motorized Pump,"(-18.748981937578794, 24.116873242610925)",Not Functioning
,,Contaminated,,28000.0,1993.0,Oxfam,Free,31.0,Motorized Pump,"(-18.545524059476154, 24.021621135523493)",Not Functioning
WP1366,Well,Contaminated,34.0,23000.0,2009.0,USAID,Free,15.0,Motorized Pump,"(-22.175920565981514, 24.10149352682094)",Not Functioning
WP1367,Borehole,,,24000.0,1997.0,USAID,Free,27.0,Solar Pump,"(-19.75547964069048, 24.27481222262255)",Not Functioning
WP1368,Well,Contaminated,,,,Red Cross,Pay per use,9.0,Solar Pump,"(-21.445775764946326, 26.233795264043984)",Not Functioning
WP1369,Well,Clean,35.0,25000.0,1999.0,Red Cross,Pay per use,,Motorized Pump,"(-21.197610275558162, 22.87363656789771)",Not Functioning
WP1370,Lake,Contaminated,,21000.0,,Oxfam,Free,7.0,Motorized Pump,"(-22.695271098261898, 23.79279888209995)",Not Functioning
WP1371,,Clean,46.0,27000.0,,USAID,,22.0,Solar Pump,,Not Functioning
WP1372,Well,Contaminated,44.0,20000.0,2000.0,UNICEF,,24.0,Solar Pump,"(-19.607964813945554, 24.540163649789303)",Not Functioning
WP1373,,Clean,,28000.0,2002.0,UNICEF,Free,22.0,Motorized Pump,"(-19.061516221286244, 25.21239536142665)",Not Functioning
WP1374,Well,,,21000.0,2015.0,UNICEF,Free,9.0,Motorized Pump,"(-17.800538512078738, 23.897137506869885)",Not Functioning
WP1375,Lake,Contaminated,40.0,22000.0,2008.0,Red Cross,Free,16.0,,"(-23.9091409544359, 21.362572984317165)",Not Functioning
,Well,Contaminated,32.0,27000.0,1999.0,USAID,Pay per use,25.0,,"(-20.779015451876024, 24.63262973711683)",Not Functioning
WP1377,Lake,Contaminated,47.0,24000.0,1996.0,Red Cross,Free,28.0,Motorized Pump,"(-19.28136446826131, 27.22144157190946)",Not Functioning
,Lake,Contaminated,44.0,22000.0,2003.0,USAID,Free,21.0,,,Not Functioning
,Well,Contaminated,39.0,23000.0,2012.0,Red Cross,Pay per use,12.0,Solar Pump,"(-23.110355967028365, 22.559876114368144)",Not Functioning
WP1380,Well,Contaminated,37.0,22000.0,1997.0,Red Cross,Pay per use,,Motorized Pump,"(-18.28183374990719, 24.06569584141553)",Functioning
WP1381,Well,Clean,49.0,23000.0,2012.0,UNICEF,Free,12.0,Hand Pump,"(-19.588973014739896, 26.822355902454884)",Not Functioning
WP1382,Lake,Contaminated,45.0,,2001.0,,Free,,,"(-22.36120883196612, 19.044452618085714)",Not Functioning
WP1383,Well,,41.0,23000.0,2014.0,Red Cross,Free,10.0,Solar Pump,"(-23.94495250421376, 22.941552043273685)",Not Functioning
WP1384,Lake,Contaminated,38.0,25000.0,,USAID,Free,8.0,Solar Pump,"(-19.401390226898204, 26.09013029790829)",Not Functioning
WP1385,Well,Contaminated,46.0,28000.0,2000.0,USAID,Free,24.0,Motorized Pump,"(-23.632125847422664, 20.26735723989085)",Functioning
WP1386,Well,Clean,42.0,22000.0,2012.0,Red Cross,Free,12.0,Motorized Pump,"(-21.072380057900457, 27.458986790371714)",Functioning
,Well,Contaminated,40.0,,2013.0,Red Cross,Pay per use,,Motorized Pump,"(-21.666999629479733, 27.993299621075238)",Not Functioning
WP1388,Lake,Contaminated,40.0,,2000.0,Red Cross,Free,24.0,Motorized Pump,"(-18.797282768118457, 25.886182075161972)",Not Functioning
WP1389,River,Contaminated,,26000.0,1995.0,,,29.0,Motorized Pump,"(-19.963045347917678, 28.71877356385685)",Functioning
WP1390,,,,,2019.0,USAID,Free,5.0,Motorized Pump,"(-21.093224372786384, 25.63599114853421)",Not Functioning
WP1391,,Contaminated,,25000.0,2005.0,USAID,,19.0,Motorized Pump,"(-23.503558640806183, 19.84505260978761)",Not Functioning
WP1392,,Clean,49.0,22000.0,2013.0,Oxfam,,11.0,Solar Pump,"(-18.607641618116144, 27.290688349138456)",Not Functioning
,Well,Contaminated,35.0,,2003.0,Oxfam,Free,21.0,Motorized Pump,"(-21.090823520652496, 26.86751339073098)",Functioning
WP1394,Well,Clean,42.0,22000.0,2017.0,USAID,Free,7.0,Motorized Pump,"(-17.928852666011093, 24.17298642012253)",Not Functioning
,Well,Contaminated,41.0,25000.0,1995.0,USAID,Pay per use,29.0,Motorized Pump,"(-17.89888778892403, 26.78501364248101)",Functioning
WP1396,Well,Clean,,27000.0,2016.0,UNICEF,,8.0,,"(-22.97772603236343, 19.53146341874466)",Not Functioning
WP1397,,Contaminated,32.0,21000.0,2009.0,USAID,Free,15.0,Motorized Pump,"(-21.072183873311456, 21.863545160097154)",Functioning
WP1398,Well,,42.0,22000.0,2005.0,USAID,Pay per use,,Motorized Pump,"(-20.60203940247834, 26.24617211552338)",Not Functioning
WP1399,Well,Contaminated,28.0,23000.0,1991.0,Red Cross,Free,33.0,,"(-19.532743444123618, 24.34485394016828)",Not Functioning
WP1400,Well,,46.0,26000.0,1995.0,USAID,Pay per use,29.0,Hand Pump,"(-21.8156540720465, 28.69684543194846)",Not Functioning
WP1401,,,50.0,24000.0,2009.0,Red Cross,Free,15.0,Solar Pump,"(-18.912273954243123, 27.081594020418184)",Not Functioning
WP1402,Well,Clean,38.0,28000.0,2002.0,Oxfam,Pay per use,22.0,Solar Pump,"(-23.96297100345519, 22.23713191615972)",Not Functioning
WP1403,Lake,Contaminated,45.0,25000.0,2007.0,Oxfam,,17.0,Motorized Pump,,Not Functioning
WP1404,Lake,Contaminated,36.0,24000.0,,Red Cross,Pay per use,,Motorized Pump,"(-23.131935421112416, 22.42495002388533)",Not Functioning
WP1405,River,Contaminated,35.0,20000.0,2006.0,,Free,18.0,Hand Pump,"(-19.51528774321245, 23.038977765805225)",Functioning
,Borehole,Contaminated,34.0,23000.0,2020.0,Red Cross,Free,4.0,Solar Pump,"(-21.0992476767778, 20.035270585131155)",Not Functioning
WP1407,Well,Contaminated,34.0,24000.0,,Red Cross,Free,9.0,Motorized Pump,"(-22.526190453953983, 26.459066234049228)",Not Functioning
WP1408,Well,Clean,45.0,28000.0,,Red Cross,Pay per use,,Solar Pump,"(-18.509119449645635, 26.847245801253415)",Not Functioning
WP1409,Well,Clean,35.0,16000.0,2014.0,Red Cross,Pay per use,10.0,Solar Pump,"(-21.06472290964645, 24.90818533172517)",Not Functioning
WP1410,Lake,Contaminated,33.0,27000.0,2001.0,Red Cross,Free,23.0,Solar Pump,"(-22.22086778387234, 22.080205069487427)",Not Functioning
,,,48.0,,2017.0,USAID,Free,7.0,Motorized Pump,"(-20.998878580116823, 20.32881923977049)",Not Functioning
WP1412,Lake,Contaminated,40.0,,2009.0,USAID,Free,15.0,Motorized Pump,"(-23.61348016308847, 22.01213646608255)",Not Functioning
WP1413,,,33.0,25000.0,1993.0,Oxfam,Free,31.0,Motorized Pump,"(-17.598856857264746, 28.732160836328937)",Functioning
WP1414,Well,Clean,,26000.0,2003.0,Red Cross,,21.0,Solar Pump,"(-21.331822199482765, 24.363177657993607)",Not Functioning
WP1415,Lake,Clean,43.0,,2018.0,Oxfam,Free,6.0,Solar Pump,"(-22.981403238960567, 22.255965804471646)",Not Functioning
WP1416,Lake,Clean,,25000.0,1992.0,,Free,32.0,Solar Pump,"(-20.588443586818368, 22.230531017073638)",Not Functioning
WP1417,Well,Contaminated,26.0,25000.0,2000.0,UNICEF,Pay per use,24.0,Motorized Pump,"(-21.583366807294162, 22.989523307804)",Functioning
WP1418,Borehole,Contaminated,41.0,25000.0,2014.0,USAID,Free,10.0,Motorized Pump,"(-20.183794216927552, 28.993174512797744)",Not Functioning
WP1419,River,Contaminated,38.0,26000.0,1994.0,Oxfam,Pay per use,30.0,Solar Pump,"(-20.454435373132718, 24.206251071911904)",Not Functioning
WP1420,Lake,Contaminated,44.0,,2015.0,UNICEF,Pay per use,,Motorized Pump,"(-18.0706623963637, 28.208325737320028)",Not Functioning
WP1421,Borehole,Clean,27.0,24000.0,1996.0,,Free,28.0,Hand Pump,,Not Functioning
WP1422,Lake,Contaminated,50.0,24000.0,2020.0,UNICEF,Pay per use,4.0,Motorized Pump,,Not Functioning
WP1423,,,48.0,21000.0,2013.0,,Pay per use,11.0,Motorized Pump,"(-21.96147036991847, 25.46639778955986)",Not Functioning
WP1424,Lake,Contaminated,43.0,20000.0,1993.0,USAID,Free,31.0,Motorized Pump,,Not Functioning
WP1425,Well,Contaminated,,24000.0,2012.0,USAID,Pay per use,12.0,Motorized Pump,"(-22.348511390987827, 21.682203737416874)",Functioning
WP1426,Lake,Contaminated,47.0,23000.0,1998.0,Red Cross,Pay per use,26.0,Solar Pump,"(-18.04910641579081, 28.745149089180238)",Not Functioning
WP1427,,Contaminated,50.0,,1995.0,Red Cross,Free,29.0,Hand Pump,"(-19.54152894043061, 24.873904823778634)",Functioning
WP1428,,Clean,40.0,29000.0,,World Bank,Free,,Motorized Pump,"(-22.9286370272987, 20.668350034685425)",Not Functioning
WP1429,Borehole,Contaminated,,21000.0,,USAID,,17.0,Motorized Pump,,Functioning
WP1430,Well,Contaminated,47.0,,2014.0,Red Cross,Free,10.0,,,Not Functioning
WP1431,Lake,Clean,,23000.0,2004.0,Oxfam,Free,20.0,,"(-22.463270309392854, 23.07403910900291)",
WP1432,Lake,Contaminated,,20000.0,1993.0,Oxfam,Free,31.0,Motorized Pump,"(-22.059598002994136, 21.496689242970923)",Not Functioning
,,Contaminated,23.0,23000.0,2009.0,USAID,Pay per use,15.0,,"(-19.99640766769677, 27.31220332344145)",Functioning
WP1434,Lake,Contaminated,49.0,21000.0,1999.0,UNICEF,,25.0,Motorized Pump,"(-19.25132738947234, 24.081478707875252)",Not Functioning
,Well,Clean,40.0,29000.0,2016.0,Oxfam,Free,8.0,Motorized Pump,"(-23.976168654452383, 23.41566100218565)",Not Functioning
WP1436,Lake,Clean,38.0,22000.0,2016.0,UNICEF,Free,8.0,,"(-17.508765615495392, 19.843634654834055)",Not Functioning
WP1437,Borehole,Contaminated,36.0,26000.0,2010.0,USAID,Free,14.0,Solar Pump,"(-19.404825787853525, 27.682139377426875)",Not Functioning
WP1438,Lake,Contaminated,44.0,21000.0,2018.0,UNICEF,Free,6.0,Hand Pump,"(-19.697399285177834, 28.938498282119504)",Not Functioning
WP1439,Well,Contaminated,,29000.0,1990.0,Red Cross,Free,34.0,Motorized Pump,"(-19.88748557576728, 28.54079615632962)",Functioning
WP1440,Well,,40.0,28000.0,2014.0,Red Cross,Free,10.0,Motorized Pump,"(-23.609832661196595, 26.87546462749025)",Functioning
WP1441,Lake,Contaminated,,23000.0,2007.0,,Pay per use,,Motorized Pump,"(-20.524646419044867, 20.887918070057143)",Not Functioning
WP1442,Well,Clean,36.0,26000.0,2008.0,Red Cross,Free,,Motorized Pump,"(-21.136933705387673, 25.73499831583402)",Not Functioning
WP1443,Well,Contaminated,52.0,26000.0,1998.0,Oxfam,Pay per use,26.0,Solar Pump,"(-19.562477051940647, 27.449069166670988)",Not Functioning
WP1444,Well,Contaminated,40.0,27000.0,2018.0,Red Cross,Pay per use,6.0,Motorized Pump,"(-20.24171554792517, 27.166804730978452)",Not Functioning
WP1445,Lake,Contaminated,41.0,22000.0,,World Bank,,21.0,Solar Pump,"(-19.75037054413112, 26.54684169279121)",Not Functioning
WP1446,River,,41.0,24000.0,2005.0,Red Cross,Free,19.0,Motorized Pump,"(-21.51892802142393, 24.5066792765779)",Functioning
,,Contaminated,44.0,25000.0,2020.0,USAID,Pay per use,4.0,,"(-21.577840989095044, 23.824235319312418)",Not Functioning
WP1448,Well,Clean,43.0,23000.0,2000.0,USAID,Free,24.0,Motorized Pump,,
,Lake,Contaminated,,26000.0,2006.0,Red Cross,Pay per use,18.0,Solar Pump,"(-21.428519766927995, 22.181306307776836)",Not Functioning
WP1450,,Clean,43.0,26000.0,2009.0,Red Cross,Free,15.0,Motorized Pump,"(-21.68769359100202, 22.0607963815857)",Functioning
WP1451,Well,Contaminated,44.0,26000.0,2001.0,Red Cross,,23.0,Motorized Pump,"(-22.109105968842393, 21.8444919460105)",Functioning
,,Contaminated,35.0,20000.0,2008.0,UNICEF,Free,16.0,Solar Pump,,Not Functioning
WP1453,,Contaminated,45.0,26000.0,2003.0,UNICEF,,21.0,,"(-19.031377727077384, 26.572988486101)",Functioning
WP1454,Well,Clean,49.0,21000.0,2012.0,Red Cross,Free,,Motorized Pump,"(-20.59082578121077, 27.245003349513294)",Functioning
WP1455,Well,Contaminated,45.0,,2020.0,Red Cross,Free,4.0,,"(-23.015300874343723, 25.348071061289012)",Not Functioning
WP1456,Borehole,Contaminated,37.0,23000.0,1997.0,Oxfam,Free,27.0,Solar Pump,"(-22.464144521871294, 26.787971561609474)",Not Functioning
,Well,Contaminated,,25000.0,2017.0,Red Cross,Free,7.0,Motorized Pump,"(-18.533925102927537, 25.65765993213877)",Not Functioning
WP1458,Lake,Clean,30.0,,2013.0,Oxfam,Free,,Hand Pump,"(-20.587240545535042, 24.17393891225123)",Not Functioning
WP1459,Borehole,Contaminated,,22000.0,2018.0,Oxfam,Free,6.0,,"(-22.183263165474884, 21.74726491750342)",Not Functioning
WP1460,Well,Contaminated,53.0,23000.0,,,Free,,Solar Pump,,Not Functioning
WP1461,,Clean,45.0,23000.0,2000.0,Red Cross,Free,24.0,Solar Pump,"(-23.90127252939506, 25.36552856285501)",Not Functioning
WP1462,Lake,,,29000.0,2017.0,USAID,Free,7.0,,"(-17.74362677331523, 23.619980623158522)",Not Functioning
WP1463,Well,Contaminated,43.0,23000.0,2010.0,Oxfam,Pay per use,,Solar Pump,"(-23.90856220178396, 22.988207138072156)",Not Functioning
WP1464,Well,Contaminated,43.0,29000.0,2010.0,USAID,Pay per use,14.0,Hand Pump,"(-18.044170103208685, 28.164411099068786)",Not Functioning
,,Clean,35.0,24000.0,,Red Cross,Pay per use,,Solar Pump,"(-18.043376341844315, 25.617750324844152)",Not Functioning
WP1466,Well,Clean,,26000.0,2000.0,USAID,,24.0,Motorized Pump,"(-21.900313019132987, 22.564792855325535)",Not Functioning
,,Clean,21.0,24000.0,2003.0,,Free,,Motorized Pump,"(-18.434860248518614, 25.888590198936637)",Not Functioning
WP1468,Well,Clean,43.0,27000.0,2017.0,UNICEF,Pay per use,7.0,Motorized Pump,"(-17.67262173758146, 28.982665939252584)",Not Functioning
WP1469,Well,Contaminated,28.0,24000.0,2013.0,USAID,Free,11.0,Solar Pump,"(-22.204081784457557, 22.07938195308578)",Not Functioning
,,Contaminated,41.0,24000.0,2014.0,USAID,,10.0,,"(-18.627156762351618, 25.957177827655677)",Not Functioning
WP1471,Well,Clean,47.0,21000.0,2013.0,Red Cross,Pay per use,11.0,Hand Pump,"(-20.68980865883371, 20.704617960716426)",Functioning
WP1472,Lake,Contaminated,34.0,24000.0,2001.0,,,23.0,Solar Pump,,
WP1473,Well,,37.0,22000.0,2019.0,Red Cross,Pay per use,5.0,Solar Pump,"(-23.4773081093951, 21.134955284679197)",Not Functioning
WP1474,Well,Clean,45.0,23000.0,1996.0,Red Cross,,28.0,Motorized Pump,"(-23.034091194282432, 27.075243128416005)",
WP1475,Well,Contaminated,47.0,24000.0,2007.0,,Pay per use,17.0,Motorized Pump,,Functioning
WP1476,Well,Clean,,31000.0,2009.0,Red Cross,,,Motorized Pump,"(-21.8162580678121, 26.746015377693134)",Not Functioning
WP1477,,Contaminated,36.0,25000.0,2009.0,Red Cross,Free,15.0,Hand Pump,"(-21.168607064051102, 27.057457114397696)",Not Functioning
WP1478,,,45.0,24000.0,2015.0,USAID,Free,9.0,Solar Pump,"(-21.859401849873375, 22.209846498417377)",Not Functioning
,Well,Contaminated,39.0,16000.0,2011.0,,Pay per use,,Solar Pump,"(-19.72667497650747, 27.385546962208952)",Not Functioning
WP1480,Well,,41.0,26000.0,,Red Cross,Free,13.0,Motorized Pump,"(-20.206897651519064, 27.270219357154637)",Not Functioning
WP1481,Well,Clean,,28000.0,2010.0,,Free,14.0,,,Not Functioning
,Well,Clean,32.0,28000.0,2005.0,USAID,,,Motorized Pump,,
WP1483,Lake,Contaminated,43.0,,2006.0,Red Cross,Pay per use,18.0,Solar Pump,"(-18.520254813420305, 24.74733116184685)",Not Functioning
WP1484,Well,Clean,39.0,29000.0,2014.0,Red Cross,Free,10.0,Motorized Pump,"(-19.56839484510367, 26.54620067874107)",Not Functioning
WP1485,Well,Contaminated,37.0,23000.0,1995.0,Red Cross,Free,29.0,Motorized Pump,"(-18.99216917691513, 20.01192162171704)",Functioning
WP1486,,Contaminated,47.0,22000.0,,,,24.0,Hand Pump,"(-20.628171395284447, 22.29587747945925)",Not Functioning
,,Contaminated,44.0,25000.0,2012.0,Red Cross,Pay per use,12.0,Solar Pump,"(-22.36978193526451, 26.509074415820972)",Not Functioning
WP1488,Lake,Contaminated,33.0,22000.0,2002.0,,Free,22.0,Motorized Pump,,Not Functioning
WP1489,Lake,Contaminated,38.0,22000.0,1999.0,USAID,Free,25.0,Motorized Pump,"(-19.73137539787622, 28.143897278884204)",Not Functioning
,Borehole,Contaminated,48.0,26000.0,1991.0,USAID,Pay per use,33.0,Motorized Pump,"(-18.435607970113793, 25.9378619292261)",Functioning
WP1491,Borehole,Contaminated,42.0,26000.0,1996.0,USAID,Free,,Motorized Pump,"(-23.146529695775545, 21.106934529156938)",
WP1492,,Clean,35.0,27000.0,2008.0,Oxfam,Pay per use,16.0,,"(-19.956552074687576, 25.45974343922665)",Not Functioning
WP1493,Well,Contaminated,40.0,29000.0,1992.0,Red Cross,Free,32.0,Hand Pump,"(-18.921321451613945, 21.115049854492025)",Not Functioning
WP1494,Well,Contaminated,32.0,20000.0,1991.0,Red Cross,Free,33.0,Motorized Pump,"(-17.993270673337214, 25.601606525538244)",Not Functioning
WP1495,Lake,Contaminated,36.0,20000.0,1990.0,Red Cross,Pay per use,34.0,,,
WP1496,Well,,45.0,16000.0,1992.0,Red Cross,Pay per use,,Motorized Pump,"(-23.102883258227617, 21.39128099797228)",Not Functioning
WP1497,Well,Contaminated,,26000.0,,UNICEF,Free,15.0,Solar Pump,"(-21.287785890305226, 25.920619161293466)",Not Functioning
WP1498,Well,Contaminated,30.0,27000.0,2013.0,,,11.0,Hand Pump,"(-18.731636128443284, 28.880752261509624)",Not Functioning
,Lake,Contaminated,35.0,,,World Bank,Free,15.0,Solar Pump,"(-18.36218292623507, 21.19604739785198)",Not Functioning
,Well,Contaminated,38.0,,2009.0,Oxfam,Free,15.0,,"(-19.468237080969107, 26.669546142864082)",Not Functioning
WP1501,Well,Contaminated,48.0,,2018.0,World Bank,,6.0,Solar Pump,"(-23.20361854856563, 20.756425632752247)",Not Functioning
WP1502,,Clean,49.0,21000.0,2010.0,Red Cross,,14.0,Hand Pump,"(-17.74978175226791, 25.87068199803114)",Not Functioning
WP1503,Well,Contaminated,35.0,27000.0,,USAID,Pay per use,33.0,Solar Pump,"(-22.040889599499202, 26.484000872245623)",Functioning
WP1504,Well,Contaminated,,20000.0,1996.0,Oxfam,Free,28.0,Solar Pump,"(-19.181239985209068, 26.673489927109333)",Functioning
,Well,Contaminated,45.0,,2017.0,UNICEF,Free,7.0,Motorized Pump,"(-22.432121598167374, 22.80760926828894)",Functioning
,,Contaminated,42.0,22000.0,,USAID,Free,17.0,Motorized Pump,"(-21.804771030245142, 22.604763888122275)",Not Functioning
WP1507,River,Contaminated,38.0,28000.0,2008.0,Oxfam,Pay per use,16.0,Motorized Pump,"(-23.27310444457592, 21.532794625242783)",
WP1508,River,Contaminated,36.0,24000.0,1993.0,Red Cross,Free,31.0,Solar Pump,"(-20.330708080118864, 23.990325025382308)",Not Functioning
WP1509,Well,Contaminated,41.0,20000.0,1999.0,Red Cross,Free,25.0,Motorized Pump,,Functioning
WP1510,,,40.0,,2016.0,Red Cross,Free,8.0,Solar Pump,"(-20.51789241547726, 22.03423084463715)",Not Functioning
WP1511,Well,Clean,42.0,25000.0,1991.0,,Pay per use,,Solar Pump,"(-20.909346904521016, 25.14022439849096)",Functioning
WP1512,Well,Contaminated,43.0,20000.0,1996.0,Red Cross,Pay per use,28.0,Motorized Pump,"(-22.243812058420406, 22.905950353360026)",Not Functioning
WP1513,,Contaminated,40.0,27000.0,2001.0,Oxfam,,,Hand Pump,,Functioning
WP1514,Lake,Contaminated,34.0,24000.0,2019.0,UNICEF,Pay per use,,Hand Pump,"(-22.07233539272557, 26.78165883794668)",Not Functioning
WP1515,Well,Contaminated,31.0,27000.0,2010.0,USAID,Free,14.0,Motorized Pump,"(-22.655078131460893, 23.084051972195862)",Not Functioning
WP1516,Well,Contaminated,50.0,26000.0,1997.0,Red Cross,Pay per use,27.0,Hand Pump,"(-23.53573673117868, 21.263849150013602)",Not Functioning
WP1517,Lake,Contaminated,40.0,26000.0,2006.0,Red Cross,Free,18.0,Motorized Pump,"(-23.510187290090087, 25.8991293467757)",Not Functioning
WP1518,Borehole,Contaminated,47.0,24000.0,,USAID,Pay per use,13.0,Motorized Pump,"(-22.219851074010144, 23.388120764500037)",Functioning
WP1519,Well,Contaminated,49.0,23000.0,2013.0,Oxfam,Free,11.0,Hand Pump,,Functioning
WP1520,Well,Contaminated,50.0,22000.0,2003.0,,Pay per use,21.0,Motorized Pump,"(-21.248189748439792, 23.464316271169736)",Functioning
WP1521,,Contaminated,34.0,22000.0,2006.0,,Pay per use,18.0,Motorized Pump,"(-19.476894576694097, 26.252532258676922)",
WP1522,Well,Contaminated,30.0,18000.0,,UNICEF,,7.0,Motorized Pump,"(-21.694880603298653, 25.630380116311198)",Functioning
WP1523,Well,Clean,29.0,25000.0,2009.0,UNICEF,Pay per use,15.0,Solar Pump,"(-18.198968315504267, 27.735984872586457)",Not Functioning
,Lake,Contaminated,44.0,25000.0,1994.0,Red Cross,Free,30.0,Hand Pump,"(-21.813092420002928, 22.5784791957973)",Not Functioning
WP1525,Lake,Contaminated,,23000.0,1997.0,UNICEF,Pay per use,27.0,Solar Pump,,Not Functioning
WP1526,Lake,Contaminated,31.0,24000.0,2008.0,USAID,,16.0,,"(-21.944516648216993, 27.168717890820215)",Not Functioning
WP1527,Well,Clean,46.0,22000.0,2004.0,Red Cross,Free,,Solar Pump,,Not Functioning
WP1528,Well,Contaminated,,,2018.0,Oxfam,Free,6.0,,"(-23.54103498765363, 24.662163884809164)",Not Functioning
,,Contaminated,39.0,23000.0,2001.0,Red Cross,Free,23.0,Motorized Pump,,Not Functioning
WP1530,Well,Contaminated,45.0,23000.0,2009.0,,Pay per use,15.0,Solar Pump,,Not Functioning
WP1531,Well,,,25000.0,2000.0,,Pay per use,,Solar Pump,"(-19.08880002795946, 25.494330007405992)",Not Functioning
WP1532,Lake,Contaminated,45.0,21000.0,1992.0,USAID,Pay per use,32.0,Motorized Pump,"(-21.041238576452997, 24.308040708937177)",Functioning
,Well,,32.0,21000.0,2014.0,Red Cross,Pay per use,,Motorized Pump,"(-20.806657203679126, 27.454033806558705)",Not Functioning
WP1534,Lake,Contaminated,45.0,26000.0,2000.0,USAID,Free,,Motorized Pump,"(-23.613024840459087, 25.35674086430454)",Not Functioning
WP1535,Lake,Contaminated,,28000.0,,Red Cross,Pay per use,,Solar Pump,,Not Functioning
WP1536,Lake,Clean,46.0,,1995.0,,Pay per use,29.0,Motorized Pump,"(-20.867754769620262, 26.590674703347837)",Not Functioning
WP1537,Lake,Contaminated,38.0,26000.0,2016.0,UNICEF,Free,8.0,Motorized Pump,"(-21.478091517682632, 23.34211876118369)",Not Functioning
WP1538,Well,Clean,41.0,26000.0,2018.0,Red Cross,Free,6.0,,"(-18.395505836845718, 27.75484369133132)",Not Functioning
WP1539,Lake,Contaminated,,23000.0,2008.0,Oxfam,Pay per use,16.0,Hand Pump,"(-19.159173366655686, 22.078125675945913)",Not Functioning
WP1540,Borehole,Clean,43.0,27000.0,2019.0,USAID,,5.0,Motorized Pump,"(-19.73170708990891, 26.928090543239392)",Not Functioning
WP1541,Well,Contaminated,,25000.0,2016.0,,Free,,,"(-23.24657500113767, 21.277256134032232)",Not Functioning
WP1542,Well,Contaminated,47.0,23000.0,1992.0,,Free,32.0,Hand Pump,"(-18.239176887616196, 28.834526746557046)",Functioning
,Well,Clean,37.0,21000.0,1992.0,,Free,,Motorized Pump,"(-18.025030343893505, 28.97819634959548)",Not Functioning
WP1544,Lake,,35.0,25000.0,2004.0,,Free,20.0,Motorized Pump,"(-23.04162614764374, 22.467963511565273)",Not Functioning
,Well,Contaminated,41.0,27000.0,1992.0,USAID,Free,32.0,Solar Pump,"(-18.685928120346773, 27.963596724019375)",Not Functioning
WP1546,Lake,,43.0,24000.0,2012.0,Red Cross,Free,12.0,Motorized Pump,"(-23.905277402061255, 23.591917379468335)",Not Functioning
WP1547,,Contaminated,50.0,26000.0,2019.0,USAID,Pay per use,5.0,Motorized Pump,"(-20.273555848392327, 28.05586965763039)",Functioning
WP1548,Well,Contaminated,45.0,24000.0,2006.0,,Free,18.0,Solar Pump,,
WP1549,Well,,37.0,25000.0,2006.0,Red Cross,Free,18.0,Solar Pump,"(-23.722097907013403, 21.476281673966078)",Not Functioning
,Well,,,26000.0,1992.0,,Free,32.0,Motorized Pump,"(-19.51663610686339, 28.676247677842944)",Not Functioning
,Lake,Clean,48.0,21000.0,,UNICEF,Free,19.0,,"(-17.788241475765336, 28.862624593579216)",Not Functioning
WP1552,Well,Contaminated,38.0,21000.0,2019.0,World Bank,Free,5.0,Motorized Pump,"(-22.149418331305643, 26.094292653503217)",Not Functioning
WP1553,River,Contaminated,36.0,,2000.0,Red Cross,Free,24.0,Solar Pump,"(-21.745035365428116, 19.100050995013532)",Not Functioning
,Well,Contaminated,43.0,20000.0,2015.0,USAID,Free,9.0,Solar Pump,,Not Functioning
WP1555,Well,Clean,34.0,22000.0,2011.0,Oxfam,,13.0,Hand Pump,"(-23.42264820058754, 24.63513965126831)",Not Functioning
,Well,,48.0,29000.0,2013.0,Oxfam,Free,,Motorized Pump,"(-20.67176725490765, 21.23177076615273)",Not Functioning
WP1557,Well,Clean,58.0,,1997.0,Red Cross,Pay per use,27.0,Motorized Pump,"(-19.04765955068978, 26.52547335321738)",Functioning
,Well,Contaminated,38.0,28000.0,2011.0,Red Cross,Pay per use,13.0,Solar Pump,"(-18.72296852299585, 24.910468596419957)",Not Functioning
WP1559,Lake,Contaminated,38.0,23000.0,1991.0,UNICEF,Free,,Hand Pump,"(-21.451092966721756, 26.19693819918166)",Not Functioning
WP1560,,Contaminated,45.0,21000.0,2018.0,Red Cross,Free,6.0,Motorized Pump,"(-23.76611031182875, 26.479635799993194)",Not Functioning
WP1561,Well,Clean,34.0,26000.0,,USAID,,22.0,Motorized Pump,"(-20.406288108798215, 19.639150797697848)",Not Functioning
WP1562,,Clean,46.0,20000.0,,USAID,Pay per use,29.0,Solar Pump,"(-19.01741853072016, 27.768421757474687)",Not Functioning
WP1563,Well,Clean,32.0,28000.0,2017.0,USAID,Free,,Motorized Pump,"(-19.308787621332943, 27.556913592222326)",Not Functioning
WP1564,Well,Contaminated,,24000.0,1995.0,Red Cross,,29.0,Motorized Pump,"(-20.772935983409223, 21.157029472491026)",Not Functioning
WP1565,Lake,Contaminated,48.0,25000.0,,Oxfam,Free,30.0,Motorized Pump,"(-23.692126216392666, 25.371280478644756)",Not Functioning
WP1566,Well,Contaminated,38.0,21000.0,1993.0,Oxfam,,31.0,Motorized Pump,"(-18.9835309770987, 24.350730827996752)",
WP1567,River,Contaminated,48.0,27000.0,1991.0,Red Cross,Free,33.0,Solar Pump,,Not Functioning
WP1568,Well,Contaminated,42.0,21000.0,2010.0,Red Cross,Pay per use,,Motorized Pump,"(-18.665191101076726, 25.34678691127642)",Not Functioning
WP1569,Well,Contaminated,29.0,25000.0,1993.0,USAID,,,Motorized Pump,"(-21.71098687187368, 20.8291311232743)",Not Functioning
WP1570,Lake,Clean,39.0,,1998.0,Red Cross,,26.0,Motorized Pump,,Not Functioning
WP1571,Lake,Contaminated,43.0,18000.0,2001.0,UNICEF,Free,23.0,Solar Pump,"(-18.718824666719144, 26.94578008992448)",Not Functioning
WP1572,Well,Contaminated,41.0,25000.0,2001.0,,Free,23.0,Solar Pump,"(-20.75780120218047, 26.337602663940856)",Not Functioning
WP1573,Well,Contaminated,41.0,23000.0,1998.0,UNICEF,,26.0,Hand Pump,,Functioning
WP1574,Well,Contaminated,,,1990.0,Red Cross,Free,34.0,Motorized Pump,"(-21.252117961238728, 26.816912264990137)",
WP1575,River,Clean,45.0,25000.0,2005.0,Red Cross,Free,19.0,,,Not Functioning
WP1576,Borehole,Clean,44.0,20000.0,2011.0,USAID,Free,13.0,,"(-21.05723046592125, 22.383527663311575)",Functioning
WP1577,Well,Clean,,24000.0,1993.0,USAID,Free,31.0,Solar Pump,,
WP1578,Well,Contaminated,36.0,25000.0,2020.0,,Free,4.0,Motorized Pump,"(-22.527303619906633, 19.13070568589298)",Not Functioning
WP1579,Lake,Contaminated,,28000.0,,Red Cross,Free,10.0,Motorized Pump,"(-23.97357530606307, 19.95327144131192)",
WP1580,Borehole,Clean,45.0,,2008.0,Red Cross,Free,16.0,,"(-23.617878432495896, 23.66112545898799)",Not Functioning
,Lake,Contaminated,31.0,21000.0,2012.0,Red Cross,Pay per use,12.0,Hand Pump,"(-23.719932176510568, 24.147169541550703)",Not Functioning
WP1582,,Clean,48.0,29000.0,,Red Cross,Free,26.0,Hand Pump,"(-18.53714641597156, 24.95138415485042)",Not Functioning
WP1583,Well,Contaminated,,23000.0,2007.0,Oxfam,Free,,Solar Pump,"(-21.606726599232264, 21.31356258860725)",Not Functioning
WP1584,Well,Contaminated,50.0,,2019.0,USAID,,5.0,Motorized Pump,"(-20.548028193307886, 25.41616966551691)",Functioning
WP1585,Well,Contaminated,41.0,23000.0,2004.0,USAID,Free,20.0,Motorized Pump,"(-22.583661545743787, 19.659200097594123)",Not Functioning
WP1586,Lake,Contaminated,58.0,19000.0,2018.0,USAID,Free,,,"(-20.986259220864703, 22.05517592417484)",Not Functioning
,Well,Contaminated,41.0,,2020.0,Red Cross,Pay per use,4.0,Motorized Pump,"(-20.998154979706353, 27.878699851278306)",Functioning
WP1588,Well,Clean,39.0,25000.0,2016.0,USAID,Free,8.0,,"(-20.683123765042396, 21.93108424584969)",Functioning
WP1589,Borehole,Contaminated,36.0,23000.0,2000.0,USAID,Pay per use,24.0,Motorized Pump,"(-20.910668253151123, 23.14045385304677)",Functioning
WP1590,Lake,Contaminated,36.0,,2014.0,,Free,10.0,Motorized Pump,"(-22.717258080624113, 24.67495321772644)",Not Functioning
WP1591,Well,Clean,40.0,20000.0,1992.0,USAID,Pay per use,32.0,Motorized Pump,"(-20.788884026741027, 19.64456626447215)",Not Functioning
WP1592,Well,Clean,40.0,21000.0,,Red Cross,Pay per use,16.0,Motorized Pump,"(-23.661616929477468, 22.43591843513489)",
WP1593,Well,Contaminated,41.0,26000.0,2020.0,USAID,Free,4.0,,"(-22.71482492352325, 21.84234116833577)",Not Functioning
WP1594,,Contaminated,40.0,21000.0,2010.0,Red Cross,Free,,Solar Pump,"(-20.528858147625847, 27.129672673997675)",Not Functioning
WP1595,Well,Clean,36.0,24000.0,1991.0,,Free,33.0,Motorized Pump,,Functioning
WP1596,Lake,Contaminated,46.0,20000.0,1996.0,Red Cross,Free,28.0,Solar Pump,"(-22.748512127064984, 22.476516037140293)",Not Functioning
,Well,Clean,29.0,22000.0,2005.0,Red Cross,Free,19.0,Solar Pump,"(-23.140375810608443, 24.83749040949869)",
WP1598,Well,Contaminated,48.0,22000.0,2005.0,,Free,19.0,Solar Pump,,Not Functioning
,Well,Contaminated,32.0,,2007.0,UNICEF,,17.0,,"(-22.993814248123922, 20.723348875251272)",Not Functioning
WP1600,Lake,Contaminated,38.0,26000.0,1998.0,Red Cross,Free,,Motorized Pump,"(-20.304989847490063, 26.48336820342553)",Functioning
,Lake,Contaminated,40.0,29000.0,2000.0,Red Cross,Free,,Motorized Pump,"(-20.616899276448105, 26.99355998584469)",Not Functioning
WP1602,Borehole,Contaminated,,23000.0,2019.0,World Bank,Free,5.0,Motorized Pump,"(-17.815204668658662, 22.86396596167763)",Functioning
WP1603,Well,Contaminated,48.0,27000.0,,Red Cross,Free,33.0,,"(-23.143230701499547, 22.58941275979235)",Functioning
WP1604,Well,Clean,35.0,22000.0,2000.0,Red Cross,Pay per use,24.0,Motorized Pump,"(-19.408073461798004, 28.724376278100156)",Not Functioning
WP1605,Well,,35.0,31000.0,1997.0,USAID,Pay per use,27.0,Solar Pump,"(-23.179518496275644, 21.320670800111763)",Not Functioning
WP1606,Lake,Contaminated,33.0,23000.0,2005.0,USAID,Pay per use,,Motorized Pump,"(-18.67000321312898, 22.467918827572205)",Not Functioning
WP1607,Well,,37.0,25000.0,2014.0,Red Cross,Free,,Motorized Pump,,Not Functioning
WP1608,,Contaminated,53.0,22000.0,2008.0,,Free,16.0,,"(-23.107998228164465, 24.843493583594974)",Functioning
WP1609,Well,Contaminated,35.0,23000.0,2008.0,Red Cross,,16.0,Solar Pump,"(-18.026187610261463, 26.006674446905276)",Not Functioning
WP1610,Borehole,Contaminated,43.0,22000.0,,UNICEF,Free,21.0,Motorized Pump,"(-21.027306947898886, 24.63160955699828)",Functioning
WP1611,,Clean,38.0,,2019.0,Red Cross,Pay per use,5.0,Motorized Pump,,Functioning
WP1612,Lake,Contaminated,47.0,,2009.0,Red Cross,Free,15.0,Motorized Pump,"(-19.706996054692134, 27.545611669689293)",Not Functioning
WP1613,Lake,Contaminated,37.0,22000.0,2003.0,UNICEF,Free,21.0,,"(-17.61918005752326, 23.897266775523825)",Not Functioning
WP1614,Well,Contaminated,,27000.0,2007.0,,Free,17.0,Motorized Pump,,Not Functioning
WP1615,Borehole,Contaminated,35.0,19000.0,2007.0,Oxfam,Free,17.0,Motorized Pump,"(-23.06082100195189, 19.54294347295575)",Functioning
WP1616,,Contaminated,40.0,23000.0,,Oxfam,Free,,Motorized Pump,,
WP1617,,Clean,41.0,25000.0,2015.0,USAID,Free,9.0,,,Not Functioning
WP1618,Well,Contaminated,39.0,24000.0,2015.0,USAID,,9.0,,,Not Functioning
WP1619,Well,Contaminated,40.0,22000.0,2010.0,USAID,Free,14.0,Motorized Pump,"(-21.78447276275783, 22.090189418261822)",Not Functioning
WP1620,Lake,,41.0,22000.0,2010.0,,Free,14.0,Motorized Pump,"(-20.944711523357867, 19.383517619135656)",Not Functioning
,Well,Contaminated,48.0,24000.0,,Red Cross,Pay per use,8.0,Motorized Pump,,Functioning
WP1622,River,Contaminated,32.0,25000.0,2012.0,USAID,Pay per use,,Motorized Pump,"(-20.80607997816647, 23.549304765319324)",Functioning
WP1623,Lake,,35.0,19000.0,2003.0,UNICEF,Free,21.0,Motorized Pump,,Not Functioning
WP1624,,,31.0,23000.0,,USAID,Pay per use,7.0,Motorized Pump,"(-20.7871627161017, 24.367749838713674)",Functioning
,Well,Contaminated,,22000.0,2008.0,Oxfam,Free,16.0,Motorized Pump,"(-19.576900706433747, 26.438083266974648)",Not Functioning
WP1626,Well,Contaminated,41.0,19000.0,1997.0,USAID,Pay per use,,Motorized Pump,"(-20.070298615014032, 26.35917745567007)",Functioning
WP1627,River,Clean,,23000.0,1991.0,USAID,Free,33.0,Motorized Pump,,
,Lake,,46.0,28000.0,2016.0,Oxfam,,8.0,Motorized Pump,"(-19.046236994222763, 24.583020568452255)",Not Functioning
,Well,Contaminated,49.0,,,Red Cross,Free,6.0,Solar Pump,"(-20.56830160915736, 26.339132229486573)",Not Functioning
,Well,Contaminated,47.0,,2000.0,Red Cross,Free,24.0,Solar Pump,"(-22.65876912322684, 21.44882722778012)",Functioning
WP1631,River,Contaminated,46.0,23000.0,2000.0,Red Cross,Free,24.0,Motorized Pump,"(-23.75407417290473, 22.729837128842977)",Not Functioning
WP1632,River,Contaminated,44.0,22000.0,1997.0,Red Cross,Pay per use,27.0,,"(-20.560188886672954, 26.712155374998236)",Not Functioning
WP1633,,,40.0,22000.0,2020.0,,Free,4.0,Motorized Pump,"(-23.84256076566278, 22.82311223434603)",Functioning
,Well,,41.0,24000.0,2008.0,,,16.0,,"(-22.761149368129498, 22.227999583617475)",Not Functioning
WP1635,Well,Contaminated,44.0,26000.0,1999.0,USAID,Pay per use,25.0,Motorized Pump,,Functioning
WP1636,,Clean,51.0,24000.0,2020.0,,Free,4.0,Solar Pump,"(-21.073156788695197, 26.176264751755586)",Not Functioning
WP1637,,Contaminated,,25000.0,1990.0,Red Cross,Pay per use,34.0,Solar Pump,"(-17.945984018547218, 22.38613267180239)",
,Well,Contaminated,31.0,29000.0,1992.0,Red Cross,Pay per use,32.0,Motorized Pump,"(-22.078791961016226, 21.802821744682017)",Functioning
WP1639,Well,,38.0,23000.0,2005.0,USAID,Pay per use,19.0,Motorized Pump,"(-17.851228644043616, 26.368708167753308)",Not Functioning
,Well,,35.0,21000.0,,Oxfam,Free,16.0,Motorized Pump,"(-19.57357670948109, 23.939186888506867)",Not Functioning
WP1641,Well,Contaminated,,26000.0,2011.0,Red Cross,Free,13.0,Motorized Pump,"(-23.372256006935626, 22.216962852901737)",
WP1642,Well,,35.0,23000.0,1998.0,Red Cross,Pay per use,26.0,Motorized Pump,"(-20.68825075944764, 25.28350757594982)",Functioning
WP1643,Well,Contaminated,41.0,21000.0,1992.0,USAID,Pay per use,32.0,Motorized Pump,"(-19.699375907014474, 26.11519880739371)",Functioning
,Well,Contaminated,47.0,,1995.0,Red Cross,Free,29.0,Motorized Pump,,Not Functioning
WP1645,Well,Clean,36.0,27000.0,2016.0,USAID,Free,8.0,Motorized Pump,"(-23.527483352076548, 19.643725314565906)",Not Functioning
WP1646,Borehole,Clean,39.0,23000.0,2018.0,USAID,Free,6.0,Motorized Pump,"(-23.221709348022824, 20.370667635461878)",Not Functioning
WP1647,Lake,Clean,39.0,22000.0,2020.0,USAID,,4.0,,,Not Functioning
WP1648,Well,Contaminated,44.0,18000.0,2010.0,Oxfam,Pay per use,14.0,Hand Pump,"(-21.674108924053392, 28.989601191602297)",Functioning
WP1649,,Contaminated,48.0,22000.0,2019.0,Oxfam,Free,5.0,Motorized Pump,,Not Functioning
WP1650,Well,,43.0,24000.0,,Red Cross,Free,8.0,Motorized Pump,"(-21.394383500784258, 21.847807159909145)",Functioning
WP1651,Lake,Contaminated,36.0,20000.0,1993.0,Red Cross,Free,31.0,,"(-21.515867362789862, 22.53956855407996)",Not Functioning
WP1652,Borehole,Contaminated,43.0,26000.0,,Red Cross,Free,5.0,Motorized Pump,"(-19.853665989524067, 27.44413901362119)",Not Functioning
WP1653,Borehole,Contaminated,34.0,26000.0,2003.0,Red Cross,Free,21.0,Motorized Pump,"(-23.588202534855334, 25.7343464492523)",Not Functioning
WP1654,Well,Clean,50.0,,1999.0,World Bank,Pay per use,25.0,Solar Pump,"(-22.888128743818402, 28.09279905118298)",Not Functioning
WP1655,Well,Contaminated,38.0,31000.0,2016.0,,Free,8.0,,"(-22.41855018396025, 26.920517863163195)",Functioning
WP1656,Well,Clean,,26000.0,2012.0,World Bank,,,Motorized Pump,"(-23.85957946424316, 25.267685569915642)",Not Functioning
WP1657,,Contaminated,39.0,,1997.0,USAID,Free,27.0,Solar Pump,"(-20.045557022583115, 26.450515103347747)",Not Functioning
WP1658,Well,Contaminated,34.0,22000.0,1996.0,USAID,Free,28.0,Motorized Pump,,Not Functioning
WP1659,Well,Clean,53.0,20000.0,2002.0,,Free,,Solar Pump,"(-19.11745746760389, 27.29124954865463)",Not Functioning
,Lake,Contaminated,41.0,25000.0,2018.0,UNICEF,Pay per use,6.0,Solar Pump,,Not Functioning
,Lake,Contaminated,,28000.0,,USAID,Free,,Solar Pump,,Not Functioning
,Lake,,36.0,22000.0,,Red Cross,Free,27.0,Solar Pump,"(-17.707455075423802, 25.193184898824732)",Not Functioning
WP1663,Lake,Clean,41.0,21000.0,2005.0,Red Cross,Pay per use,,Solar Pump,"(-23.156403971827253, 26.85944705567002)",Not Functioning
WP1664,Well,Clean,42.0,,2017.0,Red Cross,Pay per use,7.0,,"(-22.988757125051222, 21.31563123306718)",Not Functioning
WP1665,Lake,Clean,50.0,,1996.0,UNICEF,Free,28.0,Solar Pump,"(-19.30602640391235, 27.02397339268664)",Not Functioning
WP1666,Well,Contaminated,37.0,,1994.0,USAID,Free,30.0,Motorized Pump,"(-21.437762343420157, 27.53586375788968)",Not Functioning
WP1667,Lake,,34.0,28000.0,2001.0,USAID,Pay per use,23.0,Motorized Pump,"(-20.195548387165946, 27.93102131869658)",Not Functioning
WP1668,Well,Contaminated,36.0,25000.0,,USAID,Pay per use,,Motorized Pump,"(-21.35486635730905, 24.061300823779188)",Functioning
WP1669,Well,Clean,39.0,30000.0,1994.0,,Free,,Motorized Pump,"(-23.261833047758216, 19.437541307844075)",Not Functioning
WP1670,Well,Clean,40.0,,2010.0,World Bank,Free,14.0,Motorized Pump,,Not Functioning
,Lake,Contaminated,38.0,24000.0,1990.0,,Free,34.0,Solar Pump,"(-22.004708813126744, 21.113015789589717)",
WP1672,Well,,32.0,22000.0,2004.0,USAID,Free,20.0,,"(-19.091514029831675, 26.451200740545914)",Functioning
WP1673,Well,Contaminated,36.0,25000.0,1996.0,USAID,Free,28.0,,"(-19.346677612502567, 26.18193706230439)",Functioning
WP1674,Lake,,34.0,23000.0,2005.0,Red Cross,,19.0,Motorized Pump,,Not Functioning
,Lake,Contaminated,33.0,25000.0,2004.0,USAID,Free,20.0,Motorized Pump,"(-22.296048846841654, 20.60609663492149)",Not Functioning
WP1676,Lake,Clean,42.0,20000.0,,Red Cross,Free,14.0,Solar Pump,"(-18.747827592398693, 27.66763399054421)",Not Functioning
WP1677,Well,Contaminated,51.0,20000.0,1992.0,USAID,Free,32.0,Motorized Pump,"(-19.66280263797429, 27.213080413488207)",Functioning
,Well,Contaminated,35.0,18000.0,,USAID,Free,7.0,,"(-23.01124120968033, 24.76881669647453)",Not Functioning
WP1679,Borehole,Clean,39.0,25000.0,,UNICEF,Free,5.0,Motorized Pump,"(-19.133675978479786, 24.989303067732727)",Not Functioning
WP1680,Well,Contaminated,40.0,25000.0,2005.0,USAID,Free,19.0,Motorized Pump,,
WP1681,Well,Contaminated,42.0,19000.0,1993.0,USAID,,31.0,Motorized Pump,"(-18.612338313723026, 25.46131859459973)",Functioning
,Lake,Contaminated,43.0,23000.0,1998.0,Red Cross,,,Hand Pump,"(-18.22169201371652, 27.12119119093783)",Not Functioning
,Lake,,,25000.0,2013.0,USAID,Pay per use,11.0,,"(-18.461276116094314, 27.83477153719138)",Not Functioning
WP1684,,Contaminated,47.0,22000.0,,USAID,Free,32.0,Hand Pump,"(-21.766190522014178, 20.5073985788988)",Functioning
WP1685,Well,,,23000.0,,,Pay per use,32.0,Solar Pump,"(-19.920399200195426, 28.594256514114804)",Not Functioning
,Borehole,Contaminated,,24000.0,2002.0,UNICEF,Free,22.0,Solar Pump,"(-20.613803818700138, 26.060425826011727)",Not Functioning
WP1687,Well,Contaminated,43.0,23000.0,2016.0,,,8.0,Motorized Pump,"(-21.19033116755584, 25.758708022319848)",Not Functioning
WP1688,Well,Contaminated,42.0,24000.0,1994.0,USAID,Free,30.0,Motorized Pump,"(-19.24149594482403, 25.695155670494792)",Not Functioning
WP1689,,,42.0,25000.0,,,Free,5.0,Motorized Pump,"(-22.11825392906119, 19.475680817690854)",Not Functioning
WP1690,Well,Contaminated,45.0,19000.0,2010.0,USAID,Free,14.0,Motorized Pump,"(-21.138508497996945, 24.474148625936483)",Not Functioning
,,,45.0,21000.0,2018.0,USAID,Free,6.0,Solar Pump,"(-21.288918508923434, 24.503537567225138)",
WP1692,Lake,Contaminated,36.0,25000.0,1990.0,Red Cross,Pay per use,34.0,Solar Pump,,Not Functioning
WP1693,Well,Contaminated,,23000.0,1997.0,,Free,,Motorized Pump,,Functioning
WP1694,Lake,Contaminated,42.0,26000.0,2019.0,,Free,,Motorized Pump,,Not Functioning
WP1695,Well,Contaminated,48.0,24000.0,2006.0,Red Cross,Pay per use,18.0,Solar Pump,"(-22.404663085549657, 24.94333729380974)",Not Functioning
WP1696,Well,Contaminated,36.0,25000.0,,Red Cross,Free,29.0,Solar Pump,"(-23.054939753823984, 22.571511756288082)",Not Functioning
WP1697,,Contaminated,43.0,21000.0,2011.0,USAID,,13.0,Motorized Pump,"(-19.523786448682614, 27.564399005832087)",Not Functioning
WP1698,Well,,47.0,23000.0,1991.0,Oxfam,Free,33.0,,"(-20.381519964443715, 26.97209316872312)",Functioning
WP1699,Well,Contaminated,35.0,21000.0,1995.0,Red Cross,Pay per use,29.0,Motorized Pump,"(-19.53951326537058, 24.606616082171193)",Functioning
WP1700,Well,,35.0,,2018.0,,Pay per use,6.0,Hand Pump,"(-21.292315901759665, 22.114032312928583)",Functioning
WP1701,Well,Contaminated,38.0,26000.0,,Red Cross,Pay per use,16.0,Hand Pump,,Not Functioning
WP1702,Well,Clean,45.0,21000.0,,USAID,Free,12.0,Motorized Pump,"(-22.638186644426817, 21.68740715582669)",Functioning
WP1703,Well,Contaminated,40.0,27000.0,2008.0,Red Cross,Free,16.0,Hand Pump,"(-23.385918042305548, 19.496991762138514)",Not Functioning
WP1704,Well,Contaminated,40.0,26000.0,2001.0,USAID,Pay per use,,,"(-19.7393705776524, 25.477889545468678)",Not Functioning
WP1705,Well,Contaminated,31.0,,1992.0,USAID,Free,32.0,Solar Pump,"(-19.866755163702024, 25.98992100617162)",Not Functioning
WP1706,Lake,Clean,,25000.0,2011.0,,Free,13.0,,"(-21.170013970563904, 27.132030131355553)",Not Functioning
WP1707,Lake,,,25000.0,2019.0,Red Cross,Free,,Solar Pump,"(-20.82300114716945, 19.940047441298344)",Not Functioning
WP1708,Well,Clean,,,2015.0,USAID,Free,9.0,Hand Pump,"(-21.907270255797282, 26.06709033647126)",Not Functioning
WP1709,Lake,Clean,41.0,22000.0,2000.0,USAID,,24.0,Motorized Pump,"(-20.8068057340395, 24.801887130519475)",Not Functioning
WP1710,,Contaminated,48.0,23000.0,2019.0,USAID,Free,5.0,Solar Pump,"(-21.59532060100338, 20.447887064184936)",Not Functioning
,Lake,Contaminated,52.0,27000.0,2002.0,USAID,Pay per use,22.0,Hand Pump,"(-21.83619608574631, 27.768439990617836)",Not Functioning
WP1712,Well,Contaminated,24.0,24000.0,,Red Cross,Free,19.0,Solar Pump,"(-21.17870641537974, 20.574500674557584)",Not Functioning
,Well,Contaminated,34.0,22000.0,2020.0,Red Cross,Free,4.0,Motorized Pump,"(-21.463408699692543, 21.730365570597392)",Not Functioning
WP1714,,Contaminated,,,2005.0,Oxfam,Pay per use,19.0,Solar Pump,"(-21.20825682112219, 25.19141066725681)",Not Functioning
WP1715,Lake,,44.0,26000.0,,USAID,Pay per use,13.0,Motorized Pump,"(-20.87957084112611, 26.15252459862267)",Not Functioning
WP1716,Lake,Contaminated,37.0,23000.0,2000.0,USAID,Free,24.0,Solar Pump,"(-17.730621718061304, 26.694904354039277)",
WP1717,River,Contaminated,45.0,25000.0,2010.0,Red Cross,Pay per use,14.0,Motorized Pump,"(-20.684609792327677, 19.169294825887686)",Functioning
WP1718,Well,Clean,,28000.0,2005.0,Red Cross,Free,,Motorized Pump,"(-21.66745989859136, 19.398210851278773)",Not Functioning
WP1719,Lake,Clean,49.0,22000.0,2018.0,Red Cross,Free,6.0,Motorized Pump,"(-19.871427872981396, 26.315440137370995)",Not Functioning
WP1720,Lake,Clean,32.0,24000.0,2007.0,Red Cross,,,Motorized Pump,"(-22.88121245204487, 22.22607633435033)",Not Functioning
WP1721,Well,Clean,,27000.0,2013.0,Red Cross,,11.0,Solar Pump,"(-19.73330345101739, 26.919526973006906)",Not Functioning
WP1722,Lake,Clean,47.0,26000.0,1997.0,Oxfam,Free,,Solar Pump,"(-20.343504598932586, 27.124184552719427)",Not Functioning
WP1723,,Contaminated,38.0,24000.0,2016.0,,Free,8.0,Solar Pump,"(-21.288381507789726, 20.80289866390145)",Not Functioning
WP1724,Well,Contaminated,46.0,23000.0,2002.0,UNICEF,Free,,,"(-23.981133072977826, 25.18829120739801)",Not Functioning
WP1725,Well,,54.0,25000.0,2008.0,,Free,16.0,Motorized Pump,,Functioning
WP1726,Well,,46.0,22000.0,1994.0,UNICEF,Free,30.0,Solar Pump,,Not Functioning
WP1727,Well,Contaminated,39.0,20000.0,2004.0,USAID,Free,20.0,Motorized Pump,"(-20.79726018825413, 21.21378031601801)",Not Functioning
,Borehole,Contaminated,35.0,24000.0,,Oxfam,Pay per use,34.0,Motorized Pump,,Functioning
WP1729,Well,Contaminated,35.0,25000.0,2020.0,USAID,Free,4.0,Motorized Pump,,Functioning
WP1730,Borehole,,44.0,21000.0,2009.0,UNICEF,Free,15.0,Solar Pump,,Not Functioning
WP1731,,Contaminated,53.0,19000.0,,Oxfam,Pay per use,31.0,Motorized Pump,"(-18.838516963668056, 25.915623658374646)",
WP1732,Lake,Clean,,22000.0,1993.0,USAID,Free,31.0,Motorized Pump,"(-21.456156946143928, 21.809010570942693)",
WP1733,Well,Clean,33.0,22000.0,1997.0,USAID,Free,,,"(-22.708990066889044, 21.012090635605215)",Not Functioning
WP1734,Well,Clean,43.0,25000.0,1990.0,USAID,Pay per use,34.0,Motorized Pump,"(-21.95014383087011, 27.11077538006936)",Not Functioning
WP1735,,Clean,50.0,21000.0,2018.0,Red Cross,Pay per use,6.0,Motorized Pump,"(-18.637483844197735, 27.265633114212513)",Functioning
WP1736,Well,Contaminated,,23000.0,2010.0,Red Cross,Pay per use,14.0,,"(-18.71356516800727, 25.592461020109248)",Not Functioning
WP1737,Well,Contaminated,40.0,24000.0,1998.0,Red Cross,Free,,Solar Pump,,Not Functioning
,Well,Contaminated,,23000.0,1993.0,,Free,31.0,Motorized Pump,"(-18.993900181029733, 20.939859017271797)",Functioning
WP1739,Well,Contaminated,25.0,23000.0,2015.0,,Free,9.0,Motorized Pump,"(-19.7111128870045, 27.75396439535225)",Not Functioning
WP1740,Lake,Contaminated,35.0,22000.0,1994.0,USAID,Pay per use,30.0,Motorized Pump,,Functioning
,Well,Contaminated,37.0,22000.0,1995.0,USAID,Free,29.0,,"(-21.657661205604647, 22.90447628974062)",Not Functioning
WP1742,Lake,Clean,42.0,17000.0,2000.0,,Free,24.0,Hand Pump,"(-21.327795948848234, 21.78111138356795)",Not Functioning
WP1743,Well,Contaminated,39.0,27000.0,1991.0,Red Cross,Free,33.0,Solar Pump,"(-23.478170123246244, 23.119357454979593)",Not Functioning
WP1744,Well,Contaminated,28.0,29000.0,2001.0,,Free,23.0,Solar Pump,"(-22.423770047652976, 22.314651924207354)",Not Functioning
WP1745,Well,Contaminated,41.0,28000.0,1997.0,USAID,Free,,Solar Pump,"(-22.144534657117852, 24.024046218542974)",Not Functioning
WP1746,Well,Contaminated,34.0,28000.0,1998.0,USAID,Free,,Solar Pump,"(-18.38275718155508, 26.86702661707178)",Not Functioning
WP1747,,Contaminated,35.0,25000.0,2002.0,Red Cross,Pay per use,22.0,Motorized Pump,"(-21.881840932824172, 25.66647178446196)",Not Functioning
WP1748,Well,Contaminated,40.0,30000.0,1990.0,Red Cross,Pay per use,34.0,Solar Pump,"(-22.36397291314914, 24.426245373339437)",Not Functioning
WP1749,,Clean,42.0,21000.0,2002.0,,Free,22.0,Motorized Pump,,Not Functioning
WP1750,,Contaminated,43.0,25000.0,2007.0,,Free,17.0,Motorized Pump,"(-21.092267551788733, 25.004771790303415)",Not Functioning
WP1751,,Contaminated,,24000.0,,,Pay per use,33.0,Motorized Pump,"(-19.94264914496779, 26.143571910714073)",Functioning
WP1752,Lake,Contaminated,43.0,23000.0,2014.0,UNICEF,Free,10.0,Motorized Pump,"(-23.625781040480778, 22.788756277759703)",Not Functioning
WP1753,Well,Contaminated,,26000.0,,USAID,Free,12.0,Motorized Pump,"(-21.546965324169246, 21.637255178681922)",Functioning
WP1754,Well,Contaminated,37.0,22000.0,2007.0,World Bank,Free,17.0,Motorized Pump,"(-19.993198974281526, 27.845576985803024)",Not Functioning
,Well,Contaminated,33.0,23000.0,2004.0,USAID,Free,20.0,Solar Pump,"(-20.692284901812204, 19.081855711352944)",Not Functioning
WP1756,Borehole,Contaminated,36.0,22000.0,1990.0,Oxfam,Free,34.0,Motorized Pump,"(-18.232358966608718, 28.222025438590236)",Functioning
WP1757,Well,Clean,35.0,21000.0,,USAID,,,Solar Pump,"(-18.228269122594597, 25.835570291125027)",Not Functioning
WP1758,Lake,Contaminated,34.0,23000.0,1996.0,Red Cross,Free,28.0,Motorized Pump,"(-23.491921452873363, 22.11426033880401)",Not Functioning
WP1759,Well,Contaminated,39.0,21000.0,1991.0,Red Cross,Free,33.0,,,Not Functioning
WP1760,Well,Clean,44.0,23000.0,2005.0,Red Cross,Free,19.0,,"(-21.68639653297088, 27.70017907480615)",Functioning
WP1761,Lake,Contaminated,46.0,,2004.0,,Free,20.0,Solar Pump,"(-21.906135170971545, 23.526639933263574)",Not Functioning
,Well,Clean,34.0,24000.0,2006.0,Oxfam,Pay per use,,Motorized Pump,,
WP1763,Borehole,Contaminated,35.0,23000.0,1991.0,Red Cross,Pay per use,33.0,Solar Pump,"(-20.998835549637473, 19.657164895082857)",Not Functioning
WP1764,,Contaminated,41.0,27000.0,2018.0,,Free,6.0,Hand Pump,"(-20.062154349344915, 27.947760698434205)",Not Functioning
WP1765,Borehole,Contaminated,37.0,25000.0,2004.0,,Pay per use,20.0,Motorized Pump,,Functioning
,Well,,,28000.0,2020.0,Oxfam,Pay per use,4.0,Hand Pump,"(-22.076651625994142, 22.99600944183349)",Functioning
WP1767,,Contaminated,36.0,27000.0,2009.0,Red Cross,Pay per use,15.0,Motorized Pump,,Functioning
WP1768,Lake,Contaminated,39.0,19000.0,2004.0,Red Cross,Free,20.0,Motorized Pump,,Not Functioning
WP1769,Well,Contaminated,38.0,24000.0,1998.0,,Free,26.0,Solar Pump,"(-21.140403165084514, 22.735442937229518)",Not Functioning
,Borehole,Contaminated,31.0,,1997.0,Red Cross,Pay per use,27.0,Hand Pump,"(-18.83409104778972, 25.791839619050688)",Functioning
,Well,Contaminated,44.0,19000.0,2020.0,,Free,4.0,,"(-21.422332442211918, 25.44530357170495)",Not Functioning
WP1772,Well,Contaminated,36.0,29000.0,1991.0,Red Cross,Free,33.0,Motorized Pump,"(-18.856550411370556, 25.303025673170016)",Not Functioning
WP1773,,Contaminated,42.0,26000.0,1997.0,Oxfam,Pay per use,27.0,Solar Pump,,Functioning
WP1774,Lake,Clean,42.0,18000.0,2010.0,USAID,Pay per use,,Solar Pump,"(-21.398223261927527, 21.392774678641896)",Not Functioning
WP1775,Lake,Clean,58.0,22000.0,2008.0,Red Cross,Pay per use,16.0,Motorized Pump,"(-19.13451499194071, 25.37688460779386)",Not Functioning
WP1776,Borehole,Contaminated,44.0,22000.0,2000.0,Red Cross,,,Motorized Pump,"(-20.437230615494357, 24.22740790267294)",Not Functioning
,Lake,Contaminated,40.0,20000.0,2016.0,Oxfam,Free,,Solar Pump,,Not Functioning
,Well,,,24000.0,2006.0,UNICEF,Free,,Motorized Pump,"(-23.74025516801909, 19.048928083017522)",Not Functioning
WP1779,Lake,Contaminated,50.0,,1996.0,Red Cross,Pay per use,,Motorized Pump,"(-22.054349650561637, 22.498774133738475)",Not Functioning
WP1780,Well,Clean,48.0,30000.0,2013.0,Red Cross,Free,,Motorized Pump,"(-20.999235747536275, 21.120252432728716)",Not Functioning
WP1781,River,Contaminated,37.0,18000.0,,UNICEF,Pay per use,8.0,Solar Pump,"(-21.095191838898916, 27.871023347467272)",Not Functioning
WP1782,Well,Contaminated,40.0,21000.0,2001.0,Red Cross,Free,23.0,Motorized Pump,"(-21.030824114921504, 20.95687383244615)",Functioning
,Well,Contaminated,42.0,24000.0,1995.0,Oxfam,Pay per use,29.0,Motorized Pump,"(-22.39271806104306, 22.692327810676137)",Functioning
WP1784,Lake,Contaminated,47.0,,2000.0,USAID,Free,24.0,Solar Pump,"(-19.607693587815444, 27.258069461047057)",Not Functioning
,Well,,41.0,27000.0,1990.0,USAID,Pay per use,,Motorized Pump,"(-19.351541408664783, 27.453284900930953)",Not Functioning
WP1786,Well,,44.0,28000.0,1997.0,Red Cross,Free,27.0,Solar Pump,"(-21.312558626640048, 21.82326221384662)",
WP1787,Well,Contaminated,37.0,22000.0,2006.0,USAID,Pay per use,18.0,,"(-17.827511411045737, 24.24707831521228)",Functioning
WP1788,Well,,32.0,27000.0,2006.0,Red Cross,Free,18.0,,"(-20.543048718663762, 22.887884999770783)",Functioning
WP1789,Lake,,45.0,22000.0,2013.0,UNICEF,Free,,Motorized Pump,"(-21.503083510760803, 21.8789555752301)",Functioning
WP1790,Well,,34.0,23000.0,,USAID,Pay per use,31.0,Solar Pump,"(-19.982298904451206, 26.27307278653825)",
,Well,Contaminated,51.0,24000.0,,Red Cross,Pay per use,29.0,Motorized Pump,,Not Functioning
WP1792,Well,Clean,40.0,19000.0,2020.0,UNICEF,,4.0,Solar Pump,"(-23.730497560398124, 28.79536281636613)",Not Functioning
WP1793,Lake,Clean,38.0,26000.0,2018.0,Oxfam,,6.0,Motorized Pump,"(-21.49425658359021, 20.389914158244384)",
WP1794,Lake,Contaminated,39.0,29000.0,1999.0,Red Cross,Pay per use,,Hand Pump,"(-22.925021964881864, 25.199609736714677)",Not Functioning
WP1795,Well,Contaminated,49.0,28000.0,1993.0,Red Cross,Free,31.0,Motorized Pump,"(-17.92491492760043, 24.021920239421387)",Not Functioning
,Well,Contaminated,31.0,20000.0,2004.0,Red Cross,Pay per use,20.0,,"(-17.63584859558796, 24.25363112279459)",Not Functioning
WP1797,Lake,Contaminated,57.0,26000.0,2013.0,Red Cross,Free,,Motorized Pump,"(-22.570001229835707, 21.148963475243967)",Not Functioning
WP1798,Borehole,Contaminated,,19000.0,,Red Cross,,,Motorized Pump,"(-18.611820436511977, 25.44024875106903)",Functioning
WP1799,Well,Clean,27.0,19000.0,2005.0,USAID,Pay per use,19.0,Motorized Pump,"(-22.142306693960272, 24.75812389131227)",Not Functioning
WP1800,Borehole,Contaminated,36.0,27000.0,1992.0,Red Cross,Free,32.0,Motorized Pump,"(-20.68198374542879, 22.18108035633069)",Not Functioning
,Well,Contaminated,38.0,26000.0,1990.0,,Pay per use,,Solar Pump,"(-19.127610621668634, 21.90079134116623)",Not Functioning
WP1802,Well,Contaminated,,25000.0,2007.0,Red Cross,Free,17.0,Hand Pump,"(-21.15652867084379, 22.247333446377173)",Not Functioning
,Well,Contaminated,37.0,,1991.0,Red Cross,Free,33.0,Motorized Pump,"(-21.595607020988194, 22.495688670318234)",Not Functioning
WP1804,,Clean,35.0,21000.0,2013.0,USAID,Free,11.0,Solar Pump,"(-19.866163957893924, 27.44742614231574)",Not Functioning
WP1805,Lake,Clean,47.0,22000.0,2014.0,Red Cross,,10.0,Solar Pump,"(-21.585214262966787, 25.519141638452965)",Not Functioning
,,Contaminated,45.0,21000.0,1994.0,USAID,Free,,Solar Pump,,Not Functioning
WP1807,Lake,Clean,,21000.0,,UNICEF,,9.0,Motorized Pump,,Not Functioning
,,Clean,36.0,27000.0,2013.0,Oxfam,Free,11.0,Solar Pump,"(-21.37015346885513, 24.71531558196662)",Not Functioning
WP1809,Well,Clean,,,2004.0,Red Cross,Pay per use,20.0,Motorized Pump,,Not Functioning
WP1810,Borehole,Contaminated,54.0,22000.0,1991.0,Red Cross,,33.0,Motorized Pump,"(-17.871867815023144, 26.00677532127436)",Functioning
,Well,,46.0,27000.0,2017.0,USAID,Free,,,"(-19.379792807373242, 25.16558002646939)",Not Functioning
WP1812,Well,Contaminated,45.0,23000.0,2005.0,USAID,Free,19.0,,"(-17.94666239497822, 26.253326133270797)",
WP1813,Well,Contaminated,,25000.0,2006.0,UNICEF,Free,18.0,Motorized Pump,"(-21.769727635210582, 25.162955905159677)",Not Functioning
WP1814,Lake,Contaminated,31.0,27000.0,2018.0,USAID,Free,6.0,Motorized Pump,,Not Functioning
WP1815,Lake,Contaminated,46.0,25000.0,2000.0,USAID,Free,24.0,Solar Pump,"(-21.907723812452563, 25.572200084100135)",Not Functioning
,Well,Contaminated,45.0,19000.0,1990.0,Oxfam,Free,34.0,,"(-21.799235071967743, 22.684409887878417)",Functioning
WP1817,Lake,Contaminated,,,,USAID,Pay per use,21.0,Motorized Pump,"(-22.859980952484367, 21.226926156492826)",Not Functioning
WP1818,Well,Contaminated,47.0,23000.0,1990.0,Red Cross,Free,34.0,Solar Pump,"(-17.714912686539307, 24.615839314010216)",Not Functioning
WP1819,River,Clean,45.0,26000.0,1994.0,Red Cross,Free,30.0,Solar Pump,"(-22.58766659046418, 22.460882464161266)",Not Functioning
,Lake,,49.0,24000.0,2006.0,USAID,Pay per use,,Solar Pump,"(-19.251623022779597, 27.189313829463533)",
WP1821,Well,Contaminated,,26000.0,2019.0,UNICEF,,5.0,Solar Pump,,Not Functioning
WP1822,Well,Contaminated,40.0,26000.0,2015.0,,Free,9.0,Motorized Pump,"(-23.303527565618573, 24.68615138412993)",Not Functioning
,Lake,,46.0,25000.0,2020.0,Red Cross,Free,4.0,Motorized Pump,"(-21.435915780493936, 24.600608359420857)",
WP1824,Lake,Clean,37.0,19000.0,2020.0,USAID,Free,4.0,Solar Pump,"(-20.236839853619394, 25.485438547016432)",Not Functioning
WP1825,Well,Clean,39.0,28000.0,2013.0,USAID,Pay per use,11.0,Motorized Pump,"(-18.554824737414126, 24.517384121756265)",Not Functioning
WP1826,,Contaminated,41.0,18000.0,2009.0,Red Cross,Pay per use,15.0,Hand Pump,"(-23.715284638821135, 20.813642765367895)",
WP1827,Well,Contaminated,38.0,21000.0,2012.0,USAID,Free,12.0,Solar Pump,"(-20.73949135346099, 19.75249091836158)",Not Functioning
WP1828,Well,Contaminated,36.0,28000.0,2015.0,USAID,Free,9.0,Solar Pump,"(-19.601866358605054, 24.453691672952782)",Not Functioning
,,Contaminated,33.0,25000.0,2005.0,Oxfam,Free,19.0,,,Not Functioning
WP1830,Well,Contaminated,,25000.0,2003.0,Red Cross,Pay per use,,Solar Pump,"(-20.511917705865667, 24.626278853375485)",Not Functioning
WP1831,Borehole,Clean,,30000.0,1999.0,UNICEF,Free,25.0,Solar Pump,"(-19.266146991851564, 20.739208924049553)",Not Functioning
WP1832,Well,Contaminated,37.0,17000.0,2011.0,,Free,13.0,Solar Pump,"(-21.191622515621546, 24.235487078655378)",Functioning
WP1833,Lake,Clean,42.0,,2006.0,USAID,Free,,Solar Pump,"(-19.42409367256526, 27.60615861027259)",Not Functioning
WP1834,Lake,Contaminated,52.0,24000.0,2003.0,Oxfam,Free,,Motorized Pump,"(-20.311418488874917, 25.52521759567788)",
,Well,Clean,45.0,21000.0,2017.0,USAID,Free,7.0,Motorized Pump,"(-23.01239591432941, 23.856721969270794)",Not Functioning
WP1836,Well,Contaminated,40.0,31000.0,2019.0,Red Cross,Pay per use,,Hand Pump,"(-19.196491955631508, 25.149326082672076)",Functioning
,Lake,Clean,,25000.0,2008.0,UNICEF,Free,16.0,Hand Pump,,Not Functioning
WP1838,Well,Clean,35.0,25000.0,2005.0,UNICEF,Pay per use,19.0,,"(-19.061995572110895, 27.056954108424705)",Functioning
WP1839,Well,Contaminated,29.0,24000.0,1995.0,UNICEF,Free,,,"(-23.329225652784725, 25.771191689953845)",Not Functioning
WP1840,,Clean,34.0,28000.0,2016.0,Oxfam,Free,8.0,Solar Pump,"(-21.0934894828255, 21.75857395776499)",Not Functioning
WP1841,Well,Clean,39.0,24000.0,2010.0,Oxfam,Free,14.0,Solar Pump,"(-18.679865547499983, 26.92224344207824)",Not Functioning
WP1842,Well,Contaminated,39.0,24000.0,2002.0,Red Cross,Free,22.0,Motorized Pump,"(-18.97133722100908, 24.718343848087844)",Functioning
,Well,,44.0,24000.0,2013.0,Red Cross,Pay per use,11.0,Motorized Pump,"(-20.768779971287113, 25.20922811157098)",Not Functioning
WP1844,Well,Contaminated,46.0,20000.0,2009.0,USAID,Free,15.0,Hand Pump,"(-23.123332916266044, 20.895315232407125)",Functioning
,Lake,Contaminated,43.0,29000.0,2018.0,Red Cross,Pay per use,6.0,Motorized Pump,"(-22.981836311282176, 26.432899273430174)",Not Functioning
WP1846,Well,Contaminated,34.0,26000.0,2014.0,,Pay per use,10.0,,"(-18.974213838017953, 25.488842092325296)",Not Functioning
WP1847,River,Clean,,18000.0,2018.0,Red Cross,Free,6.0,,"(-20.823901724765967, 21.843224466971055)",Not Functioning
WP1848,Well,Contaminated,48.0,26000.0,2007.0,,,17.0,Hand Pump,"(-22.841621588806536, 22.14239913640688)",Not Functioning
WP1849,,Clean,30.0,23000.0,1990.0,Red Cross,Pay per use,34.0,Solar Pump,,Not Functioning
,,Clean,41.0,23000.0,1997.0,UNICEF,Free,27.0,,"(-21.12366139386788, 20.799915237843223)",Not Functioning
WP1851,Well,,41.0,26000.0,1993.0,,Pay per use,31.0,Solar Pump,"(-23.55494499682024, 22.637628878781296)",Not Functioning
WP1852,Lake,Contaminated,47.0,25000.0,2019.0,Red Cross,Free,5.0,Motorized Pump,"(-22.81934749010788, 21.752056972374078)",Not Functioning
WP1853,Well,Contaminated,47.0,29000.0,,Red Cross,Free,,Motorized Pump,"(-18.524591697475355, 26.338495260275693)",Not Functioning
WP1854,Lake,Contaminated,41.0,,2008.0,USAID,Free,16.0,,"(-21.347578126698306, 22.324972557954087)",Not Functioning
WP1855,Well,Clean,37.0,28000.0,1995.0,Oxfam,Pay per use,29.0,Motorized Pump,,Functioning
WP1856,Well,Contaminated,32.0,,2005.0,Red Cross,Free,19.0,Motorized Pump,"(-19.036997678712716, 26.61820039197208)",Not Functioning
WP1857,,Clean,40.0,26000.0,1997.0,Red Cross,Free,27.0,Solar Pump,"(-22.862382440286048, 22.355078201225243)",Not Functioning
WP1858,Well,Contaminated,,18000.0,2002.0,,Free,,Solar Pump,"(-21.85777836321336, 21.024181581908504)",Not Functioning
WP1859,,Contaminated,38.0,25000.0,2020.0,Red Cross,,4.0,Motorized Pump,"(-22.01009026712618, 19.082179886468513)",Not Functioning
WP1860,Lake,Clean,42.0,22000.0,2017.0,Red Cross,Pay per use,7.0,Motorized Pump,"(-19.268216455924453, 25.662390700611066)",Not Functioning
WP1861,Lake,Contaminated,42.0,33000.0,2014.0,Red Cross,Free,10.0,Motorized Pump,,Not Functioning
WP1862,Well,Contaminated,34.0,18000.0,2005.0,Red Cross,Free,19.0,Motorized Pump,"(-20.110012604778923, 23.410501549465806)",Functioning
WP1863,Well,Clean,40.0,19000.0,2007.0,USAID,Free,17.0,Motorized Pump,"(-20.718867355936613, 24.062984387733007)",Not Functioning
,Well,Contaminated,38.0,17000.0,2005.0,Oxfam,Free,19.0,Hand Pump,"(-20.68940143195467, 21.74567379887859)",Functioning
,Well,Clean,,22000.0,1994.0,,Free,30.0,Motorized Pump,"(-22.256005764713322, 24.239163677121375)",Not Functioning
WP1866,Lake,,38.0,23000.0,2019.0,USAID,Pay per use,5.0,Motorized Pump,,Not Functioning
WP1867,Well,Clean,37.0,27000.0,2015.0,USAID,Free,9.0,Motorized Pump,"(-21.30845238021588, 25.998284499490257)",Not Functioning
WP1868,Lake,Clean,37.0,,2006.0,Red Cross,,18.0,Solar Pump,"(-20.500201288794454, 24.69590264893266)",Not Functioning
WP1869,Well,Clean,29.0,28000.0,2008.0,Red Cross,Free,16.0,Motorized Pump,"(-18.254571644643306, 24.878936613398473)",Not Functioning
WP1870,Well,Contaminated,40.0,23000.0,1995.0,Red Cross,Free,29.0,Motorized Pump,"(-20.507239841368683, 24.95066532954359)",Not Functioning
WP1871,Well,Contaminated,37.0,24000.0,2009.0,Oxfam,,15.0,Motorized Pump,"(-21.256170444977883, 19.291996580824662)",Functioning
,Lake,Clean,41.0,23000.0,1999.0,USAID,Free,,Solar Pump,"(-19.94894316414472, 27.4451186674482)",
WP1873,Well,Contaminated,44.0,20000.0,2009.0,USAID,Pay per use,,Motorized Pump,,Not Functioning
WP1874,Well,Contaminated,54.0,23000.0,2019.0,USAID,Free,5.0,,"(-23.015509405447347, 21.724861424394106)",Functioning
,,,,25000.0,2007.0,USAID,Pay per use,17.0,Motorized Pump,,Functioning
WP1876,Borehole,Contaminated,43.0,19000.0,2010.0,Red Cross,Free,14.0,Hand Pump,"(-19.252601291054784, 26.950414183982403)",Not Functioning
WP1877,Lake,Contaminated,43.0,23000.0,2005.0,Red Cross,Pay per use,19.0,Solar Pump,"(-21.536835926181034, 21.656893961144174)",Not Functioning
WP1878,Lake,Clean,39.0,25000.0,1996.0,USAID,Pay per use,28.0,Solar Pump,"(-19.818471787408452, 28.445558732862533)",
WP1879,Lake,,48.0,21000.0,1995.0,Red Cross,Free,29.0,Motorized Pump,"(-20.22869989385144, 26.353220012826032)",Not Functioning
WP1880,Well,Contaminated,39.0,24000.0,1997.0,Red Cross,Free,,Motorized Pump,"(-18.552148566645013, 22.210404783694475)",Not Functioning
WP1881,Well,Contaminated,48.0,,2005.0,Red Cross,,19.0,Hand Pump,"(-18.949678372924957, 28.768085990898463)",Not Functioning
WP1882,Well,Contaminated,39.0,26000.0,1990.0,Oxfam,Free,34.0,Motorized Pump,"(-22.733466837667322, 24.288973039599902)",Functioning
WP1883,Well,Clean,46.0,19000.0,2018.0,UNICEF,Free,6.0,Solar Pump,"(-18.326058425022804, 27.01202608961077)",Not Functioning
WP1884,Well,Contaminated,38.0,26000.0,2013.0,Oxfam,Pay per use,11.0,Solar Pump,"(-19.12520005776653, 23.05578642655735)",Not Functioning
WP1885,Lake,Contaminated,41.0,24000.0,2002.0,USAID,Pay per use,22.0,Motorized Pump,"(-21.051549450511374, 25.338906118151783)",Not Functioning
,Well,,38.0,27000.0,1995.0,Oxfam,Free,29.0,,,Functioning
WP1887,Well,Contaminated,42.0,23000.0,2016.0,,Free,8.0,Solar Pump,"(-21.10016047977994, 24.771510433342264)",Not Functioning
WP1888,Borehole,Clean,28.0,23000.0,2017.0,Red Cross,Free,7.0,Solar Pump,"(-20.589117395158105, 24.677871956292506)",Not Functioning
WP1889,,Contaminated,29.0,,1999.0,,Pay per use,25.0,Motorized Pump,,Functioning
WP1890,Well,,42.0,27000.0,2014.0,Red Cross,,10.0,Motorized Pump,"(-23.57063526551275, 21.70444326376134)",Not Functioning
WP1891,Well,Contaminated,48.0,28000.0,2001.0,,Pay per use,23.0,Solar Pump,,Not Functioning
,River,Contaminated,39.0,23000.0,1999.0,Red Cross,Free,25.0,,"(-18.96655063298091, 24.634487346046825)",Functioning
,Well,Contaminated,57.0,23000.0,2003.0,Red Cross,Free,21.0,Solar Pump,"(-20.01048635056061, 27.637349100709102)",Not Functioning
WP1894,Well,,37.0,26000.0,2017.0,Red Cross,Pay per use,7.0,Motorized Pump,"(-20.218602526255804, 19.29323659655172)",Not Functioning
WP1895,Lake,Contaminated,34.0,25000.0,2009.0,UNICEF,Free,15.0,Solar Pump,"(-21.149076650300767, 20.34287962631653)",Not Functioning
WP1896,,Contaminated,44.0,24000.0,2007.0,Red Cross,Free,17.0,,,
WP1897,Borehole,Contaminated,,25000.0,2006.0,,Free,18.0,Motorized Pump,"(-21.079831910829224, 21.5842012692435)",Functioning
WP1898,Borehole,,40.0,24000.0,1998.0,USAID,Free,,Motorized Pump,"(-22.62602550522852, 20.997326209560946)",Functioning
,Well,Contaminated,37.0,24000.0,1997.0,Red Cross,Free,,Solar Pump,"(-18.1507817466893, 25.364745239320026)",
WP1900,Lake,Clean,48.0,,1993.0,UNICEF,Pay per use,31.0,Solar Pump,"(-21.32444914329305, 21.501053009441513)",Not Functioning
WP1901,Borehole,Clean,,27000.0,2003.0,Oxfam,Free,21.0,Motorized Pump,,Not Functioning
WP1902,Lake,Contaminated,46.0,25000.0,2007.0,Oxfam,Free,,Motorized Pump,"(-22.417526406808747, 19.10776821859381)",Not Functioning
WP1903,Well,Contaminated,53.0,24000.0,2005.0,,Pay per use,,Hand Pump,"(-19.39828437863137, 28.23257789746817)",Functioning
WP1904,Lake,Contaminated,39.0,20000.0,2005.0,USAID,Free,19.0,Motorized Pump,"(-19.140797523697156, 25.332936735129962)",Not Functioning
,River,Contaminated,40.0,27000.0,2009.0,USAID,Pay per use,15.0,Motorized Pump,"(-18.913258743454634, 26.39069224619385)",Functioning
,Well,Contaminated,38.0,26000.0,,Oxfam,Free,31.0,Motorized Pump,"(-19.721397974849506, 24.817743883419475)",Not Functioning
WP1907,Lake,Contaminated,38.0,27000.0,2018.0,Oxfam,Pay per use,6.0,Solar Pump,"(-19.083912404957857, 25.356009748142984)",Not Functioning
WP1908,Well,Clean,47.0,23000.0,2008.0,Red Cross,,16.0,Motorized Pump,"(-23.204997163392687, 24.129683130395968)",Not Functioning
,Well,Clean,,23000.0,2010.0,Oxfam,Pay per use,14.0,Motorized Pump,"(-18.21069784423973, 26.03588461337337)",Not Functioning
WP1910,Well,Contaminated,43.0,21000.0,2002.0,Red Cross,Free,22.0,Motorized Pump,"(-17.942190266540774, 28.877373666526104)",Functioning
,,,33.0,24000.0,1991.0,USAID,Pay per use,33.0,,"(-23.8293201456721, 19.416451865108026)",Not Functioning
WP1912,Well,Contaminated,40.0,23000.0,2013.0,Red Cross,Free,11.0,,"(-22.860165898243892, 22.86637244015922)",
WP1913,Well,Contaminated,32.0,19000.0,1996.0,Red Cross,Free,,Solar Pump,"(-19.923790893097262, 28.052905918186944)",
WP1914,,,39.0,23000.0,2014.0,Red Cross,Pay per use,10.0,Hand Pump,"(-23.030879845105815, 20.393818874902994)",Not Functioning
WP1915,Lake,Contaminated,35.0,25000.0,2019.0,UNICEF,,,Motorized Pump,"(-22.1160113086869, 25.48296154625023)",Not Functioning
WP1916,River,Contaminated,38.0,27000.0,2006.0,Red Cross,Free,18.0,Hand Pump,"(-19.502374506272226, 27.72752722913211)",Functioning
WP1917,Well,Contaminated,38.0,24000.0,2008.0,USAID,Pay per use,16.0,Motorized Pump,,Functioning
WP1918,Lake,Contaminated,,19000.0,2007.0,Oxfam,Pay per use,17.0,Solar Pump,"(-19.485950904941788, 27.875129560324407)",Not Functioning
WP1919,Well,Contaminated,52.0,21000.0,1990.0,Red Cross,Free,,Motorized Pump,"(-21.4614915469093, 26.421679676647756)",Functioning
WP1920,Lake,Contaminated,,24000.0,2019.0,USAID,Free,5.0,Motorized Pump,"(-19.77685392084798, 28.308160892531234)",Not Functioning
WP1921,Well,Contaminated,50.0,,2019.0,,Free,,,"(-21.94267176334966, 20.537009251261345)",Not Functioning
WP1922,River,Contaminated,,27000.0,2005.0,Oxfam,Free,19.0,Solar Pump,"(-21.972148722468678, 21.2136548294551)",Not Functioning
WP1923,,Contaminated,49.0,23000.0,,Red Cross,,27.0,Motorized Pump,,Not Functioning
WP1924,Lake,,37.0,27000.0,2001.0,Red Cross,Pay per use,23.0,Motorized Pump,"(-23.89611212184269, 25.96978345515983)",Not Functioning
WP1925,Well,Contaminated,36.0,21000.0,2008.0,USAID,Free,16.0,,"(-17.523120349867565, 28.48769594590672)",Not Functioning
WP1926,Well,Contaminated,,23000.0,,,Free,33.0,Motorized Pump,"(-20.396060735990886, 27.570577657333068)",Functioning
WP1927,Well,Contaminated,42.0,25000.0,,Red Cross,Pay per use,12.0,Motorized Pump,"(-19.999496667479427, 25.93274864719861)",Not Functioning
,Borehole,Contaminated,44.0,25000.0,2012.0,Red Cross,Free,12.0,Motorized Pump,"(-22.74776083436177, 21.67066506348038)",Functioning
,,Clean,38.0,27000.0,1999.0,USAID,Pay per use,25.0,Motorized Pump,"(-19.564715408546245, 26.754125571661532)",Not Functioning
WP1930,Well,Contaminated,33.0,24000.0,,Red Cross,Free,7.0,Solar Pump,"(-18.862816048481474, 24.3667280488536)",Not Functioning
WP1931,Well,Contaminated,,20000.0,2018.0,USAID,Free,,Motorized Pump,"(-23.433510840767294, 22.1936999025778)",Functioning
,Lake,Contaminated,44.0,28000.0,1993.0,USAID,Pay per use,,Hand Pump,"(-21.827904968294114, 20.385793121742765)",
WP1933,,Contaminated,39.0,27000.0,2006.0,Red Cross,Free,18.0,Hand Pump,"(-19.774704881039522, 25.444633999537597)",Not Functioning
WP1934,Borehole,Clean,46.0,22000.0,2020.0,USAID,,4.0,,,Not Functioning
,Lake,Clean,46.0,26000.0,2008.0,USAID,Free,16.0,Motorized Pump,,Not Functioning
WP1936,,Contaminated,39.0,21000.0,2000.0,Red Cross,Free,24.0,Motorized Pump,"(-19.887698885666452, 26.682875894191266)",Not Functioning
WP1937,,Contaminated,49.0,23000.0,2015.0,Red Cross,Free,9.0,,"(-19.674966557819385, 25.98968273356349)",Not Functioning
WP1938,Well,Clean,,25000.0,2003.0,UNICEF,Free,21.0,Motorized Pump,"(-22.15533067257418, 24.915522651069537)",Not Functioning
WP1939,Well,Clean,46.0,24000.0,2006.0,Red Cross,Free,18.0,Motorized Pump,"(-17.633171228231003, 28.08129768846816)",Not Functioning
WP1940,,Contaminated,49.0,21000.0,2000.0,,,24.0,Motorized Pump,"(-22.99883298616265, 25.53826989257326)",Not Functioning
,,Clean,36.0,26000.0,1991.0,,Free,,Solar Pump,"(-20.9944253445142, 25.939368994331897)",Not Functioning
WP1942,Well,Contaminated,40.0,25000.0,2007.0,UNICEF,Pay per use,17.0,Solar Pump,,Not Functioning
WP1943,,Contaminated,49.0,23000.0,,Red Cross,Free,10.0,Solar Pump,"(-21.04022363125136, 26.52150934745196)",Not Functioning
,Well,Contaminated,,20000.0,2006.0,Oxfam,Pay per use,18.0,Motorized Pump,"(-23.019026590832446, 24.341151492543244)",Functioning
WP1945,,Contaminated,39.0,22000.0,2011.0,Oxfam,Free,13.0,Motorized Pump,"(-18.851171440071628, 25.671793010715476)",Functioning
WP1946,Lake,Contaminated,41.0,23000.0,1998.0,Oxfam,Pay per use,26.0,Motorized Pump,"(-23.726857160999984, 25.731498961983494)",Not Functioning
WP1947,Lake,Contaminated,32.0,20000.0,2017.0,Red Cross,Free,7.0,Motorized Pump,"(-19.04051528115524, 26.221940898019383)",Not Functioning
WP1948,Well,,38.0,,,Red Cross,Free,,Solar Pump,"(-19.631632223926353, 25.78084511048112)",Not Functioning
WP1949,Well,Clean,33.0,22000.0,2009.0,Red Cross,Free,15.0,Motorized Pump,"(-20.593593896028768, 22.557312104948796)",Not Functioning
WP1950,River,Contaminated,,23000.0,2015.0,UNICEF,Pay per use,9.0,Solar Pump,"(-22.465284604344124, 19.107240786316236)",Not Functioning
WP1951,Well,Contaminated,41.0,22000.0,2017.0,Red Cross,,7.0,Solar Pump,"(-21.678693210158542, 23.27435761006402)",Not Functioning
WP1952,Well,Contaminated,46.0,22000.0,2006.0,Red Cross,Free,18.0,Motorized Pump,"(-23.086570217734813, 25.307770643628892)",Not Functioning
WP1953,Lake,,,23000.0,2015.0,USAID,Free,9.0,,,Not Functioning
WP1954,Lake,,47.0,21000.0,2010.0,USAID,Free,14.0,Motorized Pump,"(-22.152061691156288, 19.346117625027343)",Not Functioning
WP1955,Lake,Clean,40.0,,2007.0,USAID,Free,17.0,Motorized Pump,"(-23.508359777324646, 25.303333846519067)",Not Functioning
WP1956,Well,Contaminated,,25000.0,1997.0,Red Cross,Free,27.0,,"(-20.0952320299691, 23.850092196586736)",Not Functioning
WP1957,Well,Contaminated,,23000.0,2005.0,Red Cross,,19.0,Solar Pump,"(-23.706800465487724, 25.97366153254258)",Not Functioning
,Well,Contaminated,48.0,25000.0,2018.0,Red Cross,Pay per use,,Motorized Pump,,Not Functioning
,Well,Contaminated,28.0,,2014.0,Red Cross,Free,10.0,Solar Pump,"(-17.598906088196436, 27.915336674869742)",Not Functioning
WP1960,Well,Contaminated,42.0,20000.0,2019.0,USAID,Free,5.0,,"(-18.625833584854735, 26.291554619201523)",Not Functioning
WP1961,,Contaminated,,26000.0,2020.0,USAID,Free,,Solar Pump,"(-22.28148014232194, 22.207072008800832)",Not Functioning
,Well,Contaminated,38.0,28000.0,1993.0,,Free,31.0,Solar Pump,"(-22.470296164275734, 23.80973579831633)",Not Functioning
WP1963,Well,Clean,36.0,29000.0,2012.0,UNICEF,Pay per use,12.0,Motorized Pump,"(-23.764217894030203, 19.526871968312186)",Not Functioning
WP1964,River,Clean,39.0,24000.0,2004.0,Red Cross,Free,20.0,,"(-18.388424806329013, 24.61776907267363)",Functioning
,Well,,43.0,27000.0,2008.0,,Free,,Solar Pump,"(-20.729263535388952, 26.353955249766045)",Not Functioning
WP1966,Lake,,38.0,24000.0,2006.0,USAID,Pay per use,18.0,Solar Pump,"(-18.533055679627378, 24.847215811621624)",Not Functioning
WP1967,Well,,48.0,25000.0,2017.0,Oxfam,Free,7.0,Solar Pump,"(-21.162481554019692, 21.217693893113676)",Not Functioning
WP1968,Well,Clean,38.0,27000.0,2013.0,Red Cross,Pay per use,11.0,Solar Pump,"(-18.99439229267406, 26.10657608963334)",Not Functioning
WP1969,,Clean,38.0,22000.0,1992.0,USAID,Pay per use,,Motorized Pump,"(-19.180534040041803, 28.534677661430607)",Not Functioning
,Lake,Contaminated,29.0,26000.0,2004.0,,Free,20.0,Motorized Pump,"(-23.195919960875433, 19.041156116883165)",Not Functioning
WP1971,Well,Contaminated,35.0,26000.0,1995.0,UNICEF,Free,29.0,Solar Pump,"(-19.627879466881346, 26.101554126721556)",Not Functioning
WP1972,,,30.0,31000.0,,Red Cross,Free,15.0,Motorized Pump,"(-20.934695284244686, 26.84759032371578)",Not Functioning
WP1973,,Clean,30.0,23000.0,,,Free,14.0,,"(-18.402334230140653, 26.276447276198198)",Not Functioning
WP1974,Borehole,Clean,34.0,29000.0,1992.0,Red Cross,Pay per use,32.0,Motorized Pump,"(-17.991708635596282, 25.842582933055454)",Not Functioning
WP1975,,Contaminated,,23000.0,,Oxfam,Free,10.0,Motorized Pump,"(-17.86593623394028, 25.891052895844965)",Not Functioning
,Lake,Clean,,24000.0,,USAID,Free,34.0,Motorized Pump,"(-19.463242174917763, 28.260624164856544)",Not Functioning
,,Clean,41.0,,1999.0,USAID,Free,25.0,Motorized Pump,"(-23.046700457481503, 25.01801681562347)",Not Functioning
WP1978,Well,Contaminated,39.0,21000.0,2004.0,USAID,Pay per use,20.0,Motorized Pump,,Not Functioning
WP1979,Well,,33.0,25000.0,2016.0,Red Cross,Free,8.0,Solar Pump,"(-21.173513191818405, 26.908905357827187)",Not Functioning
,Well,Clean,42.0,23000.0,2018.0,Red Cross,,6.0,Motorized Pump,"(-23.079121669298026, 25.257348916907205)",Not Functioning
WP1981,Well,Contaminated,43.0,,2004.0,Red Cross,Free,20.0,Motorized Pump,"(-19.11012155848389, 27.236531374994733)",Not Functioning
WP1982,Lake,,40.0,24000.0,2007.0,Red Cross,Free,17.0,Motorized Pump,"(-18.531927212127275, 22.218012092446635)",Not Functioning
WP1983,,Clean,35.0,21000.0,2018.0,UNICEF,Pay per use,6.0,,"(-19.405620615189534, 27.10787128033407)",Not Functioning
WP1984,,Clean,38.0,24000.0,1993.0,Oxfam,Free,31.0,Hand Pump,"(-19.93475247257663, 25.99331747417601)",Not Functioning
WP1985,Borehole,Contaminated,26.0,27000.0,1990.0,Oxfam,Free,34.0,Motorized Pump,"(-20.672454673498077, 24.883380561926874)",Not Functioning
WP1986,Well,,33.0,20000.0,2018.0,Red Cross,,6.0,Solar Pump,"(-19.74209625559363, 24.35116209791801)",Not Functioning
WP1987,Well,Contaminated,37.0,26000.0,2003.0,Red Cross,Free,21.0,Motorized Pump,"(-18.701709581198163, 24.63542123302926)",
WP1988,Well,Contaminated,34.0,23000.0,1994.0,USAID,Pay per use,,Hand Pump,"(-17.88508559831708, 25.91172263699915)",Not Functioning
WP1989,Lake,Contaminated,45.0,20000.0,2010.0,UNICEF,Free,14.0,Motorized Pump,"(-18.550660049502085, 26.19754225499125)",Not Functioning
WP1990,,Contaminated,45.0,26000.0,,Oxfam,Free,24.0,Motorized Pump,,Not Functioning
WP1991,Well,Clean,43.0,18000.0,1999.0,,Free,25.0,Solar Pump,,Not Functioning
WP1992,Well,Contaminated,,28000.0,1996.0,Red Cross,Free,28.0,Motorized Pump,,Not Functioning
WP1993,Well,Contaminated,33.0,27000.0,2012.0,USAID,Free,12.0,Solar Pump,"(-20.50477838351977, 19.02953426845851)",Not Functioning
WP1994,,Clean,35.0,24000.0,1992.0,Oxfam,Free,32.0,Motorized Pump,"(-23.870615719400313, 19.551285613237614)",Not Functioning
WP1995,,Contaminated,48.0,25000.0,1992.0,Oxfam,Free,32.0,Solar Pump,"(-18.712863984956556, 25.783277023079766)",Not Functioning
,Well,Contaminated,,24000.0,1992.0,,Pay per use,,Motorized Pump,"(-20.298702274068518, 24.90644699329841)",Not Functioning
WP1997,Borehole,Contaminated,36.0,27000.0,2017.0,USAID,Free,7.0,Motorized Pump,"(-18.049805114870477, 20.413833972553316)",Functioning
WP1998,Well,Clean,32.0,24000.0,2015.0,Oxfam,,9.0,Motorized Pump,"(-22.15687560156346, 26.690814328595458)",Not Functioning
WP1999,River,Contaminated,,23000.0,,USAID,Free,5.0,Motorized Pump,"(-21.983265451026426, 24.754830192376343)",Functioning
WP2000,Lake,Clean,35.0,24000.0,2016.0,Red Cross,Free,8.0,Solar Pump,"(-23.10781088069694, 27.200869027432283)",Not Functioning
,Well,Contaminated,53.0,21000.0,2000.0,USAID,,24.0,Solar Pump,"(-20.514627914720712, 19.86179981586555)",Not Functioning
WP2002,Well,Clean,41.0,25000.0,2013.0,Red Cross,Free,,Hand Pump,"(-21.532278792733123, 21.73191798682391)",Not Functioning
,Well,Clean,,21000.0,2003.0,UNICEF,Free,,Solar Pump,"(-22.219588748886288, 19.522741181631698)",Not Functioning
WP2004,Well,Contaminated,41.0,23000.0,2005.0,,Free,19.0,Motorized Pump,"(-17.976140115055884, 27.72298033119347)",Not Functioning
WP2005,Well,Clean,40.0,24000.0,2012.0,Oxfam,Free,12.0,Solar Pump,,Not Functioning
,,,29.0,20000.0,2015.0,Oxfam,Free,,Solar Pump,"(-19.00358194820449, 27.39641112474854)",Not Functioning
,Well,Contaminated,45.0,27000.0,2017.0,Red Cross,Pay per use,,Solar Pump,"(-22.906449325468824, 24.63845867085534)",Not Functioning
WP2008,Lake,,,25000.0,1998.0,,Pay per use,26.0,,"(-19.24912995960199, 25.270494295292725)",Not Functioning
WP2009,Well,Clean,36.0,22000.0,1994.0,,Free,30.0,Motorized Pump,"(-18.798738138690016, 24.474120961484196)",Not Functioning
WP2010,Well,Clean,47.0,20000.0,1996.0,UNICEF,Pay per use,28.0,Motorized Pump,"(-20.454468326369202, 27.630833581017345)",Not Functioning
WP2011,River,Clean,32.0,27000.0,2018.0,,Free,6.0,Solar Pump,,Not Functioning
,Lake,Contaminated,,20000.0,1992.0,UNICEF,,,Motorized Pump,"(-19.16420653474045, 25.886127899137502)",Not Functioning
WP2013,,Contaminated,41.0,25000.0,2006.0,Red Cross,Free,,Motorized Pump,"(-19.917677319362088, 28.6231054203989)",Functioning
WP2014,Lake,,,29000.0,2007.0,Red Cross,Free,,Motorized Pump,"(-18.93149199814227, 24.37608555791268)",
WP2015,Well,Contaminated,41.0,27000.0,,Oxfam,Pay per use,28.0,Hand Pump,"(-22.42044695337282, 26.301438710346126)",
WP2016,,Contaminated,39.0,25000.0,2005.0,,,19.0,Solar Pump,"(-22.119123506421822, 26.863888511826133)",Not Functioning
WP2017,Well,Clean,41.0,26000.0,1990.0,Oxfam,Free,34.0,,"(-17.83418134237145, 24.015000335894022)",Not Functioning
WP2018,Well,Contaminated,,27000.0,1994.0,Red Cross,Free,30.0,Motorized Pump,"(-22.86437213455362, 20.6300290498898)",
WP2019,,Contaminated,48.0,24000.0,2020.0,,Pay per use,4.0,Motorized Pump,"(-19.552090323574994, 25.246473977728197)",Not Functioning
WP2020,Well,,51.0,22000.0,2014.0,UNICEF,Free,10.0,Solar Pump,"(-19.141214061951715, 24.76547600933542)",Not Functioning
WP2021,Well,Clean,34.0,25000.0,2012.0,USAID,Pay per use,12.0,Solar Pump,"(-19.205950269811748, 24.70922475439729)",Not Functioning
,Lake,Contaminated,,28000.0,2002.0,,Free,22.0,Motorized Pump,"(-19.663108876638393, 24.193092149674612)",Not Functioning
WP2023,Lake,Contaminated,41.0,26000.0,1992.0,Oxfam,Pay per use,32.0,Solar Pump,"(-18.480788101524084, 25.830312262097856)",Not Functioning
WP2024,Well,Clean,40.0,22000.0,1996.0,USAID,Pay per use,28.0,Motorized Pump,"(-22.833664711124708, 20.9717576203135)",Not Functioning
WP2025,Borehole,,41.0,23000.0,1993.0,Red Cross,Free,31.0,,"(-17.82151019054843, 27.15890292011428)",Not Functioning
WP2026,Borehole,Contaminated,33.0,26000.0,,USAID,Free,28.0,,"(-22.90045672018303, 26.377254998984654)",Functioning
WP2027,Well,Contaminated,37.0,30000.0,1992.0,Oxfam,Free,32.0,Solar Pump,"(-23.82318917941705, 21.37039589330631)",
WP2028,Well,Contaminated,38.0,25000.0,1996.0,,Pay per use,28.0,Motorized Pump,,Functioning
WP2029,Well,Clean,,,1991.0,Red Cross,Free,33.0,Solar Pump,,Not Functioning
WP2030,Lake,Contaminated,57.0,26000.0,2018.0,Red Cross,Free,6.0,Solar Pump,"(-20.874285460633722, 20.206252192604335)",Not Functioning
WP2031,,Contaminated,31.0,21000.0,1994.0,USAID,,30.0,Solar Pump,"(-20.42537598824678, 27.1460380690782)",Not Functioning
WP2032,,,45.0,23000.0,2013.0,Oxfam,Pay per use,11.0,Solar Pump,"(-19.5164132193601, 21.323031596562345)",Not Functioning
WP2033,Well,Contaminated,45.0,21000.0,2001.0,Red Cross,Free,23.0,Motorized Pump,"(-23.609435671533653, 19.872579159504312)",Not Functioning
WP2034,Well,Clean,44.0,21000.0,2011.0,UNICEF,Free,13.0,,"(-21.482813025215812, 27.46480069971229)",
WP2035,Well,Contaminated,38.0,23000.0,2009.0,,Free,15.0,,"(-21.713998441389858, 24.62850362579191)",
WP2036,Well,Clean,50.0,25000.0,1993.0,Red Cross,Pay per use,31.0,Hand Pump,"(-21.984811123425818, 26.050134318276825)",Functioning
WP2037,River,,41.0,22000.0,2011.0,Red Cross,Free,13.0,Solar Pump,"(-22.42035287369867, 19.719052360653258)",Not Functioning
WP2038,Well,Contaminated,43.0,24000.0,2003.0,,Pay per use,,Solar Pump,"(-22.830668592333936, 20.300431024202197)",Not Functioning
,Well,,49.0,24000.0,2000.0,USAID,,24.0,,"(-21.85460794436119, 22.460300781555215)",Not Functioning
WP2040,Well,Clean,,29000.0,1996.0,,Free,28.0,,"(-18.885786077651556, 28.45975395506366)",Not Functioning
WP2041,Well,Clean,46.0,27000.0,2017.0,Red Cross,,7.0,Solar Pump,,Not Functioning
WP2042,Well,Clean,45.0,20000.0,2008.0,Red Cross,Free,,Motorized Pump,"(-20.81967683380327, 25.633926175855432)",Not Functioning
,Lake,Contaminated,38.0,23000.0,2010.0,USAID,Free,14.0,Motorized Pump,"(-22.98645222637014, 22.956789216111098)",Not Functioning
WP2044,Well,Contaminated,42.0,27000.0,,Red Cross,Free,12.0,,"(-20.155070922886168, 20.93024297181062)",Functioning
WP2045,Well,Clean,,26000.0,2008.0,UNICEF,,16.0,Solar Pump,"(-20.652253542157887, 22.190223473923286)",Not Functioning
WP2046,Well,Contaminated,,20000.0,2008.0,USAID,Pay per use,16.0,Motorized Pump,"(-17.809412774335406, 27.47165883733531)",Functioning
WP2047,River,Contaminated,35.0,26000.0,2016.0,Red Cross,Free,8.0,Solar Pump,"(-23.160218414312446, 21.46674650210097)",Not Functioning
WP2048,,Contaminated,35.0,20000.0,1994.0,USAID,Free,30.0,Motorized Pump,"(-23.187280853709424, 21.23199173625587)",Functioning
WP2049,,Contaminated,52.0,25000.0,2016.0,Red Cross,Free,8.0,,"(-18.79395790335642, 26.07977452802426)",Not Functioning
,Lake,Contaminated,48.0,28000.0,2011.0,USAID,Free,13.0,Hand Pump,"(-21.62578525515454, 24.640094569398265)",Not Functioning
WP2051,Well,,41.0,,2005.0,UNICEF,Free,19.0,Hand Pump,"(-19.621375450262217, 24.685102117597854)",Functioning
WP2052,Well,Contaminated,43.0,27000.0,2015.0,Red Cross,,9.0,Motorized Pump,"(-20.9534791813986, 24.362341773667396)",Not Functioning
WP2053,Borehole,Contaminated,45.0,24000.0,1991.0,UNICEF,,33.0,Motorized Pump,"(-21.34652776968803, 21.458732711688004)",Not Functioning
WP2054,,Contaminated,38.0,23000.0,2017.0,USAID,Free,7.0,Motorized Pump,"(-23.86774172757465, 24.937246830164117)",Not Functioning
,Lake,Clean,38.0,27000.0,2000.0,,Free,24.0,Solar Pump,"(-19.672534780932452, 26.59926323209482)",Not Functioning
WP2056,Lake,Contaminated,45.0,25000.0,2006.0,UNICEF,Pay per use,18.0,Hand Pump,"(-22.909144967159047, 25.654340838330462)",Not Functioning
WP2057,,Contaminated,50.0,,1995.0,Red Cross,Pay per use,29.0,Motorized Pump,"(-21.633884363636604, 26.325393096360393)",Functioning
WP2058,Well,Contaminated,34.0,31000.0,2006.0,Red Cross,Free,18.0,Motorized Pump,,Functioning
,River,Contaminated,39.0,28000.0,1999.0,Red Cross,Free,25.0,Hand Pump,"(-21.14784878962346, 25.635464556553355)",
WP2060,Borehole,Contaminated,35.0,21000.0,2013.0,Red Cross,,11.0,,,Not Functioning
WP2061,Well,Contaminated,55.0,28000.0,1997.0,Red Cross,Free,27.0,Motorized Pump,"(-21.33745722697784, 24.435083672129196)",Functioning
WP2062,River,Contaminated,48.0,20000.0,1990.0,Red Cross,Pay per use,34.0,Motorized Pump,"(-19.891684480953643, 26.37123459624449)",Functioning
WP2063,Well,,38.0,21000.0,2018.0,,Free,6.0,Motorized Pump,"(-17.804676293385697, 24.06498781539204)",Not Functioning
WP2064,Well,Contaminated,38.0,23000.0,2015.0,Oxfam,Pay per use,9.0,Motorized Pump,"(-23.387216151337753, 20.20396250709479)",
WP2065,,Clean,38.0,27000.0,2006.0,USAID,Pay per use,18.0,Motorized Pump,"(-18.596601718758613, 26.48039737615396)",Not Functioning
,,Clean,35.0,21000.0,2009.0,USAID,Free,15.0,Solar Pump,"(-18.165007365795454, 25.227038006486783)",Not Functioning
WP2067,,Clean,,19000.0,1999.0,Oxfam,Free,,Motorized Pump,"(-23.778625940323725, 19.98613236735347)",Not Functioning
WP2068,,Contaminated,35.0,25000.0,2016.0,Red Cross,Free,8.0,Solar Pump,"(-23.064406536526846, 26.326051216300556)",Not Functioning
WP2069,Well,Contaminated,57.0,21000.0,2016.0,USAID,Free,8.0,Motorized Pump,"(-23.658207432236765, 25.599927894146347)",Functioning
WP2070,Lake,Clean,45.0,16000.0,1997.0,USAID,Pay per use,27.0,Motorized Pump,"(-22.52115459741822, 21.892037527696623)",Not Functioning
,Lake,Contaminated,36.0,31000.0,2004.0,Red Cross,Free,20.0,Motorized Pump,"(-17.609205524257998, 27.963582046145568)",Not Functioning
WP2072,Lake,Contaminated,50.0,25000.0,2018.0,Red Cross,Free,6.0,Hand Pump,"(-22.199803069219083, 24.32267884090482)",Not Functioning
,Lake,Contaminated,,20000.0,2003.0,World Bank,,21.0,Motorized Pump,"(-19.55989717373482, 24.611736722323663)",
WP2074,Lake,Contaminated,34.0,22000.0,2005.0,,Pay per use,19.0,Motorized Pump,"(-19.12081957426261, 20.23399447546669)",Not Functioning
,,Contaminated,40.0,26000.0,2006.0,Red Cross,Pay per use,18.0,Solar Pump,"(-21.356054240717036, 22.98064499147394)",Not Functioning
WP2076,Well,Contaminated,37.0,,2009.0,USAID,Free,15.0,,"(-20.791480288224186, 25.64720925045058)",Not Functioning
,Well,,44.0,22000.0,2014.0,Red Cross,Free,10.0,Solar Pump,"(-23.042103163291756, 26.9169893578848)",Not Functioning
WP2078,Well,Clean,44.0,24000.0,1995.0,Red Cross,Pay per use,,Motorized Pump,"(-21.2348274743079, 23.811828888386714)",Not Functioning
WP2079,Lake,Contaminated,36.0,23000.0,2006.0,USAID,Pay per use,18.0,Motorized Pump,"(-21.22302749431952, 26.86969137515426)",Not Functioning
WP2080,,Contaminated,38.0,23000.0,1997.0,,Free,27.0,Motorized Pump,"(-19.331013653866993, 26.540749161116434)",Not Functioning
WP2081,River,Contaminated,41.0,25000.0,1997.0,Oxfam,Pay per use,27.0,Motorized Pump,,Not Functioning
WP2082,Well,,,24000.0,2008.0,Red Cross,Free,16.0,Motorized Pump,"(-22.202216543092003, 26.358539978217784)",Not Functioning
WP2083,Well,,46.0,28000.0,1997.0,UNICEF,Pay per use,27.0,Motorized Pump,"(-23.321913318870735, 19.33656609731823)",Functioning
WP2084,,Clean,48.0,22000.0,1999.0,USAID,Pay per use,25.0,Hand Pump,"(-21.869488002656002, 26.424714619556816)",Not Functioning
,Well,Contaminated,43.0,22000.0,,USAID,,7.0,,"(-21.18682760448433, 19.812459469703725)",Functioning
WP2086,Lake,Contaminated,29.0,27000.0,2018.0,USAID,Pay per use,6.0,Solar Pump,"(-22.443825781794537, 28.72768135987938)",Not Functioning
WP2087,Well,Contaminated,,25000.0,2005.0,Oxfam,Free,19.0,Hand Pump,"(-20.908284756452595, 19.64755048366451)",Not Functioning
WP2088,Lake,Clean,47.0,18000.0,2002.0,,Pay per use,22.0,Motorized Pump,"(-23.750538779295795, 23.374607514491895)",Not Functioning
WP2089,Lake,Clean,38.0,26000.0,1998.0,USAID,Pay per use,26.0,Solar Pump,"(-21.845708714270366, 25.10357802986765)",Not Functioning
WP2090,Well,Contaminated,51.0,24000.0,2014.0,,,10.0,Motorized Pump,,Functioning
WP2091,Well,Contaminated,45.0,22000.0,2020.0,USAID,Pay per use,,,"(-21.707768186048316, 21.399238065791106)",Functioning
WP2092,Well,Contaminated,43.0,30000.0,1997.0,UNICEF,Free,,Hand Pump,,Not Functioning
,Well,,26.0,26000.0,,Red Cross,Pay per use,21.0,Motorized Pump,"(-22.109542236260044, 22.318938889601277)",
WP2094,Well,,41.0,20000.0,2018.0,UNICEF,Free,6.0,Motorized Pump,"(-20.11501564606839, 26.383244275068378)",Functioning
WP2095,Well,Clean,38.0,23000.0,2008.0,UNICEF,Free,,Motorized Pump,"(-22.164981435555315, 24.509777239766283)",Functioning
WP2096,Well,Contaminated,49.0,22000.0,2006.0,Red Cross,Free,18.0,Motorized Pump,"(-22.681194802167322, 22.12413046257164)",Not Functioning
WP2097,Well,Clean,45.0,20000.0,2017.0,,Free,7.0,,"(-20.593204823968982, 24.210963707739104)",Not Functioning
,Well,Clean,35.0,,2008.0,Oxfam,Free,,Solar Pump,"(-18.435136834953113, 27.982719229447042)",Not Functioning
WP2099,Well,Contaminated,34.0,,1997.0,,Free,27.0,Motorized Pump,,Not Functioning
WP2100,Lake,Contaminated,38.0,23000.0,1990.0,UNICEF,Pay per use,34.0,Solar Pump,,Not Functioning
WP2101,Well,Contaminated,40.0,20000.0,1996.0,Oxfam,,28.0,Motorized Pump,"(-22.854249504047587, 19.980713997120002)",Functioning
WP2102,Lake,Contaminated,38.0,,2020.0,USAID,Free,4.0,Motorized Pump,"(-17.978391128250912, 28.24305187454257)",Not Functioning
WP2103,Lake,Contaminated,50.0,27000.0,2003.0,Red Cross,Pay per use,21.0,Motorized Pump,"(-20.32712705918598, 26.88482467083195)",Not Functioning
WP2104,Well,Contaminated,51.0,,2011.0,Red Cross,Pay per use,13.0,Motorized Pump,"(-19.24696912515174, 25.992632324189948)",Not Functioning
,Well,Contaminated,35.0,27000.0,1990.0,Red Cross,,34.0,Solar Pump,"(-20.939802533005484, 20.17366206415383)",Not Functioning
WP2106,River,,47.0,24000.0,2017.0,,Free,,Motorized Pump,"(-18.83495176280717, 26.907874972826402)",Not Functioning
WP2107,Well,Clean,46.0,24000.0,1999.0,USAID,Free,25.0,Motorized Pump,"(-21.717642273614643, 24.663523563044144)",Not Functioning
WP2108,Well,,44.0,19000.0,2005.0,Red Cross,Pay per use,,,"(-19.25240152609271, 27.481471964278363)",Not Functioning
WP2109,Well,Contaminated,47.0,25000.0,1996.0,Oxfam,Free,28.0,Motorized Pump,"(-23.845197335368695, 23.23031538448331)",Functioning
WP2110,,Clean,,18000.0,2008.0,,Free,16.0,Solar Pump,"(-19.73399241306043, 24.917949766279)",Not Functioning
,Borehole,,40.0,,1990.0,Oxfam,Free,34.0,Motorized Pump,"(-20.33853228633032, 27.55944708861807)",Not Functioning
WP2112,Borehole,,35.0,21000.0,2002.0,USAID,,22.0,Solar Pump,"(-18.96324085422968, 27.45539891402707)",Not Functioning
WP2113,Well,Contaminated,42.0,23000.0,2002.0,USAID,Free,22.0,Solar Pump,"(-21.424212206514202, 22.504448070838947)",Not Functioning
WP2114,,Contaminated,44.0,25000.0,2012.0,Red Cross,Free,12.0,Motorized Pump,"(-20.54528111529116, 27.594415718354256)",Not Functioning
WP2115,Well,Clean,48.0,26000.0,,UNICEF,Pay per use,7.0,Solar Pump,"(-21.017561097011008, 24.94575914869929)",Not Functioning
WP2116,Lake,Contaminated,49.0,27000.0,,USAID,Pay per use,22.0,Motorized Pump,"(-20.680506953141386, 21.307897068955274)",Not Functioning
,Well,Clean,48.0,24000.0,2003.0,Oxfam,Free,21.0,Motorized Pump,"(-19.659637304185928, 26.468253336277588)",Functioning
WP2118,Well,Contaminated,53.0,19000.0,2019.0,,,,Solar Pump,"(-19.527710925846474, 27.46976177970843)",Not Functioning
WP2119,Lake,Contaminated,35.0,27000.0,2015.0,USAID,Free,9.0,,"(-23.790140307103595, 24.144307344985318)",Not Functioning
WP2120,Lake,Contaminated,43.0,22000.0,2006.0,Red Cross,Free,18.0,Motorized Pump,"(-22.317485776478538, 19.85827517877883)",Not Functioning
,,Contaminated,54.0,26000.0,2014.0,UNICEF,,,Motorized Pump,"(-20.84982432740671, 27.35175305844898)",Not Functioning
WP2122,Well,Clean,,22000.0,2006.0,Red Cross,Pay per use,18.0,Motorized Pump,"(-23.72791149610623, 22.2266063135982)",Functioning
WP2123,Well,Clean,43.0,23000.0,2017.0,Red Cross,,,Solar Pump,"(-22.286637833111367, 22.18031707992381)",Not Functioning
WP2124,Well,,47.0,25000.0,1997.0,Red Cross,Free,27.0,,"(-18.734755386232628, 25.218565894348437)",Not Functioning
WP2125,River,Contaminated,,24000.0,2003.0,USAID,Free,21.0,Solar Pump,,Not Functioning
WP2126,Well,Contaminated,42.0,29000.0,2005.0,USAID,Free,19.0,Motorized Pump,"(-17.50899846117423, 24.11695062834416)",Not Functioning
,Lake,Contaminated,36.0,23000.0,1993.0,Red Cross,Free,,Solar Pump,"(-20.15337739455886, 21.4872297745003)",Not Functioning
WP2128,Well,,43.0,20000.0,2005.0,USAID,,19.0,Hand Pump,"(-20.981458059541005, 24.181488989437785)",Functioning
WP2129,Lake,Contaminated,40.0,27000.0,1990.0,Red Cross,Free,34.0,Solar Pump,"(-22.515801590631078, 22.334229379834618)",Not Functioning
,Lake,Contaminated,36.0,19000.0,1999.0,,Free,25.0,Solar Pump,"(-22.46781324231012, 21.21820868357471)",Not Functioning
,Well,Clean,45.0,26000.0,2016.0,Red Cross,Pay per use,8.0,Motorized Pump,"(-22.06307829614821, 21.040390248344888)",Functioning
WP2132,Well,Clean,47.0,24000.0,2000.0,Red Cross,Pay per use,24.0,Motorized Pump,"(-22.925510186565695, 26.396266052678698)",Not Functioning
WP2133,Well,Clean,46.0,21000.0,1998.0,Red Cross,Free,,Hand Pump,"(-18.384813547535074, 26.958467144016826)",Not Functioning
,Borehole,Clean,45.0,27000.0,1992.0,Oxfam,Free,32.0,Motorized Pump,"(-19.29494979995662, 27.15105641977361)",Functioning
,Borehole,,45.0,29000.0,2017.0,UNICEF,Free,,Solar Pump,"(-18.314536154071448, 26.529446201019987)",Not Functioning
WP2136,Well,Clean,33.0,,2014.0,Red Cross,Free,,Solar Pump,"(-17.64061549736447, 27.530493516030525)",Not Functioning
WP2137,Well,Clean,35.0,26000.0,,Red Cross,Free,15.0,Motorized Pump,"(-19.77588470548323, 25.758469898462042)",Not Functioning
WP2138,Well,Contaminated,34.0,23000.0,2015.0,Oxfam,Pay per use,9.0,,"(-23.064544397090376, 26.483383343602608)",Functioning
,Lake,,,23000.0,1997.0,USAID,,,,"(-23.761248637521035, 23.445610373556924)",Functioning
WP2140,Lake,Contaminated,43.0,,2007.0,USAID,Pay per use,,Solar Pump,"(-20.968568606867876, 26.43860906985804)",Not Functioning
,Well,,50.0,,1997.0,Red Cross,Pay per use,27.0,Motorized Pump,"(-21.89657415739208, 25.40260149561975)",Not Functioning
WP2142,Well,Clean,50.0,26000.0,2019.0,Red Cross,Free,5.0,,"(-22.88876823788826, 19.72040549949926)",Not Functioning
WP2143,Lake,Contaminated,48.0,22000.0,2007.0,Red Cross,Free,17.0,Motorized Pump,"(-21.354329482237958, 22.1239687782405)",
WP2144,Lake,Contaminated,35.0,24000.0,1995.0,USAID,Free,,Motorized Pump,,Not Functioning
WP2145,Well,Contaminated,32.0,23000.0,1998.0,Red Cross,Pay per use,26.0,Motorized Pump,"(-20.56023790367565, 23.785448606813638)",Not Functioning
WP2146,Well,Contaminated,,,2011.0,Red Cross,,13.0,Motorized Pump,"(-19.440658050898808, 26.1539808083814)",Not Functioning
WP2147,Lake,,,28000.0,,Red Cross,Free,28.0,,"(-22.84556734533864, 22.507009418170895)",Not Functioning
WP2148,,Contaminated,,24000.0,1999.0,Red Cross,Free,,Motorized Pump,"(-20.31495070753582, 25.918268959008767)",Not Functioning
WP2149,Well,Clean,40.0,19000.0,1991.0,Red Cross,,33.0,Motorized Pump,"(-22.631226295576166, 19.349100695478054)",Not Functioning
,Lake,Clean,35.0,23000.0,,USAID,Free,34.0,Solar Pump,"(-22.2719791138364, 20.7461250968116)",Not Functioning
,Borehole,Clean,35.0,24000.0,1994.0,USAID,Pay per use,,Hand Pump,"(-22.823845156464333, 21.511239460925196)",Not Functioning
WP2152,Well,Contaminated,47.0,18000.0,2008.0,,Pay per use,16.0,Hand Pump,"(-17.93074887220118, 26.039286413123186)",Functioning
WP2153,Lake,Contaminated,,25000.0,2015.0,USAID,Free,9.0,Solar Pump,"(-19.818747416925458, 20.61685767646845)",Not Functioning
,Lake,Clean,46.0,29000.0,2008.0,Red Cross,Free,16.0,Motorized Pump,"(-18.04470094378951, 28.048126874333757)",Not Functioning
WP2155,Well,Contaminated,,23000.0,2016.0,USAID,Pay per use,8.0,Solar Pump,"(-19.325841201082206, 28.28775681726627)",Functioning
,Lake,Contaminated,47.0,,1995.0,Red Cross,Free,,Solar Pump,"(-18.002234665300485, 28.41169269408923)",Not Functioning
,,Contaminated,30.0,20000.0,1996.0,Oxfam,Pay per use,28.0,Motorized Pump,"(-19.9471970565195, 25.608421522368516)",Not Functioning
WP2158,Well,Contaminated,,20000.0,2011.0,USAID,Free,13.0,Solar Pump,"(-20.88236620636957, 25.61099451854122)",Not Functioning
,River,Contaminated,,23000.0,1995.0,Red Cross,,29.0,Solar Pump,,Not Functioning
WP2160,Lake,Clean,52.0,19000.0,2020.0,Oxfam,Free,4.0,Hand Pump,,Not Functioning
WP2161,Lake,Contaminated,,22000.0,2012.0,Red Cross,Free,12.0,Motorized Pump,"(-18.924836444012797, 26.90738244384)",Not Functioning
WP2162,Well,Contaminated,41.0,23000.0,1994.0,Red Cross,Pay per use,30.0,Solar Pump,"(-22.90488806729919, 24.145622008214218)",Not Functioning
WP2163,Lake,Contaminated,42.0,19000.0,2017.0,Oxfam,,7.0,Solar Pump,"(-19.451799810072995, 24.88470425170578)",Not Functioning
WP2164,River,Contaminated,37.0,,2005.0,USAID,Free,19.0,Motorized Pump,"(-23.25446524556548, 23.05534560017619)",Functioning
,Well,,21.0,24000.0,,,Free,29.0,Hand Pump,"(-17.80870238396176, 19.232394904415287)",Not Functioning
WP2166,Well,Contaminated,49.0,19000.0,1999.0,USAID,Pay per use,25.0,Motorized Pump,"(-21.613318093268326, 25.328767701383764)",Functioning
WP2167,Well,Contaminated,41.0,24000.0,,Oxfam,Pay per use,30.0,Motorized Pump,"(-18.65059578718229, 27.70003712824128)",Not Functioning
WP2168,Lake,Contaminated,42.0,20000.0,2016.0,Oxfam,Free,,Motorized Pump,"(-18.62901160146161, 26.53424046541295)",Not Functioning
WP2169,Well,Contaminated,43.0,26000.0,1998.0,,Pay per use,26.0,Solar Pump,"(-18.913369033120333, 25.858152714044387)",Not Functioning
WP2170,Lake,Contaminated,44.0,31000.0,,Red Cross,Pay per use,11.0,Solar Pump,,Not Functioning
WP2171,Well,Contaminated,42.0,24000.0,1999.0,Red Cross,Free,25.0,Motorized Pump,"(-19.976842708652754, 20.014932580797762)",Not Functioning
WP2172,Well,Clean,,27000.0,2004.0,Red Cross,Pay per use,20.0,Motorized Pump,"(-21.211601156286847, 27.73831117197684)",Not Functioning
,Well,Contaminated,41.0,26000.0,,UNICEF,Free,30.0,Solar Pump,"(-22.596374327437157, 22.088987058562648)",Not Functioning
WP2174,River,Contaminated,,22000.0,1993.0,Red Cross,Pay per use,31.0,Solar Pump,"(-23.431559275279312, 20.264184906421615)",Not Functioning
WP2175,Well,Clean,38.0,24000.0,2010.0,USAID,Free,14.0,Solar Pump,"(-22.637939705467282, 26.325707753668503)",Not Functioning
WP2176,Well,Contaminated,31.0,30000.0,2015.0,USAID,Free,9.0,Motorized Pump,,Functioning
WP2177,River,Contaminated,42.0,20000.0,2015.0,UNICEF,,9.0,Motorized Pump,"(-23.985977714032828, 23.587722266079872)",Functioning
WP2178,Lake,Clean,40.0,17000.0,,UNICEF,Free,4.0,Motorized Pump,,Not Functioning
WP2179,Borehole,Contaminated,44.0,,2011.0,Oxfam,Free,13.0,Motorized Pump,"(-20.502108896563172, 26.20777034996906)",Functioning
WP2180,,Contaminated,39.0,21000.0,,Oxfam,Pay per use,12.0,Motorized Pump,,Functioning
WP2181,Well,Clean,38.0,24000.0,2003.0,Red Cross,Free,21.0,Motorized Pump,"(-20.93143693297553, 27.61534175673978)",Not Functioning
WP2182,Borehole,,49.0,22000.0,1996.0,UNICEF,Free,28.0,Motorized Pump,"(-17.56147082756963, 25.201895051108806)",Not Functioning
WP2183,Well,,46.0,26000.0,1992.0,Red Cross,,32.0,Motorized Pump,"(-21.994909134316845, 24.919881779533064)",Functioning
WP2184,Well,Clean,34.0,24000.0,1993.0,Red Cross,Free,31.0,Motorized Pump,,
WP2185,Well,Contaminated,45.0,24000.0,2006.0,USAID,Pay per use,18.0,Motorized Pump,"(-22.398325383152415, 25.824284974800726)",Not Functioning
WP2186,Well,Contaminated,48.0,24000.0,2003.0,,Free,21.0,Motorized Pump,,
WP2187,Well,Contaminated,47.0,22000.0,2001.0,Red Cross,Pay per use,,Solar Pump,"(-19.57858322790591, 27.550226650664943)",Not Functioning
,Well,Clean,36.0,22000.0,2001.0,USAID,Free,23.0,Hand Pump,"(-23.737624651701616, 19.977205266828726)",Not Functioning
WP2189,River,Contaminated,,26000.0,2016.0,Oxfam,Free,8.0,Motorized Pump,"(-20.954188360973692, 24.25103631695182)",Not Functioning
WP2190,,Contaminated,35.0,25000.0,,USAID,Pay per use,,Motorized Pump,"(-20.94095350144867, 24.208938972327662)",Not Functioning
WP2191,Well,Contaminated,37.0,21000.0,2017.0,Red Cross,Pay per use,7.0,Motorized Pump,"(-21.403821556640498, 21.84908700324826)",Functioning
WP2192,Well,Contaminated,39.0,24000.0,2006.0,UNICEF,Free,18.0,Solar Pump,"(-19.458788520786186, 25.849883309470407)",Not Functioning
WP2193,Well,Clean,50.0,,2020.0,Oxfam,Free,,Solar Pump,"(-20.336401475156457, 24.784953846713428)",Not Functioning
WP2194,Lake,Clean,42.0,25000.0,1999.0,UNICEF,Free,25.0,Motorized Pump,"(-21.268580200983514, 21.49743090840956)",Not Functioning
,Well,Clean,35.0,22000.0,2017.0,Red Cross,Pay per use,7.0,Motorized Pump,"(-18.164168422725695, 23.89070131100476)",Not Functioning
WP2196,Well,Contaminated,,27000.0,2012.0,Oxfam,Free,12.0,Motorized Pump,"(-18.311795331522934, 28.51098366084876)",Functioning
WP2197,Well,Contaminated,48.0,23000.0,1998.0,USAID,,26.0,Motorized Pump,"(-21.175137465118382, 22.596468689497673)",Functioning
WP2198,Lake,Contaminated,43.0,20000.0,2016.0,Red Cross,Free,8.0,Motorized Pump,"(-19.479127439129588, 28.488529866281578)",Functioning
,Well,Contaminated,,25000.0,,USAID,Pay per use,10.0,Solar Pump,"(-17.510808910885, 21.724143013673277)",Not Functioning
,Borehole,Contaminated,55.0,,,USAID,Free,8.0,Hand Pump,"(-18.098684970235258, 22.48274799724433)",
WP2201,Well,Contaminated,,27000.0,2012.0,Oxfam,Pay per use,12.0,Motorized Pump,"(-21.529524864478326, 21.178827373318683)",Not Functioning
,Well,,43.0,24000.0,1990.0,,,34.0,Solar Pump,"(-20.517934531835664, 21.54117142640936)",Not Functioning
,Well,Contaminated,41.0,19000.0,1994.0,USAID,,30.0,Solar Pump,"(-17.985335483990806, 26.209896795721292)",Not Functioning
WP2204,Lake,Contaminated,43.0,28000.0,2011.0,USAID,,13.0,Motorized Pump,,Not Functioning
WP2205,Well,Clean,35.0,20000.0,2001.0,Red Cross,Free,23.0,,"(-23.69544385891264, 21.93999351185564)",Not Functioning
WP2206,River,Clean,41.0,,2014.0,Red Cross,Free,10.0,Motorized Pump,"(-21.51479248886869, 22.35906825755975)",Not Functioning
WP2207,Well,Contaminated,45.0,29000.0,1994.0,Oxfam,Free,30.0,Motorized Pump,,Not Functioning
WP2208,Lake,Contaminated,44.0,25000.0,,UNICEF,Free,31.0,Hand Pump,"(-22.316618690544463, 26.189460352459307)",Not Functioning
WP2209,Well,Contaminated,48.0,25000.0,1994.0,UNICEF,Free,30.0,Motorized Pump,"(-18.359372049045476, 26.039794534120283)",Not Functioning
WP2210,Well,Contaminated,37.0,26000.0,2014.0,Red Cross,Pay per use,10.0,Motorized Pump,,Functioning
WP2211,Well,Contaminated,37.0,28000.0,,Red Cross,Free,4.0,,"(-17.69613126449108, 26.31191166424972)",Not Functioning
,Well,Contaminated,38.0,22000.0,2000.0,Red Cross,Free,24.0,Motorized Pump,"(-22.167745564941324, 23.222635021117384)",Not Functioning
WP2213,,Contaminated,,26000.0,2016.0,Red Cross,Free,8.0,Motorized Pump,"(-17.589010094434656, 25.020198953614372)",Not Functioning
WP2214,Lake,Contaminated,,21000.0,,Red Cross,Free,15.0,Hand Pump,"(-22.7538495607125, 22.646004562480112)",Not Functioning
,Well,Contaminated,40.0,21000.0,2004.0,,Free,20.0,Solar Pump,,Not Functioning
WP2216,Well,Clean,,24000.0,2019.0,USAID,Free,,Solar Pump,"(-19.981814274498397, 27.43436323245891)",Not Functioning
WP2217,,,,20000.0,,Red Cross,Free,28.0,Solar Pump,"(-19.555685011283813, 24.616387469337006)",Not Functioning
WP2218,Lake,,53.0,23000.0,2005.0,Red Cross,Pay per use,19.0,Solar Pump,"(-23.242829036874753, 22.12950153024464)",Not Functioning
,Well,Contaminated,,26000.0,1994.0,Red Cross,Free,30.0,Motorized Pump,"(-18.922736260822823, 25.145555828665685)",Not Functioning
WP2220,Lake,Clean,43.0,22000.0,1996.0,USAID,Free,,,"(-21.931239390944068, 25.8984009881415)",Not Functioning
,Well,Contaminated,43.0,28000.0,1998.0,Oxfam,Free,26.0,Solar Pump,"(-23.349928505502977, 20.886926878250414)",Not Functioning
WP2222,Well,Contaminated,40.0,32000.0,1993.0,,,31.0,Solar Pump,"(-18.810326715479754, 26.452469598204974)",Not Functioning
WP2223,Well,Contaminated,,26000.0,2004.0,USAID,Pay per use,20.0,Solar Pump,,Not Functioning
WP2224,Well,Clean,49.0,22000.0,2008.0,,Pay per use,,Solar Pump,,Not Functioning
WP2225,Well,,41.0,26000.0,,,Free,33.0,Motorized Pump,"(-19.592392752343446, 27.15261140424988)",Functioning
WP2226,Well,Contaminated,44.0,25000.0,2003.0,,,21.0,Hand Pump,"(-19.668871245692163, 28.91684807283103)",Functioning
WP2227,River,Clean,50.0,24000.0,,USAID,Free,21.0,Motorized Pump,"(-21.09562183247523, 24.26375314556121)",Not Functioning
WP2228,Well,Clean,48.0,26000.0,,USAID,Free,4.0,Motorized Pump,"(-18.935013155396966, 26.103304869806163)",Not Functioning
WP2229,,,44.0,25000.0,,Oxfam,Free,29.0,Solar Pump,"(-23.63794485871881, 26.98444485104322)",Not Functioning
WP2230,Well,Clean,,23000.0,2018.0,USAID,Free,6.0,Hand Pump,"(-21.976055930761557, 23.299551064151476)",Not Functioning
WP2231,Lake,Clean,31.0,25000.0,1991.0,Oxfam,Free,33.0,,"(-22.418949147783295, 25.625343790914755)",Not Functioning
WP2232,,Contaminated,35.0,24000.0,2009.0,Red Cross,Free,15.0,Motorized Pump,"(-21.84954560934107, 24.14231022489814)",Not Functioning
WP2233,,Contaminated,41.0,33000.0,,Red Cross,Free,10.0,Solar Pump,"(-19.656896478957595, 26.430354644801113)",Not Functioning
,Well,,42.0,22000.0,1994.0,USAID,Free,30.0,Motorized Pump,"(-18.526541793483858, 27.123071629107812)",Not Functioning
WP2235,Lake,Clean,33.0,24000.0,2008.0,,Pay per use,,Motorized Pump,,Not Functioning
WP2236,Lake,Clean,54.0,26000.0,2020.0,,Pay per use,4.0,,"(-20.850911741408126, 19.90422055670792)",Not Functioning
WP2237,Well,Contaminated,37.0,20000.0,2005.0,,,19.0,Motorized Pump,,Not Functioning
WP2238,Well,Clean,41.0,26000.0,2003.0,,Pay per use,21.0,Motorized Pump,,Not Functioning
WP2239,Borehole,Contaminated,38.0,25000.0,2018.0,UNICEF,Free,6.0,Solar Pump,"(-19.354701213175353, 28.831332862376208)",Not Functioning
WP2240,River,Clean,44.0,26000.0,1993.0,UNICEF,Free,,Motorized Pump,"(-18.77927511556986, 27.53424954521659)",Not Functioning
,Well,Contaminated,41.0,25000.0,2018.0,Oxfam,Pay per use,6.0,Motorized Pump,,Not Functioning
,Well,Contaminated,23.0,25000.0,1993.0,Oxfam,Free,31.0,Motorized Pump,"(-19.316853541503775, 28.435025824522658)",Not Functioning
WP2243,,Clean,46.0,19000.0,1995.0,USAID,,29.0,Motorized Pump,"(-22.20125647274587, 19.613605721637295)",Not Functioning
,River,,46.0,29000.0,2010.0,UNICEF,Pay per use,14.0,Hand Pump,"(-18.986292458503762, 25.71952472817967)",Not Functioning
WP2245,Lake,Clean,,23000.0,2012.0,,Pay per use,12.0,Solar Pump,,Not Functioning
WP2246,,Contaminated,34.0,23000.0,2012.0,Oxfam,Pay per use,12.0,,"(-19.77635713108973, 27.20593282271172)",Not Functioning
WP2247,Well,Contaminated,,22000.0,1991.0,Red Cross,Free,,,"(-20.653174799502462, 26.331163285395526)",Not Functioning
,Well,Contaminated,44.0,22000.0,2000.0,Oxfam,Free,24.0,,,Functioning
WP2249,,Contaminated,37.0,20000.0,,USAID,Free,13.0,Motorized Pump,"(-21.566127435227184, 22.99846923256386)",
WP2250,Lake,Clean,50.0,25000.0,2002.0,Red Cross,Pay per use,22.0,Motorized Pump,"(-19.9914081968949, 24.76904622461113)",Not Functioning
WP2251,Lake,Contaminated,38.0,20000.0,2001.0,Red Cross,Free,23.0,,"(-22.411580039175522, 25.509134197595543)",Not Functioning
WP2252,Lake,Contaminated,37.0,20000.0,2020.0,USAID,Free,,Solar Pump,"(-19.594821639843996, 24.1046151771366)",Not Functioning
,Well,Contaminated,29.0,25000.0,2004.0,Red Cross,Free,20.0,Motorized Pump,"(-17.587294497455193, 22.71297426759711)",Not Functioning
WP2254,Well,Contaminated,,25000.0,2011.0,USAID,Pay per use,13.0,Motorized Pump,"(-17.66715093351921, 24.446036948670514)",Functioning
WP2255,,Clean,48.0,25000.0,2017.0,USAID,Free,7.0,Motorized Pump,"(-20.326331854731507, 24.87886584532558)",Not Functioning
WP2256,Well,Clean,45.0,21000.0,,USAID,Free,15.0,Solar Pump,"(-21.034816752866654, 27.034316487051623)",Functioning
,Well,Clean,47.0,24000.0,1998.0,USAID,,26.0,Hand Pump,"(-22.29176383129483, 20.72273517438257)",Not Functioning
WP2258,Well,Contaminated,46.0,27000.0,2002.0,USAID,Free,22.0,Solar Pump,"(-22.14354661124846, 24.60971529928861)",Not Functioning
WP2259,Well,Contaminated,35.0,25000.0,2003.0,Red Cross,,21.0,,,Functioning
,Well,Contaminated,,21000.0,,,Free,12.0,Solar Pump,"(-23.737609599496434, 25.547358198418035)",Not Functioning
WP2261,Well,,46.0,24000.0,2000.0,Oxfam,Free,24.0,Motorized Pump,"(-19.500408604837325, 27.599961440237358)",Not Functioning
WP2262,Lake,Clean,46.0,22000.0,2000.0,Red Cross,Free,24.0,Motorized Pump,"(-19.265078405338414, 24.048496556828187)",Not Functioning
,Well,Contaminated,47.0,19000.0,2013.0,,,,Motorized Pump,"(-22.645184698221293, 26.105722771027395)",Functioning
WP2264,River,Contaminated,37.0,21000.0,,Red Cross,Pay per use,,Solar Pump,"(-23.539669663595205, 25.997624581760846)",Not Functioning
WP2265,Lake,Clean,53.0,,1991.0,USAID,Free,33.0,Solar Pump,"(-23.312518600674785, 21.022062039316832)",Not Functioning
WP2266,Well,Contaminated,,22000.0,1992.0,Red Cross,Free,,Motorized Pump,"(-18.157774390812268, 28.599115049298987)",Not Functioning
WP2267,,Contaminated,49.0,22000.0,2018.0,UNICEF,Pay per use,6.0,Motorized Pump,"(-19.71479387813825, 27.835261307086146)",Functioning
WP2268,Lake,Clean,,25000.0,2015.0,USAID,,9.0,Solar Pump,"(-23.986068196013324, 21.013096664378185)",Not Functioning
WP2269,Well,Contaminated,40.0,24000.0,1995.0,USAID,Free,29.0,Solar Pump,"(-22.412655842031565, 21.691877983089782)",Not Functioning
WP2270,Well,Contaminated,39.0,23000.0,2010.0,USAID,Free,14.0,Motorized Pump,"(-23.71260750939838, 26.451584895981373)",Not Functioning
WP2271,Well,Contaminated,47.0,32000.0,2007.0,Red Cross,Free,17.0,Motorized Pump,,Not Functioning
WP2272,Lake,Clean,35.0,,2015.0,,,9.0,Solar Pump,"(-23.734335986767935, 22.36376140010969)",Not Functioning
WP2273,Borehole,Clean,34.0,18000.0,2016.0,Red Cross,Free,8.0,Solar Pump,,Not Functioning
WP2274,Well,Contaminated,35.0,25000.0,1995.0,Red Cross,Free,,Motorized Pump,"(-18.751575082845054, 27.621677725454465)",Not Functioning
WP2275,Well,Contaminated,46.0,22000.0,1992.0,UNICEF,Free,32.0,Hand Pump,"(-23.171442526627803, 23.24436893789059)",Not Functioning
WP2276,Lake,Contaminated,,23000.0,,Oxfam,Free,12.0,Motorized Pump,"(-17.535862475679565, 24.585638492412695)",Not Functioning
,Well,Contaminated,,24000.0,2004.0,UNICEF,Free,20.0,Motorized Pump,"(-21.089642881502435, 24.973199052101286)",Not Functioning
WP2278,,Clean,39.0,20000.0,1993.0,USAID,Pay per use,31.0,Motorized Pump,"(-20.408990440714938, 24.460153878781533)",Not Functioning
WP2279,Well,Contaminated,48.0,23000.0,2001.0,Red Cross,Pay per use,23.0,Solar Pump,"(-21.755476544435115, 20.21566623046303)",Not Functioning
WP2280,,Contaminated,39.0,28000.0,2009.0,Red Cross,Free,15.0,Hand Pump,"(-23.94862263492295, 20.058149220569952)",Not Functioning
WP2281,Well,Clean,50.0,25000.0,2006.0,Red Cross,Pay per use,18.0,Motorized Pump,"(-18.806299861539692, 26.35166970287645)",
WP2282,Lake,Contaminated,49.0,24000.0,2019.0,Red Cross,Pay per use,5.0,Hand Pump,"(-23.76999560648699, 25.49665999141016)",Not Functioning
WP2283,Lake,Contaminated,26.0,23000.0,2017.0,Oxfam,Pay per use,7.0,Motorized Pump,"(-21.192978494841075, 20.59605749703792)",Not Functioning
WP2284,River,Clean,48.0,25000.0,2000.0,Oxfam,,24.0,Motorized Pump,,Functioning
WP2285,,Contaminated,46.0,25000.0,2006.0,Red Cross,Free,18.0,Hand Pump,"(-18.66137329322001, 26.624391832772805)",Functioning
WP2286,Well,Contaminated,,21000.0,2005.0,Red Cross,Free,,Motorized Pump,"(-21.609303528304505, 24.586117093098775)",Functioning
WP2287,,Clean,43.0,23000.0,,Red Cross,Pay per use,12.0,Motorized Pump,"(-23.495353761319684, 24.748322666805297)",Functioning
,Lake,,36.0,24000.0,1990.0,Red Cross,Free,34.0,Solar Pump,"(-21.214488081539496, 19.49597405714902)",
WP2289,Well,Contaminated,47.0,22000.0,1998.0,UNICEF,Free,26.0,Motorized Pump,"(-21.493774871580094, 22.336866968915167)",Functioning
WP2290,,Contaminated,44.0,24000.0,2016.0,Red Cross,Free,,Motorized Pump,"(-19.526309944153653, 25.462325040568558)",Not Functioning
WP2291,Lake,Contaminated,39.0,21000.0,1996.0,Red Cross,Free,28.0,Motorized Pump,"(-22.037065970346422, 23.943294621010438)",Not Functioning
WP2292,Well,Clean,42.0,27000.0,,USAID,Pay per use,15.0,Hand Pump,,Functioning
WP2293,Well,Contaminated,,28000.0,1997.0,Red Cross,Pay per use,,Motorized Pump,"(-20.544929304984606, 21.450450410376934)",Not Functioning
WP2294,Lake,Contaminated,39.0,28000.0,2006.0,Red Cross,,18.0,Solar Pump,"(-19.3041421433986, 26.956322597079232)",
WP2295,Well,Clean,35.0,22000.0,1997.0,Oxfam,Free,27.0,Motorized Pump,"(-20.55783281616436, 25.517753389147313)",Not Functioning
WP2296,Well,Clean,40.0,27000.0,2003.0,World Bank,Pay per use,21.0,Hand Pump,"(-20.999228600960404, 26.16974148557645)",Functioning
,Borehole,Contaminated,,24000.0,2019.0,Red Cross,Free,5.0,Motorized Pump,"(-19.735157223447704, 24.419403487347594)",Not Functioning
WP2298,Lake,Clean,36.0,,1994.0,Red Cross,Free,30.0,,,Not Functioning
WP2299,Well,,42.0,29000.0,1993.0,UNICEF,Free,31.0,Motorized Pump,"(-22.75856645806061, 22.784590938289607)",Not Functioning
,Lake,Clean,43.0,25000.0,1991.0,USAID,Free,33.0,Solar Pump,"(-19.987911332612974, 26.825340024397725)",Not Functioning
WP2301,River,,50.0,23000.0,2004.0,Red Cross,Free,20.0,Motorized Pump,,
WP2302,Lake,Contaminated,42.0,23000.0,2009.0,Red Cross,,15.0,Motorized Pump,"(-22.628938260303165, 24.274161116814206)",Not Functioning
,Borehole,Clean,46.0,19000.0,1997.0,,Free,27.0,,"(-18.14078255708823, 26.459728824820782)",Not Functioning
WP2304,Well,Clean,41.0,21000.0,2020.0,Red Cross,Free,,Motorized Pump,"(-22.973414121430878, 23.998008318914184)",
,River,Contaminated,32.0,21000.0,2005.0,UNICEF,Free,19.0,Solar Pump,"(-21.86160258861559, 27.891837974651267)",
WP2306,Lake,Clean,34.0,17000.0,2012.0,,,12.0,Motorized Pump,"(-22.742916273662917, 22.532303106814993)",Not Functioning
WP2307,Lake,Clean,,,2005.0,,Free,19.0,Motorized Pump,"(-22.839933217005846, 22.74546829231594)",Not Functioning
,Well,Clean,36.0,26000.0,1994.0,USAID,Free,,Solar Pump,"(-21.414224369261863, 26.742582830150106)",Not Functioning
,Well,Contaminated,46.0,25000.0,,Oxfam,Pay per use,,Motorized Pump,,Not Functioning
WP2310,River,Clean,32.0,23000.0,2003.0,Red Cross,Pay per use,21.0,Motorized Pump,"(-20.57601770814639, 25.66324819071409)",Not Functioning
WP2311,Borehole,Contaminated,39.0,,1999.0,Red Cross,Free,,Motorized Pump,,
WP2312,Lake,Contaminated,43.0,25000.0,1995.0,USAID,Free,29.0,Motorized Pump,"(-22.425823328357033, 28.0992789139202)",
,,Contaminated,37.0,27000.0,2010.0,Oxfam,Free,14.0,Motorized Pump,"(-19.46420451685192, 24.856368508421713)",Not Functioning
WP2314,Well,Contaminated,47.0,20000.0,2019.0,USAID,Free,5.0,,"(-20.962986849670173, 24.284920432006825)",Not Functioning
WP2315,River,Contaminated,,,2015.0,Red Cross,Pay per use,9.0,Solar Pump,"(-19.11223008929852, 20.978126610678054)",Not Functioning
WP2316,Well,Contaminated,40.0,18000.0,2012.0,Red Cross,Free,12.0,Motorized Pump,"(-22.14227425972414, 22.452466340496006)",Functioning
WP2317,Well,Contaminated,,29000.0,1993.0,USAID,Free,31.0,Motorized Pump,"(-23.337702198007467, 21.18225475418145)",Not Functioning
,Well,Clean,40.0,26000.0,2005.0,Red Cross,Pay per use,19.0,Solar Pump,"(-21.435795148383928, 27.188661802661276)",Not Functioning
WP2319,,,35.0,26000.0,,Red Cross,Free,33.0,Motorized Pump,"(-23.35085735590889, 19.553482881916302)",Functioning
WP2320,Lake,Clean,39.0,21000.0,2010.0,Red Cross,,14.0,Motorized Pump,"(-17.590307475430407, 25.578560817396912)",Not Functioning
WP2321,Lake,Contaminated,33.0,24000.0,2007.0,USAID,Free,17.0,Motorized Pump,"(-23.670806338775414, 25.707731407499043)",Not Functioning
WP2322,Lake,Clean,44.0,23000.0,2011.0,USAID,Free,13.0,Solar Pump,"(-18.62110376772573, 27.783158580391355)",Not Functioning
WP2323,Borehole,Clean,37.0,19000.0,2012.0,USAID,Free,12.0,,"(-22.430845104102428, 24.276684294602184)",Not Functioning
WP2324,Well,Contaminated,35.0,22000.0,2006.0,Oxfam,Free,18.0,Motorized Pump,"(-17.680677893061944, 27.42334310456763)",Functioning
WP2325,,Contaminated,42.0,20000.0,,Oxfam,Pay per use,31.0,Solar Pump,"(-19.932716108438846, 27.216864427555763)",
WP2326,River,Clean,38.0,22000.0,2011.0,Red Cross,,13.0,Motorized Pump,"(-20.6533994817315, 25.606426529335504)",Not Functioning
WP2327,Well,Contaminated,47.0,25000.0,2003.0,Red Cross,Free,21.0,Motorized Pump,,Not Functioning
,Lake,Contaminated,,20000.0,1997.0,Oxfam,Pay per use,27.0,Motorized Pump,"(-19.79270948284026, 24.744988329447207)",Functioning
WP2329,,Contaminated,35.0,26000.0,1992.0,Red Cross,Pay per use,32.0,Solar Pump,,Not Functioning
WP2330,Well,Contaminated,,22000.0,2007.0,Oxfam,,17.0,Solar Pump,"(-23.171347263403238, 22.9538748905116)",
WP2331,Well,Contaminated,46.0,25000.0,,USAID,Pay per use,11.0,Solar Pump,"(-23.846880079040883, 21.285394786074455)",Functioning
,Lake,Contaminated,50.0,24000.0,1993.0,USAID,Free,31.0,Hand Pump,"(-20.850800905026418, 19.762830491916446)",Functioning
WP2333,Well,Contaminated,40.0,,2008.0,,Pay per use,16.0,,"(-18.657266676431256, 23.018673708504135)",Functioning
,Lake,Clean,,25000.0,2010.0,Red Cross,Free,14.0,Motorized Pump,"(-20.46515635442833, 21.114108242826987)",Not Functioning
WP2335,,Clean,,23000.0,2007.0,Red Cross,Pay per use,17.0,Motorized Pump,"(-18.855544309195295, 24.868637746878832)",Not Functioning
WP2336,Lake,Contaminated,45.0,29000.0,1997.0,Oxfam,Free,,,,Not Functioning
WP2337,Lake,Contaminated,38.0,28000.0,2018.0,USAID,Free,,Motorized Pump,"(-22.061904155849042, 19.241809205600553)",Not Functioning
WP2338,Lake,Clean,42.0,24000.0,,USAID,,23.0,Motorized Pump,"(-22.651032834846877, 24.07638540728961)",Not Functioning
WP2339,Borehole,Clean,39.0,24000.0,2014.0,,Free,,Solar Pump,"(-22.226700179901073, 27.914736137512698)",Not Functioning
WP2340,Lake,Clean,45.0,25000.0,,World Bank,Free,27.0,Motorized Pump,"(-21.24733782601867, 19.826986711836824)",Not Functioning
WP2341,Well,Contaminated,41.0,17000.0,2008.0,Red Cross,Free,,Solar Pump,"(-19.827114104606565, 25.462446714190158)",Functioning
,Lake,Clean,47.0,27000.0,,World Bank,Pay per use,5.0,Solar Pump,"(-20.726325898395572, 22.720523368551483)",Not Functioning
,,Contaminated,52.0,23000.0,2004.0,USAID,Pay per use,20.0,Motorized Pump,"(-22.68665421733715, 19.08072706378869)",
WP2344,River,Contaminated,,20000.0,1993.0,Red Cross,Free,31.0,Motorized Pump,"(-22.009246323427544, 26.445278037697122)",Not Functioning
WP2345,Lake,Clean,43.0,23000.0,,Red Cross,Free,30.0,Motorized Pump,"(-18.98953969913287, 27.136511585581836)",Not Functioning
WP2346,Well,,,22000.0,2002.0,USAID,Free,,Hand Pump,"(-21.844841741072912, 22.089023882708915)",Functioning
WP2347,Borehole,Clean,36.0,24000.0,2015.0,USAID,Pay per use,9.0,Motorized Pump,"(-21.737355849474213, 22.72171658607844)",Not Functioning
WP2348,Well,Contaminated,33.0,21000.0,,Red Cross,,31.0,Motorized Pump,"(-19.798328037753095, 21.9329807344691)",Not Functioning
WP2349,Lake,Contaminated,40.0,23000.0,2016.0,Oxfam,Free,8.0,Solar Pump,"(-22.49028145038656, 25.84924176911088)",Not Functioning
WP2350,Lake,Contaminated,49.0,25000.0,2019.0,UNICEF,Pay per use,5.0,Motorized Pump,"(-18.958734797017854, 26.682284110490276)",Not Functioning
WP2351,Well,Clean,47.0,28000.0,2001.0,USAID,Free,,Solar Pump,"(-19.614646968286788, 26.038323930334688)",Not Functioning
WP2352,,Contaminated,46.0,24000.0,1996.0,USAID,Free,28.0,Hand Pump,"(-17.640168574436082, 26.680262411188036)",Not Functioning
WP2353,River,Contaminated,,,1997.0,Red Cross,Free,27.0,Solar Pump,,Functioning
WP2354,Borehole,Contaminated,36.0,22000.0,1991.0,Oxfam,,,Hand Pump,,Functioning
WP2355,Well,Contaminated,39.0,22000.0,2017.0,,Free,7.0,Motorized Pump,"(-23.318761063590372, 21.719623210487246)",Not Functioning
WP2356,Well,Clean,42.0,24000.0,2012.0,Red Cross,Free,,Motorized Pump,"(-21.78552835564616, 24.909368268695285)",Not Functioning
,Lake,Contaminated,48.0,24000.0,1991.0,Red Cross,,33.0,Solar Pump,"(-17.990325311503145, 20.041466048437545)",Not Functioning
WP2358,Lake,Contaminated,49.0,22000.0,1997.0,,Free,27.0,Solar Pump,"(-19.01663182575669, 24.331486452354067)",Not Functioning
WP2359,Well,Contaminated,42.0,21000.0,2000.0,Oxfam,Free,24.0,Motorized Pump,"(-20.86706631842896, 24.677842414634966)",Not Functioning
WP2360,,Clean,47.0,,2008.0,Red Cross,Free,16.0,Motorized Pump,,Not Functioning
WP2361,Lake,Contaminated,47.0,33000.0,1994.0,USAID,Free,,Motorized Pump,"(-21.73890404045852, 21.054012479034967)",Not Functioning
WP2362,Lake,Clean,40.0,25000.0,1999.0,USAID,Pay per use,25.0,Motorized Pump,"(-21.618247862313655, 22.009393078878922)",Not Functioning
WP2363,Well,Contaminated,26.0,19000.0,2020.0,Red Cross,Free,4.0,Hand Pump,"(-19.42577103280638, 25.541690935174394)",
WP2364,Borehole,Clean,38.0,24000.0,1994.0,Red Cross,Pay per use,30.0,,,Functioning
WP2365,Lake,Contaminated,23.0,,2012.0,Red Cross,Free,12.0,Motorized Pump,"(-22.53156168157424, 23.372169804345138)",Not Functioning
WP2366,Well,Clean,47.0,24000.0,1997.0,,Free,27.0,Motorized Pump,"(-19.796628285439652, 24.43856697392411)",Not Functioning
WP2367,,Clean,48.0,20000.0,,Red Cross,Pay per use,10.0,Motorized Pump,"(-21.449774531982452, 22.726191685467594)",Not Functioning
WP2368,Well,Clean,41.0,,2002.0,UNICEF,,22.0,Solar Pump,,Not Functioning
WP2369,Well,,50.0,27000.0,2000.0,Red Cross,Free,24.0,,"(-20.18882715237272, 27.78042016133167)",Functioning
,Well,Contaminated,,16000.0,1996.0,Oxfam,Free,,Solar Pump,"(-23.299567496028907, 26.55005470671926)",Not Functioning
WP2371,Well,Clean,47.0,23000.0,,Red Cross,Free,16.0,Motorized Pump,,Not Functioning
WP2372,Lake,Contaminated,37.0,,1998.0,Oxfam,Free,26.0,Hand Pump,"(-22.767893585414846, 21.119643944114106)",Not Functioning
WP2373,Borehole,Clean,,26000.0,2010.0,Oxfam,,14.0,Solar Pump,"(-19.248138933582183, 27.69240922482488)",Not Functioning
WP2374,Well,,40.0,26000.0,1994.0,Oxfam,,,Motorized Pump,"(-17.788730542829754, 26.379748337211804)",Functioning
WP2375,Lake,Clean,40.0,20000.0,1992.0,Red Cross,Free,32.0,Motorized Pump,"(-17.608540912231717, 28.765065414357338)",Not Functioning
WP2376,Well,Contaminated,29.0,24000.0,1995.0,Red Cross,Free,29.0,Motorized Pump,"(-19.42149547447625, 24.90559946972293)",Functioning
WP2377,Lake,Contaminated,42.0,21000.0,2020.0,UNICEF,Free,4.0,,,Not Functioning
WP2378,Lake,Contaminated,38.0,25000.0,1998.0,UNICEF,Free,26.0,Motorized Pump,"(-22.50830592108071, 27.325553746284633)",Not Functioning
WP2379,Well,Clean,41.0,,2009.0,,Free,15.0,,"(-21.01292274719569, 25.933353760100132)",Not Functioning
WP2380,,Contaminated,37.0,22000.0,2012.0,Oxfam,Free,,Motorized Pump,"(-21.00939257306655, 22.49873140107832)",Functioning
WP2381,Well,Contaminated,42.0,25000.0,2020.0,USAID,Pay per use,4.0,Motorized Pump,"(-22.849895916822426, 26.541422846528892)",Not Functioning
WP2382,Lake,Clean,31.0,21000.0,1995.0,USAID,Free,29.0,Motorized Pump,"(-21.87497048794778, 21.46762362595445)",Not Functioning
WP2383,Lake,Clean,35.0,17000.0,,,Free,32.0,Motorized Pump,"(-22.349410082375265, 22.549939122713752)",
WP2384,,Contaminated,45.0,,2009.0,Red Cross,Free,15.0,,,Not Functioning
WP2385,River,Contaminated,,24000.0,1992.0,USAID,Free,,Motorized Pump,"(-17.520838521475877, 25.126326026288854)",Functioning
WP2386,Borehole,Contaminated,34.0,20000.0,2005.0,,Free,19.0,Motorized Pump,"(-21.18819554831852, 22.268811712617584)",Not Functioning
WP2387,Lake,Clean,56.0,25000.0,1995.0,,Pay per use,29.0,Hand Pump,"(-19.20547490422707, 25.995819316308193)",Not Functioning
WP2388,Well,Clean,48.0,28000.0,1992.0,Red Cross,Pay per use,32.0,Solar Pump,"(-23.904682643647558, 23.091694738397965)",Not Functioning
WP2389,Well,Contaminated,43.0,26000.0,2011.0,Red Cross,,13.0,Solar Pump,"(-19.037324356942634, 24.458408498888577)",Not Functioning
,,,36.0,28000.0,2002.0,,Free,22.0,,"(-19.939837163377284, 28.48080467617994)",Not Functioning
WP2391,Well,Contaminated,42.0,21000.0,2015.0,USAID,,9.0,,,Not Functioning
WP2392,Lake,Clean,32.0,24000.0,,Red Cross,Pay per use,,Hand Pump,,Not Functioning
WP2393,Well,Contaminated,43.0,22000.0,2003.0,Red Cross,Pay per use,21.0,,"(-18.20383675030831, 21.859972229423313)",
WP2394,Well,Contaminated,46.0,19000.0,1992.0,,Free,,Hand Pump,"(-20.84611484756984, 24.616031760295613)",Functioning
WP2395,Lake,Contaminated,45.0,25000.0,2018.0,Red Cross,Pay per use,6.0,Motorized Pump,"(-19.28404646546563, 24.24141343271392)",Not Functioning
WP2396,,Clean,36.0,25000.0,2011.0,,Pay per use,13.0,Motorized Pump,,Not Functioning
WP2397,Lake,Clean,34.0,21000.0,2013.0,Red Cross,,11.0,Solar Pump,"(-19.33298778166777, 26.754943301392014)",Not Functioning
WP2398,Well,Contaminated,36.0,24000.0,2008.0,,Free,,Hand Pump,"(-20.37206981354204, 24.317951690358623)",Functioning
WP2399,Well,,,23000.0,1993.0,Oxfam,Free,31.0,Solar Pump,"(-23.169834000242552, 20.55487499748694)",Not Functioning
WP2400,Well,Clean,42.0,26000.0,2013.0,,Free,11.0,Motorized Pump,"(-18.05644785751053, 24.7726835214504)",
WP2401,Well,Contaminated,47.0,,2008.0,USAID,,16.0,Motorized Pump,"(-19.584417457484918, 24.19131587985759)",Not Functioning
,Lake,Contaminated,40.0,23000.0,2011.0,USAID,Free,13.0,Motorized Pump,"(-23.729829997577376, 20.658494971091987)",Not Functioning
WP2403,Lake,Clean,39.0,29000.0,2019.0,Red Cross,Pay per use,5.0,Solar Pump,"(-20.492263803919204, 27.1463842509247)",Not Functioning
WP2404,Well,,43.0,20000.0,2006.0,Red Cross,,18.0,Solar Pump,"(-17.69669089776385, 24.52017766924633)",Not Functioning
WP2405,Well,Contaminated,33.0,23000.0,2010.0,Oxfam,Pay per use,14.0,Motorized Pump,"(-19.457886553281256, 25.896798926685783)",Functioning
WP2406,Lake,Contaminated,40.0,28000.0,2007.0,Red Cross,Free,17.0,Motorized Pump,"(-20.689423990771104, 25.583305161466022)",Not Functioning
WP2407,Lake,Clean,,25000.0,1992.0,USAID,,32.0,Motorized Pump,"(-22.645078961585533, 24.01865508794007)",Not Functioning
WP2408,Well,,,27000.0,2012.0,Oxfam,Free,12.0,Motorized Pump,"(-17.525748085449273, 27.692462088811595)",Not Functioning
WP2409,Borehole,Clean,21.0,24000.0,2015.0,Red Cross,Free,9.0,Motorized Pump,"(-23.53047877679052, 27.20654729850643)",Not Functioning
WP2410,Well,Clean,26.0,23000.0,,Oxfam,Pay per use,30.0,Solar Pump,,Functioning
WP2411,Lake,Contaminated,36.0,26000.0,1990.0,USAID,Free,,,"(-21.30424801509696, 26.04647338368962)",Not Functioning
WP2412,Well,Contaminated,43.0,24000.0,2009.0,Red Cross,Free,15.0,Solar Pump,,Not Functioning
,Well,Contaminated,,22000.0,2012.0,USAID,Pay per use,12.0,Motorized Pump,"(-23.60853010669068, 22.77319662933272)",Functioning
WP2414,Well,Clean,43.0,21000.0,,Red Cross,Free,27.0,Motorized Pump,"(-22.961544481278004, 25.96474507844195)",Not Functioning
WP2415,Borehole,Contaminated,35.0,,2009.0,USAID,Free,,Motorized Pump,"(-20.859174612055735, 27.56183773892416)",Functioning
,Lake,Contaminated,48.0,,1999.0,Red Cross,Free,25.0,Motorized Pump,"(-17.85390235266699, 26.838800480135415)",Not Functioning
,Lake,Contaminated,37.0,26000.0,2000.0,Red Cross,Free,24.0,Motorized Pump,"(-23.12042249435237, 23.45857383135116)",Not Functioning
WP2418,Well,Contaminated,43.0,,2012.0,USAID,Free,12.0,Motorized Pump,"(-18.281153261217934, 25.98796324514861)",Not Functioning
,Well,Clean,25.0,21000.0,1995.0,Red Cross,Free,29.0,Motorized Pump,"(-17.6380895430275, 25.746822509534166)",Not Functioning
WP2420,Lake,Contaminated,45.0,26000.0,,USAID,Pay per use,15.0,Motorized Pump,"(-20.459437267288912, 27.84734746232257)",Not Functioning
WP2421,Well,Contaminated,31.0,24000.0,1997.0,UNICEF,Pay per use,27.0,,"(-22.759977874868103, 26.608775717904557)",Not Functioning
WP2422,Borehole,Contaminated,45.0,32000.0,2019.0,USAID,Free,5.0,Motorized Pump,"(-17.601781152261957, 26.64483951507177)",Not Functioning
WP2423,,Contaminated,40.0,26000.0,2012.0,,,12.0,Solar Pump,"(-19.9951148330878, 26.20998354617349)",Not Functioning
WP2424,Well,Contaminated,35.0,28000.0,2020.0,Red Cross,Free,4.0,Solar Pump,"(-23.1257071343073, 20.355789948344206)",Not Functioning
WP2425,Lake,Contaminated,32.0,,2012.0,Oxfam,Free,12.0,Motorized Pump,"(-20.050324455183976, 21.89607778427811)",Not Functioning
,Well,Contaminated,40.0,24000.0,1992.0,,Free,32.0,Motorized Pump,"(-22.05200599793204, 25.886630519694215)",Not Functioning
WP2427,Lake,Clean,42.0,27000.0,2003.0,USAID,Free,21.0,Solar Pump,"(-18.51748492191839, 27.381950863291188)",Not Functioning
,Well,Contaminated,52.0,21000.0,,USAID,Pay per use,6.0,Motorized Pump,"(-20.973177055513087, 21.35083928727946)",Functioning
,River,Contaminated,27.0,,1993.0,Red Cross,,,Motorized Pump,"(-21.51612311408068, 24.377253259970768)",Not Functioning
WP2430,Borehole,Contaminated,18.0,23000.0,1998.0,Red Cross,Pay per use,26.0,Motorized Pump,"(-23.486951185214593, 22.17105681919759)",Functioning
WP2431,Well,Contaminated,43.0,26000.0,2008.0,,Free,16.0,Motorized Pump,"(-18.758306617049342, 27.565095942468137)",Not Functioning
,River,Clean,46.0,,2005.0,,Free,19.0,,"(-18.101367147264746, 25.181428185219865)",Not Functioning
WP2433,Well,Contaminated,45.0,26000.0,2013.0,Red Cross,,,Solar Pump,"(-21.181556252355463, 25.254889482964096)",Not Functioning
WP2434,Well,Contaminated,37.0,22000.0,1998.0,USAID,,26.0,Motorized Pump,,Not Functioning
WP2435,Well,Contaminated,34.0,25000.0,2002.0,UNICEF,Free,22.0,Motorized Pump,"(-20.8110849396268, 21.81702897467912)",Not Functioning
WP2436,Lake,Contaminated,44.0,25000.0,2006.0,Red Cross,Free,18.0,Motorized Pump,"(-19.737738377526703, 26.061915957273595)",Not Functioning
WP2437,Borehole,Clean,48.0,24000.0,1996.0,Oxfam,Free,28.0,Motorized Pump,"(-22.510853982711243, 21.079818451445405)",Functioning
WP2438,Well,Contaminated,35.0,23000.0,2001.0,USAID,Free,,Solar Pump,"(-21.213520841411142, 27.7029864431762)",Not Functioning
WP2439,Well,Contaminated,,22000.0,2009.0,Red Cross,Free,15.0,Motorized Pump,"(-22.16001101106638, 24.11520353251447)",Not Functioning
,Lake,Contaminated,45.0,23000.0,2007.0,World Bank,Free,,Solar Pump,"(-20.711724758503586, 26.85395025258368)",Not Functioning
WP2441,Well,Contaminated,43.0,23000.0,2017.0,Red Cross,Free,7.0,Solar Pump,"(-22.753461862514648, 28.861919585506723)",Not Functioning
WP2442,Lake,Contaminated,33.0,26000.0,,Oxfam,Free,13.0,Solar Pump,"(-18.801486467505157, 26.211960039283397)",Not Functioning
WP2443,Well,Clean,49.0,19000.0,2004.0,Red Cross,Free,20.0,Hand Pump,"(-18.68790181844618, 24.503885509255888)",Not Functioning
WP2444,Well,Contaminated,44.0,26000.0,2016.0,UNICEF,Free,,Solar Pump,"(-20.785242044945353, 21.02201197748866)",Not Functioning
WP2445,,Contaminated,39.0,27000.0,2003.0,Red Cross,Free,21.0,Solar Pump,"(-21.466097914642784, 22.565279075546385)",Not Functioning
WP2446,Well,Clean,39.0,25000.0,2008.0,USAID,Free,16.0,Solar Pump,"(-22.7331981356146, 26.551959730502745)",Not Functioning
WP2447,,Contaminated,38.0,20000.0,1996.0,UNICEF,Free,28.0,Solar Pump,"(-21.91024672263839, 24.55386603933839)",Not Functioning
,River,Contaminated,39.0,24000.0,2010.0,Red Cross,Pay per use,14.0,Motorized Pump,"(-21.999218703943303, 21.70695297992749)",Functioning
WP2449,Borehole,Contaminated,36.0,23000.0,2014.0,Oxfam,Free,10.0,Solar Pump,"(-19.366638134553078, 23.657512301499)",Not Functioning
WP2450,River,,41.0,21000.0,2017.0,Red Cross,Free,7.0,Motorized Pump,,Functioning
,Lake,Contaminated,40.0,27000.0,1990.0,Oxfam,Pay per use,34.0,,"(-21.050462331092717, 24.592818325624208)",Functioning
,Lake,Contaminated,40.0,20000.0,2020.0,USAID,Free,4.0,Motorized Pump,"(-18.941112821321855, 27.65674236122061)",Not Functioning
WP2453,Well,Contaminated,37.0,26000.0,2001.0,USAID,Free,,Solar Pump,"(-19.568312984599956, 28.144164085763016)",Not Functioning
WP2454,Well,,47.0,22000.0,2011.0,,Free,13.0,Solar Pump,"(-20.64366791488823, 27.9460687149422)",Not Functioning
WP2455,Well,Contaminated,32.0,23000.0,2013.0,Red Cross,Free,11.0,Solar Pump,"(-20.325263947258485, 24.680870310827235)",Not Functioning
,Well,Contaminated,36.0,27000.0,1993.0,UNICEF,Free,31.0,Hand Pump,"(-17.835120630288365, 24.5919376786979)",Not Functioning
,Well,Contaminated,46.0,26000.0,1990.0,UNICEF,Free,,Motorized Pump,"(-21.91041613777072, 25.973074369568298)",
WP2458,Well,Clean,41.0,19000.0,2003.0,Red Cross,Pay per use,21.0,Motorized Pump,"(-19.961668373693957, 26.361371554128517)",
WP2459,Lake,,,27000.0,2012.0,USAID,Pay per use,12.0,Motorized Pump,"(-17.55878071437908, 25.67592546898518)",Not Functioning
WP2460,Well,Clean,37.0,22000.0,2006.0,Oxfam,Free,18.0,Motorized Pump,,Not Functioning
WP2461,Lake,Contaminated,39.0,17000.0,1991.0,Red Cross,Free,33.0,Motorized Pump,"(-23.463770172285383, 19.299480049929972)",
WP2462,Well,Clean,41.0,26000.0,2014.0,Oxfam,Free,,,"(-20.87248460854648, 22.21483005109124)",Functioning
WP2463,Well,Contaminated,36.0,18000.0,1990.0,,,34.0,Motorized Pump,"(-19.411661838749097, 24.068792556348427)",Not Functioning
WP2464,,,47.0,22000.0,2016.0,Red Cross,Free,,,"(-22.834033460884417, 20.321837199616517)",Functioning
WP2465,Well,Clean,37.0,23000.0,2005.0,USAID,Free,19.0,,"(-22.27489718287172, 22.08709771729446)",Not Functioning
,Well,Contaminated,45.0,25000.0,2014.0,Oxfam,Pay per use,10.0,Motorized Pump,"(-20.281106114128978, 24.859271336514027)",Not Functioning
,Well,Contaminated,42.0,23000.0,2007.0,Red Cross,Pay per use,17.0,Motorized Pump,"(-21.365733568157655, 20.96032286847892)",Functioning
WP2468,Well,,41.0,,2006.0,USAID,Free,18.0,Motorized Pump,"(-18.67325324459458, 26.08918936529598)",Functioning
WP2469,Well,Contaminated,,27000.0,2011.0,Red Cross,Free,13.0,Hand Pump,"(-23.47465898093928, 21.163861513283017)",Functioning
,Well,,39.0,27000.0,2017.0,,Pay per use,7.0,,"(-22.04057089115625, 19.83443016781803)",Not Functioning
WP2471,Well,Clean,41.0,29000.0,2016.0,,Free,8.0,Motorized Pump,"(-17.80400123211594, 27.0509846893024)",Not Functioning
WP2472,Lake,Contaminated,,22000.0,2008.0,Red Cross,Free,16.0,Motorized Pump,"(-23.26602362686345, 26.477703499563823)",Not Functioning
WP2473,Well,Contaminated,38.0,22000.0,1991.0,Red Cross,Free,33.0,Motorized Pump,"(-23.250261271277182, 24.9853030253064)",Functioning
WP2474,Lake,Contaminated,55.0,21000.0,1992.0,Red Cross,Free,32.0,Solar Pump,"(-17.892787555202524, 25.12568616026035)",Not Functioning
WP2475,Well,Contaminated,40.0,19000.0,2016.0,UNICEF,Free,8.0,Solar Pump,,Not Functioning
WP2476,Lake,Contaminated,46.0,27000.0,2010.0,USAID,Pay per use,14.0,Motorized Pump,"(-18.713109589063958, 28.981956202597246)",Not Functioning
WP2477,,Clean,41.0,,2011.0,Red Cross,Pay per use,13.0,Solar Pump,"(-22.448171588608037, 25.079797908050338)",Not Functioning
WP2478,Well,Contaminated,42.0,20000.0,1997.0,USAID,Free,27.0,Solar Pump,"(-21.26169162920832, 26.856540616083457)",Not Functioning
WP2479,Well,Contaminated,42.0,26000.0,2002.0,Oxfam,Free,22.0,Motorized Pump,"(-23.268676053539796, 19.069063109450283)",Functioning
WP2480,Well,Contaminated,42.0,22000.0,1992.0,Oxfam,Free,32.0,Solar Pump,"(-21.597325237280355, 26.61840944066407)",Functioning
WP2481,Well,Clean,,25000.0,1991.0,Red Cross,Pay per use,33.0,Motorized Pump,"(-20.80088953164275, 25.47799112803922)",
,Well,Clean,33.0,32000.0,1992.0,World Bank,Free,32.0,Solar Pump,"(-21.97389532445833, 26.961322225762252)",Not Functioning
,Well,Contaminated,54.0,26000.0,2020.0,,Free,4.0,Motorized Pump,"(-23.427771272197965, 26.276225834351997)",Not Functioning
WP2484,Well,,37.0,25000.0,,USAID,,23.0,Solar Pump,"(-19.415188400215268, 26.741849140965787)",Not Functioning
,Well,Contaminated,41.0,21000.0,2018.0,Red Cross,Pay per use,6.0,Motorized Pump,,Functioning
WP2486,Well,Clean,,27000.0,2015.0,Red Cross,Free,9.0,Solar Pump,"(-20.66394589762115, 19.074538892753164)",Not Functioning
,Well,Contaminated,34.0,21000.0,2000.0,World Bank,Free,24.0,,"(-23.039937609460143, 26.2835688683754)",Not Functioning
WP2488,Lake,Contaminated,45.0,21000.0,2015.0,USAID,Free,9.0,Solar Pump,"(-23.91160758224576, 23.83512251562434)",Not Functioning
WP2489,River,Contaminated,45.0,23000.0,2019.0,Red Cross,Free,,Solar Pump,,Not Functioning
,Lake,Contaminated,37.0,20000.0,1998.0,Oxfam,Free,26.0,Motorized Pump,"(-21.605625491452393, 20.712815539522715)",Not Functioning
WP2491,River,Clean,47.0,25000.0,,USAID,Pay per use,34.0,Motorized Pump,"(-20.57112383397664, 21.610039385420947)",Not Functioning
WP2492,Well,Clean,33.0,23000.0,2008.0,USAID,,16.0,Motorized Pump,"(-20.683189250322158, 26.732570267374815)",Not Functioning
WP2493,Lake,Contaminated,38.0,21000.0,1999.0,Oxfam,Pay per use,,Motorized Pump,"(-20.58946052075261, 27.778711323520294)",Not Functioning
WP2494,Well,Contaminated,37.0,24000.0,2001.0,Red Cross,Free,23.0,Motorized Pump,"(-20.040536587804638, 26.919390982761758)",Not Functioning
WP2495,Well,Contaminated,43.0,22000.0,1995.0,USAID,Free,29.0,Solar Pump,"(-18.612959636272002, 22.511113823747696)",Not Functioning
WP2496,Lake,Clean,44.0,26000.0,2003.0,USAID,,21.0,Motorized Pump,"(-17.656244092869546, 20.172243895715553)",
,,Contaminated,42.0,17000.0,2019.0,Red Cross,Free,5.0,Solar Pump,"(-19.456104695429524, 24.152831171383966)",Not Functioning
WP2498,Lake,Clean,45.0,25000.0,1995.0,USAID,Free,29.0,Hand Pump,,Not Functioning
WP2499,Borehole,Contaminated,41.0,,,Red Cross,,29.0,Motorized Pump,"(-22.076902408425305, 21.22896797121688)",Not Functioning
WP2500,,Clean,36.0,28000.0,2019.0,Oxfam,Pay per use,,Solar Pump,"(-20.137597538775985, 24.49998445517553)",Not Functioning
,,Contaminated,40.0,,2012.0,Oxfam,Free,12.0,Motorized Pump,"(-19.7681319157839, 24.706951507321342)",Not Functioning
WP2502,River,Clean,34.0,31000.0,2007.0,,Free,,Solar Pump,"(-21.670304927900986, 25.01887725353629)",Not Functioning
WP2503,,Clean,46.0,23000.0,2009.0,USAID,,,Solar Pump,"(-20.880552924203425, 25.94967409649979)",Not Functioning
WP2504,Lake,Contaminated,49.0,23000.0,2010.0,USAID,Free,14.0,,"(-21.99398347977779, 26.908103879638478)",Not Functioning
WP2505,Lake,Contaminated,42.0,22000.0,2006.0,USAID,Pay per use,18.0,Motorized Pump,,Not Functioning
WP2506,Well,Contaminated,40.0,25000.0,,USAID,Free,33.0,Motorized Pump,"(-22.257927164016138, 22.4633391761882)",Not Functioning
WP2507,Well,Contaminated,50.0,29000.0,2003.0,USAID,Pay per use,21.0,Motorized Pump,"(-19.725858464783197, 24.4395303122445)",Functioning
WP2508,Well,Contaminated,35.0,26000.0,2012.0,,Pay per use,12.0,,"(-23.153819234600654, 24.809266841896076)",Not Functioning
,,,33.0,24000.0,1995.0,,Free,29.0,Motorized Pump,"(-22.5036582813723, 25.585513515338903)",Not Functioning
WP2510,Borehole,Clean,37.0,30000.0,2003.0,UNICEF,Free,21.0,Motorized Pump,"(-17.70619882839007, 27.84460972855633)",Not Functioning
WP2511,Lake,Contaminated,35.0,24000.0,2006.0,UNICEF,Free,18.0,Solar Pump,"(-19.031531102240862, 24.642325329370593)",Not Functioning
,Well,Contaminated,30.0,23000.0,1995.0,USAID,Free,29.0,,"(-22.468292873962657, 25.44965476286073)",Not Functioning
,Lake,Contaminated,30.0,20000.0,2009.0,USAID,Free,15.0,Motorized Pump,"(-23.749662930659706, 26.88867979176717)",Not Functioning
WP2514,Lake,,49.0,23000.0,1992.0,USAID,Free,32.0,Motorized Pump,"(-20.64470900043299, 20.996024224306097)",Not Functioning
,,Contaminated,36.0,24000.0,1998.0,Red Cross,,26.0,Solar Pump,"(-19.326794239653736, 26.6020189442834)",Not Functioning
WP2516,,,39.0,25000.0,1992.0,UNICEF,Free,32.0,,"(-22.449797063222455, 21.927221024275564)",Not Functioning
WP2517,,Contaminated,43.0,26000.0,2008.0,UNICEF,Pay per use,16.0,Motorized Pump,"(-21.013265149670897, 25.868881222089986)",Not Functioning
WP2518,Lake,Contaminated,,25000.0,1996.0,Red Cross,Free,,Solar Pump,"(-18.980528197796176, 27.169486269070866)",
WP2519,,Contaminated,39.0,23000.0,2010.0,USAID,Pay per use,14.0,Solar Pump,"(-17.624291513537166, 24.539961098403648)",Not Functioning
WP2520,,Clean,34.0,23000.0,1997.0,Oxfam,,,Motorized Pump,"(-18.661108865756244, 27.93692162941089)",Functioning
,Well,Clean,44.0,24000.0,2019.0,USAID,Free,5.0,Solar Pump,"(-17.688774905184353, 28.482527871643406)",Not Functioning
WP2522,Well,Contaminated,,,1991.0,Oxfam,Free,33.0,Motorized Pump,"(-19.45243041572787, 24.216330736583537)",Not Functioning
,Well,Clean,30.0,22000.0,2000.0,Red Cross,Free,24.0,Solar Pump,"(-18.851182151045933, 25.738213370923482)",Not Functioning
WP2524,Borehole,Contaminated,39.0,20000.0,2002.0,Red Cross,Free,22.0,Hand Pump,"(-19.953053777275887, 21.13487024157887)",Not Functioning
WP2525,Well,Contaminated,47.0,26000.0,1992.0,UNICEF,Pay per use,32.0,Hand Pump,"(-19.957549147823283, 27.052081026673175)",Functioning
WP2526,,,37.0,26000.0,2018.0,Red Cross,Pay per use,6.0,Motorized Pump,"(-21.601695650563148, 22.571329463353965)",Not Functioning
WP2527,Well,,45.0,28000.0,1991.0,USAID,Free,33.0,Hand Pump,"(-18.920542843635108, 25.398061497785324)",Not Functioning
WP2528,Well,Contaminated,38.0,22000.0,2013.0,USAID,,11.0,Solar Pump,"(-22.042028101242703, 21.916182217647034)",Not Functioning
WP2529,Well,Clean,,,1996.0,Red Cross,,28.0,Solar Pump,"(-17.568560045592704, 25.688095403148704)",Not Functioning
WP2530,Lake,Clean,46.0,24000.0,2006.0,Red Cross,,18.0,Solar Pump,"(-19.251566161094264, 28.115466174886755)",Not Functioning
WP2531,Well,Contaminated,46.0,24000.0,2004.0,USAID,Free,20.0,Motorized Pump,"(-21.720866300467733, 27.99631103846216)",Not Functioning
WP2532,Lake,Contaminated,,28000.0,2015.0,Red Cross,Free,9.0,Motorized Pump,,Not Functioning
WP2533,Well,Contaminated,49.0,27000.0,,Red Cross,Free,7.0,Motorized Pump,"(-19.415862475022298, 27.46245467373641)",Functioning
WP2534,Well,,46.0,24000.0,2004.0,,Free,20.0,Motorized Pump,"(-20.53507568785089, 21.607830611883173)",Functioning
WP2535,Borehole,Contaminated,27.0,28000.0,2017.0,,Pay per use,7.0,Solar Pump,"(-23.458549784071977, 20.035540793646646)",Not Functioning
WP2536,Lake,Contaminated,48.0,,2014.0,World Bank,Free,10.0,Motorized Pump,"(-21.306422004275884, 25.63385833763092)",Not Functioning
WP2537,Well,Contaminated,37.0,26000.0,2009.0,Red Cross,Free,,Hand Pump,"(-22.708682281517742, 19.934776159639366)",
WP2538,,Contaminated,44.0,23000.0,2014.0,Oxfam,Free,10.0,Solar Pump,"(-19.318513167693897, 24.246039520267765)",Not Functioning
WP2539,Well,,,26000.0,,Oxfam,Free,29.0,Motorized Pump,"(-21.91178161848838, 24.813526960277247)",Not Functioning
WP2540,Well,Contaminated,40.0,17000.0,2019.0,USAID,Free,,Motorized Pump,"(-19.69979816909525, 26.608069412248955)",Functioning
,Well,Contaminated,,25000.0,2002.0,USAID,Pay per use,22.0,Motorized Pump,"(-21.185582303827992, 22.518671689695456)",Functioning
,Well,Contaminated,49.0,19000.0,1992.0,Red Cross,Pay per use,32.0,,"(-20.630985772995718, 28.474181370885347)",
,,Contaminated,45.0,26000.0,2005.0,Red Cross,Free,19.0,Solar Pump,,Not Functioning
WP2544,Well,Contaminated,41.0,25000.0,1996.0,USAID,Free,28.0,Motorized Pump,,Not Functioning
WP2545,Well,Clean,49.0,25000.0,2009.0,UNICEF,Free,15.0,Hand Pump,"(-19.268242300851703, 24.521275230428863)",Not Functioning
WP2546,Well,Contaminated,34.0,26000.0,2017.0,USAID,Free,7.0,Solar Pump,,Not Functioning
,,Contaminated,39.0,22000.0,2004.0,USAID,Pay per use,20.0,Motorized Pump,"(-20.47823889284278, 22.24281959944182)",Not Functioning
WP2548,Lake,,39.0,27000.0,1997.0,USAID,Free,27.0,Motorized Pump,"(-20.762709481866857, 21.561410508483014)",Not Functioning
WP2549,Borehole,Clean,48.0,23000.0,,,Free,,Hand Pump,"(-21.372173913921763, 27.53871003755506)",Not Functioning
WP2550,Lake,Clean,44.0,19000.0,2000.0,World Bank,Free,24.0,Solar Pump,"(-22.8294109470303, 20.168749678620593)",Not Functioning
,Well,,40.0,26000.0,1994.0,Red Cross,Free,30.0,Solar Pump,,Not Functioning
WP2552,Well,,40.0,19000.0,2003.0,USAID,,21.0,Solar Pump,"(-22.484107774445906, 24.02822149626587)",Functioning
WP2553,Well,Contaminated,,21000.0,1991.0,Red Cross,Pay per use,33.0,Hand Pump,"(-18.318204875699642, 26.703932217371545)",Functioning
WP2554,Well,Contaminated,45.0,23000.0,2012.0,USAID,Free,12.0,Solar Pump,"(-18.80276624690072, 27.789663401556023)",Not Functioning
WP2555,,Contaminated,35.0,26000.0,2005.0,USAID,Pay per use,19.0,Hand Pump,"(-19.09362500543211, 27.021365995592554)",Not Functioning
WP2556,Borehole,Clean,48.0,,2008.0,USAID,Free,16.0,Hand Pump,,Functioning
WP2557,,Contaminated,42.0,20000.0,2008.0,Red Cross,Free,16.0,Solar Pump,"(-18.879956662179328, 27.764102178818543)",Not Functioning
WP2558,Well,Contaminated,46.0,22000.0,1995.0,Oxfam,Free,29.0,Solar Pump,"(-21.75545137195925, 27.372012889250662)",
WP2559,River,Contaminated,35.0,,2011.0,Red Cross,Free,13.0,Motorized Pump,"(-23.629775126134064, 22.44609511616902)",Not Functioning
WP2560,Well,Contaminated,49.0,,1998.0,,Free,26.0,Motorized Pump,"(-21.248574584848335, 21.357359732341642)",Not Functioning
WP2561,Well,Contaminated,29.0,22000.0,1998.0,Red Cross,Free,26.0,Motorized Pump,"(-23.013295098427285, 21.52390386955418)",Not Functioning
,Well,Clean,40.0,,1999.0,Red Cross,Pay per use,25.0,Hand Pump,"(-18.949696324826352, 24.74116472091116)",Not Functioning
WP2563,Well,Clean,39.0,24000.0,2002.0,,Pay per use,22.0,Motorized Pump,,Not Functioning
WP2564,Lake,Contaminated,39.0,26000.0,2012.0,Red Cross,Pay per use,12.0,Motorized Pump,"(-22.964180175052494, 22.00493403909521)",Not Functioning
WP2565,Borehole,Contaminated,34.0,29000.0,1990.0,Red Cross,Free,34.0,,"(-21.44208154874157, 26.48163628888623)",Not Functioning
,Well,Clean,41.0,,,Red Cross,Pay per use,7.0,Motorized Pump,"(-20.81714848746398, 25.507516444177966)",Not Functioning
,Lake,Clean,49.0,,2012.0,USAID,Free,12.0,Solar Pump,,
WP2568,,Contaminated,46.0,23000.0,1998.0,Red Cross,Free,26.0,Solar Pump,"(-21.690299650860275, 20.618117988528056)",Not Functioning
WP2569,Lake,Contaminated,44.0,25000.0,2004.0,USAID,Free,20.0,Motorized Pump,,Not Functioning
WP2570,Well,Clean,38.0,26000.0,1995.0,Red Cross,Free,29.0,Solar Pump,"(-19.04055006689769, 25.420131121993837)",Not Functioning
WP2571,Well,Contaminated,48.0,19000.0,2000.0,UNICEF,Pay per use,24.0,Solar Pump,"(-22.155740557393976, 26.743475229089707)",Not Functioning
WP2572,Well,,39.0,18000.0,1999.0,,Pay per use,,Solar Pump,"(-23.199769586324084, 21.148068931705442)",Not Functioning
WP2573,Borehole,Contaminated,,,,,,29.0,Motorized Pump,"(-21.726569287685813, 24.44955244400072)",Functioning
WP2574,Well,Clean,,22000.0,,Oxfam,Free,29.0,Solar Pump,"(-21.76359905355329, 24.650727146425634)",Not Functioning
,Well,Contaminated,44.0,24000.0,2015.0,Red Cross,Pay per use,9.0,Motorized Pump,"(-18.888214226474286, 25.7758274740092)",Not Functioning
WP2576,Well,Clean,45.0,19000.0,2004.0,Red Cross,Free,20.0,Motorized Pump,"(-18.152568282787165, 26.061977969714153)",Not Functioning
WP2577,Well,Clean,41.0,24000.0,2007.0,USAID,Pay per use,17.0,Motorized Pump,"(-23.00204442204024, 23.0093655520186)",
WP2578,Well,Contaminated,45.0,21000.0,1994.0,,Free,30.0,Solar Pump,"(-20.45823267889211, 24.640949956717275)",Not Functioning
WP2579,Well,Contaminated,43.0,,2008.0,USAID,Free,16.0,Solar Pump,"(-18.028671043581962, 26.00637762826138)",Functioning
WP2580,,Clean,40.0,25000.0,,USAID,Free,20.0,Solar Pump,"(-21.018746844648643, 27.650536670547122)",Not Functioning
WP2581,Well,Contaminated,30.0,25000.0,1991.0,Red Cross,Free,,Motorized Pump,"(-18.54160461345529, 24.921744664345436)",Functioning
WP2582,Well,Contaminated,45.0,20000.0,1992.0,USAID,Free,32.0,Motorized Pump,,Not Functioning
WP2583,,Clean,44.0,,2009.0,Red Cross,Free,,Motorized Pump,"(-22.583255042305705, 22.609812596424636)",Not Functioning
WP2584,Well,Contaminated,39.0,25000.0,2007.0,Red Cross,Free,17.0,Motorized Pump,"(-22.38046161317885, 26.312312711952217)",Functioning
,Well,,,23000.0,,USAID,Pay per use,7.0,Motorized Pump,"(-19.690500112941873, 28.655750912202897)",Not Functioning
WP2586,Well,,37.0,23000.0,2008.0,USAID,Free,16.0,Solar Pump,"(-20.401335153770013, 25.90502051621531)",Not Functioning
WP2587,,Contaminated,43.0,29000.0,2016.0,USAID,,8.0,Motorized Pump,"(-21.52524746240995, 23.970952920401757)",
WP2588,Well,Clean,44.0,25000.0,2010.0,USAID,Free,14.0,Motorized Pump,"(-22.906419990506876, 22.134993595307037)",Not Functioning
WP2589,Well,Contaminated,45.0,20000.0,2016.0,Red Cross,Pay per use,8.0,Motorized Pump,,Not Functioning
WP2590,Well,Clean,,24000.0,2011.0,Red Cross,Free,13.0,Solar Pump,"(-19.999736462197518, 24.549789449345877)",Not Functioning
WP2591,Well,Clean,44.0,26000.0,1998.0,,Pay per use,26.0,Solar Pump,,Not Functioning
WP2592,Well,,,22000.0,,,Free,7.0,,"(-21.557238040389404, 25.305431813948584)",Functioning
,Lake,Contaminated,36.0,25000.0,2020.0,Red Cross,Free,4.0,Hand Pump,"(-20.790545885955027, 21.912155650049115)",Not Functioning
WP2594,Well,Contaminated,,23000.0,1993.0,Red Cross,Free,31.0,Solar Pump,"(-22.521725266099367, 20.18753608765781)",Not Functioning
WP2595,Well,Contaminated,42.0,,2004.0,Red Cross,Free,20.0,Solar Pump,"(-22.052990888781068, 21.63219569288676)",Not Functioning
WP2596,,Contaminated,38.0,25000.0,2000.0,Red Cross,Free,24.0,Solar Pump,"(-18.738418273919816, 26.224067221224338)",Not Functioning
WP2597,Well,Clean,41.0,19000.0,2019.0,Red Cross,Pay per use,,Motorized Pump,"(-20.4780905243731, 27.808621772193046)",Functioning
WP2598,Well,Contaminated,40.0,22000.0,,USAID,Free,26.0,Solar Pump,"(-23.446694404062345, 24.984045526079854)",Not Functioning
,Lake,Contaminated,50.0,,2014.0,UNICEF,Pay per use,10.0,,"(-18.46502511562463, 24.452674844708692)",Not Functioning
WP2600,,,,24000.0,1996.0,Red Cross,Free,,Motorized Pump,"(-22.168190243958655, 26.155595105892893)",Not Functioning
WP2601,Lake,Contaminated,31.0,25000.0,1997.0,UNICEF,,27.0,Solar Pump,"(-23.9468460636236, 22.191469029613657)",Not Functioning
WP2602,Lake,Contaminated,46.0,25000.0,2000.0,USAID,Free,24.0,Solar Pump,"(-19.977793898205015, 24.2545034097993)",Not Functioning
WP2603,Lake,Contaminated,25.0,21000.0,1995.0,UNICEF,Pay per use,29.0,,"(-23.41917791597819, 22.481899343219187)",Not Functioning
WP2604,Lake,Contaminated,,27000.0,1991.0,Red Cross,Free,33.0,,"(-20.263598922134136, 25.669645287487697)",Not Functioning
WP2605,Well,Contaminated,37.0,26000.0,1999.0,,Free,25.0,Hand Pump,"(-21.009270575064292, 24.180343904425836)",Functioning
WP2606,Well,Contaminated,37.0,24000.0,,Red Cross,Free,4.0,Motorized Pump,"(-21.664555856233616, 22.17515755872391)",Not Functioning
WP2607,Lake,Contaminated,,20000.0,2006.0,,Pay per use,18.0,Solar Pump,"(-20.69372537562413, 19.01534152907254)",Not Functioning
,Well,Contaminated,49.0,26000.0,2004.0,USAID,,,,"(-21.997768638989697, 26.437185828016446)",
WP2609,Lake,Contaminated,,26000.0,1992.0,Red Cross,Free,32.0,Motorized Pump,"(-18.246940767813832, 20.32433594575637)",Not Functioning
,Borehole,Contaminated,38.0,,2003.0,,Pay per use,21.0,Solar Pump,"(-19.942290684979756, 27.632317232400954)",Not Functioning
WP2611,Well,Contaminated,39.0,25000.0,1994.0,,Free,30.0,Motorized Pump,"(-22.26104578003508, 21.905421275228804)",Not Functioning
WP2612,Well,Contaminated,,19000.0,1998.0,,Free,26.0,Motorized Pump,"(-19.939507167844987, 25.51180431904983)",Functioning
WP2613,Well,Clean,40.0,27000.0,1997.0,USAID,Free,27.0,Motorized Pump,"(-22.164224939491948, 24.899523582486484)",Not Functioning
WP2614,Well,Contaminated,53.0,28000.0,1997.0,Oxfam,Free,27.0,Solar Pump,"(-23.480660609450243, 25.44715008979088)",
WP2615,Lake,Clean,37.0,31000.0,2006.0,USAID,Pay per use,18.0,Motorized Pump,"(-17.765612804531596, 27.236255664294504)",Not Functioning
,Borehole,Contaminated,42.0,21000.0,2011.0,Red Cross,Pay per use,13.0,Solar Pump,"(-18.597001532678917, 26.66969705017211)",
WP2617,Lake,Contaminated,38.0,19000.0,1993.0,USAID,Pay per use,31.0,Motorized Pump,"(-21.91076037223653, 22.893944505509772)",Not Functioning
WP2618,Borehole,Contaminated,49.0,,1997.0,Red Cross,Free,,,"(-17.966315688896497, 28.22864255615081)",Not Functioning
WP2619,Lake,Contaminated,46.0,24000.0,1992.0,Red Cross,Pay per use,32.0,Solar Pump,,Not Functioning
,Well,Clean,36.0,21000.0,2015.0,UNICEF,Pay per use,,Solar Pump,"(-22.15439795764127, 22.986118899847476)",Not Functioning
WP2621,Well,,47.0,24000.0,,UNICEF,Free,27.0,Hand Pump,"(-19.822145763546185, 27.781831765517733)",Not Functioning
,Lake,Contaminated,28.0,23000.0,2014.0,Red Cross,Free,10.0,,"(-19.984186896263218, 28.402147973620274)",Not Functioning
WP2623,,Clean,,26000.0,1995.0,USAID,Free,29.0,Motorized Pump,"(-22.662998493017568, 24.397629593851565)",Not Functioning
,Well,,31.0,23000.0,1991.0,,Pay per use,33.0,Motorized Pump,"(-20.575702930764287, 26.198016621831254)",Functioning
WP2625,,Contaminated,48.0,29000.0,2011.0,USAID,Pay per use,13.0,Motorized Pump,,Not Functioning
WP2626,Well,Clean,50.0,,1994.0,UNICEF,Free,,Hand Pump,"(-22.34502441722947, 19.378785263203586)",Not Functioning
WP2627,Well,,45.0,27000.0,1995.0,Red Cross,Free,29.0,Motorized Pump,"(-21.70131033604733, 23.86060702361072)",Functioning
WP2628,Well,Contaminated,38.0,26000.0,2020.0,UNICEF,Free,4.0,Hand Pump,"(-23.059281311338758, 25.950240731467314)",Functioning
WP2629,Borehole,Contaminated,,26000.0,1992.0,Oxfam,,,Motorized Pump,"(-22.75588614909619, 20.282006399657615)",Functioning
,Borehole,Contaminated,40.0,24000.0,2012.0,USAID,Pay per use,12.0,Solar Pump,"(-18.36506504070538, 22.653716861727716)",Not Functioning
WP2631,,Clean,,20000.0,2006.0,Red Cross,Free,18.0,Solar Pump,"(-22.136304275622773, 22.233290429087223)",Not Functioning
WP2632,Well,Clean,43.0,22000.0,2007.0,Red Cross,Free,17.0,Motorized Pump,"(-23.691623345884068, 20.008019068291457)",Not Functioning
,Well,Contaminated,46.0,24000.0,1998.0,World Bank,Free,26.0,Solar Pump,"(-18.150217949044983, 25.100927620000885)",Not Functioning
WP2634,Lake,Contaminated,48.0,23000.0,2002.0,UNICEF,Pay per use,22.0,Motorized Pump,"(-18.867428349662408, 27.821783550307742)",Functioning
WP2635,Lake,Contaminated,,,2003.0,,Pay per use,21.0,,"(-20.99686132733254, 27.093673879882935)",Not Functioning
,Lake,Contaminated,49.0,27000.0,2005.0,UNICEF,Free,19.0,Motorized Pump,"(-22.13938529710655, 21.763802400379806)",Not Functioning
WP2637,,Contaminated,38.0,21000.0,2011.0,Red Cross,Free,,Motorized Pump,"(-22.400304112343324, 24.319415085614953)",Not Functioning
WP2638,Well,Contaminated,41.0,25000.0,2005.0,USAID,,19.0,Motorized Pump,"(-21.674128631642738, 26.444017809132152)",Functioning
WP2639,Lake,,38.0,24000.0,2010.0,Red Cross,Pay per use,14.0,Motorized Pump,"(-21.611322472746053, 26.96155806738554)",Not Functioning
WP2640,Well,Contaminated,47.0,,1998.0,USAID,Pay per use,26.0,Hand Pump,"(-21.058553608361194, 25.539147166635036)",Not Functioning
WP2641,Well,,42.0,24000.0,,USAID,Pay per use,13.0,Motorized Pump,"(-18.99266149083413, 25.615308435412587)",Functioning
,Lake,Contaminated,41.0,26000.0,1993.0,,Free,31.0,Solar Pump,"(-17.8779357150603, 25.917598246249636)",Not Functioning
,Borehole,Clean,44.0,24000.0,2020.0,USAID,Free,4.0,,"(-23.45412367979669, 24.634672413164736)",
WP2644,Borehole,Clean,49.0,26000.0,2015.0,Oxfam,,,Motorized Pump,"(-22.708416138590458, 22.1384405338053)",Functioning
WP2645,,,,22000.0,1990.0,Oxfam,Free,34.0,Motorized Pump,"(-18.096666967809213, 28.95127266773432)",Functioning
WP2646,,Contaminated,47.0,21000.0,,USAID,Pay per use,,Solar Pump,"(-23.631701010979672, 21.547367714767127)",Not Functioning
WP2647,Lake,Clean,43.0,20000.0,2011.0,USAID,Free,13.0,Motorized Pump,"(-23.131810189110922, 21.36832860780239)",Not Functioning
WP2648,Borehole,Contaminated,43.0,22000.0,2014.0,Red Cross,Free,,Solar Pump,,Not Functioning
WP2649,Well,Contaminated,39.0,23000.0,,Oxfam,Pay per use,14.0,,"(-21.96684532825208, 24.79998859168923)",Not Functioning
WP2650,,,32.0,,1993.0,USAID,Pay per use,31.0,Motorized Pump,,Not Functioning
WP2651,Lake,Contaminated,28.0,19000.0,1994.0,Red Cross,Free,30.0,Solar Pump,"(-18.849439425046725, 22.495732259283745)",Not Functioning
,,Contaminated,36.0,21000.0,1996.0,Red Cross,Free,28.0,Motorized Pump,,Not Functioning
WP2653,Well,,36.0,21000.0,2018.0,World Bank,Free,6.0,Motorized Pump,"(-18.2906472139952, 22.924447182979783)",Not Functioning
WP2654,Lake,Contaminated,44.0,26000.0,2017.0,UNICEF,,7.0,Motorized Pump,"(-23.243377539469375, 19.25799030667815)",Not Functioning
WP2655,Well,Contaminated,43.0,27000.0,2015.0,Red Cross,Pay per use,9.0,Motorized Pump,"(-18.865927075332202, 24.112791383995248)",Functioning
WP2656,Well,Clean,56.0,21000.0,2016.0,USAID,Free,8.0,Solar Pump,"(-22.93728706968786, 28.59169169486017)",Not Functioning
WP2657,Well,,42.0,26000.0,2002.0,USAID,Pay per use,22.0,Solar Pump,"(-18.229406339534997, 28.922995672561697)",Not Functioning
WP2658,,Contaminated,32.0,,2011.0,Red Cross,Free,13.0,Motorized Pump,"(-22.623938287521863, 23.447789864319915)",Not Functioning
,,Contaminated,34.0,27000.0,2000.0,Red Cross,,24.0,Motorized Pump,"(-21.351985317498375, 27.567988775307672)",Functioning
WP2660,Lake,Contaminated,,30000.0,2006.0,Oxfam,,18.0,Motorized Pump,"(-23.743812177085474, 23.308109123610336)",Not Functioning
WP2661,,Contaminated,30.0,22000.0,1991.0,Oxfam,Pay per use,33.0,,"(-17.883310755732314, 28.440281407980798)",Not Functioning
WP2662,,Contaminated,30.0,27000.0,2017.0,USAID,Free,7.0,Solar Pump,"(-17.665925917058438, 26.450659137023315)",Not Functioning
WP2663,Well,Contaminated,44.0,20000.0,,Oxfam,Free,10.0,Motorized Pump,"(-18.782222507129486, 25.247600109553577)",Not Functioning
WP2664,,Contaminated,,26000.0,2010.0,Red Cross,Pay per use,14.0,Motorized Pump,,Not Functioning
WP2665,,Contaminated,35.0,18000.0,1995.0,,Free,29.0,Solar Pump,"(-17.634117765456814, 19.528503213219466)",Not Functioning
WP2666,Lake,Clean,25.0,25000.0,2010.0,,Free,14.0,Hand Pump,,Not Functioning
WP2667,,Contaminated,,26000.0,2008.0,Red Cross,Pay per use,16.0,,"(-22.166161570897486, 25.233512058475736)",
WP2668,Lake,Clean,39.0,25000.0,,World Bank,Pay per use,34.0,,,Not Functioning
WP2669,,Contaminated,49.0,22000.0,2011.0,,Free,13.0,Motorized Pump,"(-21.824322840358455, 19.622652757587122)",
WP2670,Lake,Contaminated,34.0,24000.0,2007.0,Red Cross,Free,,,"(-23.298875726153494, 21.555792866164527)",Not Functioning
WP2671,,Contaminated,44.0,26000.0,2001.0,USAID,Pay per use,23.0,,"(-20.115668812965065, 26.662778826407532)",Not Functioning
WP2672,Well,Contaminated,43.0,,1997.0,,Free,27.0,,"(-21.85757898749823, 25.732487716408954)",Not Functioning
WP2673,Well,Clean,38.0,21000.0,,USAID,Free,,,"(-23.58586781185275, 22.759978933961303)",Not Functioning
WP2674,Well,Contaminated,,19000.0,2015.0,Oxfam,Free,9.0,Solar Pump,"(-17.703621699927616, 28.564866101947906)",Not Functioning
WP2675,Lake,Contaminated,37.0,25000.0,2000.0,Red Cross,Free,24.0,Motorized Pump,"(-23.88245978894686, 21.89687839025917)",Not Functioning
WP2676,Well,Contaminated,41.0,23000.0,2003.0,USAID,Pay per use,21.0,,"(-23.639034392267565, 20.231886367399987)",Not Functioning
WP2677,Well,Clean,40.0,28000.0,1991.0,Oxfam,Free,33.0,Motorized Pump,"(-21.948610377213555, 26.22344626637694)",Not Functioning
WP2678,,Contaminated,41.0,23000.0,2004.0,Red Cross,Free,20.0,Solar Pump,"(-19.958197544102205, 25.935410948197102)",Not Functioning
WP2679,Well,Clean,,25000.0,2010.0,USAID,Free,14.0,Solar Pump,"(-18.733484572369388, 25.667252372682103)",
WP2680,Lake,Contaminated,46.0,,2015.0,Red Cross,Free,9.0,Motorized Pump,"(-21.428006179590685, 23.123199434720174)",Not Functioning
,Well,Contaminated,35.0,24000.0,2012.0,Red Cross,,,Motorized Pump,"(-21.73631666338362, 21.321099098462774)",Not Functioning
WP2682,Lake,Clean,40.0,26000.0,1993.0,UNICEF,Pay per use,31.0,,"(-21.715566809987983, 21.694176491585495)",
WP2683,Well,Contaminated,39.0,,1998.0,USAID,Pay per use,26.0,Motorized Pump,"(-21.06985576597738, 19.430065166422626)",Not Functioning
WP2684,,Clean,,26000.0,2003.0,UNICEF,Free,21.0,Motorized Pump,"(-20.16910679922232, 24.201747573576284)",Not Functioning
WP2685,,Clean,,23000.0,,Red Cross,Free,19.0,,"(-18.86286210451749, 24.12119591771547)",Not Functioning
,Well,Contaminated,34.0,20000.0,1999.0,Red Cross,Free,25.0,Motorized Pump,"(-19.67946272411463, 24.726254116769308)",Not Functioning
,River,Contaminated,,25000.0,1998.0,USAID,Free,,Motorized Pump,"(-19.63533771635525, 25.11832846974899)",Not Functioning
WP2688,Well,,34.0,24000.0,1992.0,USAID,Free,32.0,,"(-17.72965576253638, 26.98514712986682)",Not Functioning
WP2689,Well,Contaminated,41.0,23000.0,1991.0,USAID,Free,33.0,Motorized Pump,"(-23.355507537031393, 25.94963018579667)",
WP2690,Well,Contaminated,46.0,25000.0,2005.0,,Free,19.0,Motorized Pump,"(-20.799638577548173, 26.15481658394682)",Not Functioning
WP2691,Well,Contaminated,34.0,26000.0,1997.0,Red Cross,Pay per use,,Solar Pump,,Not Functioning
,Lake,Contaminated,44.0,22000.0,1997.0,Oxfam,Free,27.0,Motorized Pump,"(-21.937188834065587, 25.59220279226261)",Functioning
WP2693,Borehole,Clean,41.0,22000.0,2014.0,Red Cross,,10.0,Motorized Pump,"(-19.553571842126, 25.55006606879627)",Not Functioning
,Well,Contaminated,39.0,29000.0,,Red Cross,Free,21.0,Hand Pump,"(-19.20327715818643, 26.100658501347006)",Functioning
WP2695,,Contaminated,46.0,26000.0,2018.0,USAID,Pay per use,6.0,Motorized Pump,"(-20.65697167789128, 21.89001160943991)",Functioning
WP2696,Well,Contaminated,42.0,25000.0,,Red Cross,Free,16.0,Motorized Pump,"(-20.19821202220355, 27.149919820522378)",Not Functioning
WP2697,,Contaminated,50.0,26000.0,2002.0,Red Cross,,,Motorized Pump,"(-19.134416507903637, 26.54512753266482)",Functioning
WP2698,Lake,Contaminated,45.0,,,Red Cross,Free,27.0,Motorized Pump,"(-22.163576234498084, 21.620452130125)",Functioning
WP2699,Well,Contaminated,34.0,27000.0,2001.0,Red Cross,Free,23.0,Motorized Pump,"(-22.96010263479272, 20.923882152616034)",Not Functioning
WP2700,Well,Contaminated,35.0,23000.0,,Red Cross,,30.0,Solar Pump,"(-21.33818088391146, 21.496227960296352)",Not Functioning
WP2701,Lake,Contaminated,41.0,25000.0,2010.0,USAID,,14.0,Motorized Pump,"(-21.64570454986097, 26.334622597098097)",Not Functioning
WP2702,Well,Contaminated,42.0,25000.0,2007.0,Red Cross,Free,,Solar Pump,,Not Functioning
,,,40.0,18000.0,2010.0,UNICEF,Pay per use,14.0,Solar Pump,"(-20.443502673556726, 24.756535886969637)",Not Functioning
WP2704,Lake,Contaminated,55.0,,2017.0,Red Cross,Free,7.0,Solar Pump,"(-23.6002058088373, 22.80330734071466)",Not Functioning
WP2705,Borehole,Contaminated,49.0,24000.0,2014.0,,Free,10.0,,"(-20.927354079651447, 24.797121837698608)",Functioning
WP2706,Borehole,Contaminated,44.0,22000.0,2018.0,USAID,Free,6.0,Motorized Pump,"(-17.692162167970352, 28.25540690095362)",Not Functioning
WP2707,Well,Contaminated,43.0,28000.0,,Red Cross,,8.0,Motorized Pump,"(-18.707937751558465, 24.72923009129148)",Not Functioning
WP2708,Well,Contaminated,,24000.0,2015.0,Red Cross,Pay per use,9.0,,"(-19.517460926852863, 25.315471790108084)",Functioning
WP2709,River,Contaminated,46.0,22000.0,1998.0,USAID,Pay per use,,Motorized Pump,"(-22.301413328763346, 19.338657546674796)",Functioning
WP2710,River,Contaminated,31.0,25000.0,2001.0,,Free,,Motorized Pump,"(-18.878869336096685, 21.584963911649186)",Functioning
WP2711,Lake,Clean,38.0,28000.0,1997.0,USAID,Free,,Motorized Pump,"(-22.705216656888382, 26.34694193059326)",Not Functioning
,Well,Contaminated,45.0,20000.0,2005.0,USAID,Free,,Solar Pump,"(-22.180085010297894, 19.73405798425951)",Not Functioning
WP2713,,Clean,43.0,,2016.0,USAID,Free,8.0,Motorized Pump,"(-17.68244933289231, 25.926503858853835)",Not Functioning
WP2714,Borehole,,39.0,26000.0,2010.0,Red Cross,Pay per use,14.0,Motorized Pump,"(-22.936305467268383, 21.204501567139026)",Not Functioning
WP2715,Well,Contaminated,33.0,23000.0,1993.0,,,31.0,Hand Pump,"(-21.196232511019232, 25.250884463294135)",Not Functioning
WP2716,,Clean,,18000.0,2006.0,USAID,Free,18.0,,"(-20.140074468298828, 24.6458131748608)",Not Functioning
WP2717,Lake,Contaminated,,19000.0,1994.0,Red Cross,Free,,Solar Pump,"(-21.733129571506012, 19.188220510195045)",
WP2718,Well,Contaminated,,28000.0,1994.0,Red Cross,,30.0,Motorized Pump,"(-19.298100850560754, 25.06258417372519)",Not Functioning
WP2719,Borehole,Contaminated,39.0,,,,Free,33.0,Hand Pump,"(-23.83828384245139, 24.44221203588829)",Functioning
WP2720,Well,,40.0,22000.0,2012.0,USAID,Free,12.0,Solar Pump,"(-18.589515984947365, 26.58798986109085)",Not Functioning
WP2721,Well,Contaminated,46.0,24000.0,1995.0,World Bank,Pay per use,29.0,Solar Pump,"(-18.02882682737322, 24.891064545098036)",Not Functioning
WP2722,Borehole,Clean,46.0,27000.0,2003.0,Red Cross,Free,21.0,,,Not Functioning
WP2723,Well,Clean,40.0,19000.0,1996.0,,Pay per use,28.0,Hand Pump,"(-18.757276570687008, 26.547167384450148)",Not Functioning
WP2724,,Contaminated,42.0,31000.0,2003.0,USAID,Free,21.0,Motorized Pump,"(-23.695155534463936, 22.938595913762704)",Not Functioning
,River,Clean,47.0,23000.0,2006.0,USAID,Pay per use,18.0,Motorized Pump,"(-19.99739421626519, 25.46551561663908)",Functioning
WP2726,,,37.0,22000.0,2020.0,Red Cross,Free,4.0,Motorized Pump,"(-18.62784459110906, 24.1543255607113)",Not Functioning
WP2727,Well,Contaminated,36.0,26000.0,2016.0,USAID,Pay per use,8.0,Solar Pump,"(-18.526615532134453, 27.837807607570234)",Not Functioning
WP2728,,,39.0,23000.0,,,Pay per use,16.0,Motorized Pump,"(-20.593696836348936, 22.766949993582937)",Not Functioning
WP2729,Well,Contaminated,43.0,21000.0,,Red Cross,Free,9.0,Solar Pump,"(-23.906907374823586, 22.263650992014796)",Not Functioning
WP2730,Borehole,Contaminated,31.0,29000.0,,Red Cross,Free,,Solar Pump,"(-20.61809412917374, 19.444378438914274)",Not Functioning
WP2731,River,Clean,,20000.0,2014.0,USAID,Free,10.0,Motorized Pump,"(-20.375018757755747, 27.852664064930103)",Not Functioning
WP2732,River,Contaminated,42.0,27000.0,2014.0,Oxfam,,,Motorized Pump,"(-22.814446927979628, 19.624005072489837)",Not Functioning
WP2733,Well,,51.0,24000.0,2014.0,,Free,10.0,Motorized Pump,"(-19.33361708355135, 25.499466474668168)",Not Functioning
WP2734,Borehole,Clean,32.0,28000.0,1994.0,Red Cross,,30.0,Motorized Pump,"(-22.99086462974939, 26.48557278951001)",Not Functioning
WP2735,Well,Contaminated,40.0,26000.0,2007.0,USAID,Pay per use,17.0,Solar Pump,"(-17.788035613800865, 24.578635452082224)",Not Functioning
WP2736,Lake,Clean,47.0,25000.0,2017.0,USAID,Pay per use,7.0,Motorized Pump,"(-17.777273385980287, 26.7953060515645)",Not Functioning
WP2737,Lake,Contaminated,,,1992.0,,Pay per use,32.0,Solar Pump,"(-18.841994941006206, 28.318994897252402)",Not Functioning
,,,38.0,21000.0,2008.0,Red Cross,Pay per use,16.0,Hand Pump,"(-23.896382633547105, 24.468301909532855)",Not Functioning
WP2739,Lake,Clean,26.0,,2004.0,,Pay per use,20.0,Solar Pump,"(-17.843416008923807, 21.382486729532538)",Not Functioning
,Well,Contaminated,,22000.0,2020.0,USAID,Pay per use,4.0,,"(-21.485887845137462, 26.85556092523673)",Functioning
WP2741,Lake,Clean,49.0,22000.0,2006.0,Red Cross,Free,,Hand Pump,,Not Functioning
WP2742,Well,,40.0,27000.0,2007.0,Oxfam,Free,17.0,Motorized Pump,"(-18.421328672872477, 25.391251916332905)",Not Functioning
,Well,Contaminated,35.0,,,USAID,Pay per use,13.0,Motorized Pump,"(-18.841236260000528, 27.494677619128232)",Not Functioning
WP2744,Well,Contaminated,40.0,,2004.0,USAID,Free,,Motorized Pump,"(-17.692374652833024, 24.088031143104114)",Not Functioning
WP2745,Well,Contaminated,37.0,,2004.0,Red Cross,Free,20.0,Motorized Pump,"(-18.840001664947483, 24.125442833738457)",Not Functioning
,Borehole,Contaminated,37.0,29000.0,2012.0,Red Cross,Free,12.0,Solar Pump,"(-19.25834954410205, 25.579209477302115)",Not Functioning
WP2747,River,Clean,38.0,28000.0,,Red Cross,Free,8.0,Motorized Pump,"(-18.364963006023572, 28.20790176108752)",Not Functioning
WP2748,Well,Contaminated,38.0,19000.0,1997.0,Red Cross,Free,27.0,Motorized Pump,"(-20.786615953428914, 26.517948648633073)",Not Functioning
WP2749,Well,Contaminated,43.0,22000.0,2006.0,Red Cross,Pay per use,18.0,Motorized Pump,"(-22.424942510228906, 21.087263533863226)",Functioning
WP2750,Well,Contaminated,46.0,26000.0,2006.0,Red Cross,Free,18.0,Solar Pump,"(-21.411931740836984, 25.279409587935085)",Not Functioning
WP2751,Well,Contaminated,51.0,25000.0,,Red Cross,Free,,Motorized Pump,,Functioning
WP2752,Borehole,Contaminated,42.0,23000.0,2013.0,Red Cross,,11.0,Solar Pump,"(-22.821639832324806, 20.302260027944328)",Not Functioning
WP2753,River,,,18000.0,1990.0,USAID,Free,34.0,Motorized Pump,"(-20.673548481669627, 20.646232000509638)",Not Functioning
WP2754,Well,Clean,54.0,22000.0,1998.0,Red Cross,Free,26.0,Solar Pump,"(-23.29442858750051, 19.546638656035437)",Not Functioning
WP2755,Lake,Contaminated,,20000.0,2002.0,,Free,22.0,Motorized Pump,"(-21.35081722472002, 19.042604884347206)",Not Functioning
,,Contaminated,31.0,21000.0,2018.0,World Bank,Free,6.0,Motorized Pump,,
WP2757,Borehole,Contaminated,42.0,23000.0,2000.0,USAID,Pay per use,24.0,Solar Pump,"(-21.112023927986495, 26.23802358181417)",Not Functioning
WP2758,Well,Contaminated,31.0,26000.0,2018.0,USAID,Free,6.0,,"(-22.889182604698874, 22.573702715257195)",
,Well,Contaminated,35.0,22000.0,1997.0,UNICEF,Pay per use,27.0,Motorized Pump,"(-22.046319220700994, 25.103454279568062)",Functioning
WP2760,Well,Contaminated,36.0,28000.0,2018.0,Oxfam,Free,6.0,Motorized Pump,"(-21.93288131666993, 21.0151470091536)",Not Functioning
WP2761,,Contaminated,42.0,23000.0,2002.0,Oxfam,Free,22.0,Motorized Pump,"(-23.51661284097196, 23.752159745242484)",Not Functioning
WP2762,Borehole,Clean,38.0,17000.0,2017.0,Red Cross,Free,7.0,Solar Pump,,Not Functioning
WP2763,,Contaminated,,25000.0,2000.0,,Pay per use,24.0,,,Not Functioning
WP2764,Borehole,Contaminated,37.0,25000.0,2001.0,,Pay per use,23.0,,"(-18.208668795808517, 26.53928282603197)",Functioning
,Well,Contaminated,42.0,,2002.0,USAID,Free,22.0,Solar Pump,"(-18.757320241461166, 27.889470991121318)",Not Functioning
WP2766,Well,Contaminated,49.0,24000.0,2005.0,Red Cross,Pay per use,,Motorized Pump,"(-21.173973812164263, 27.334599005947307)",Functioning
WP2767,Well,Clean,39.0,23000.0,,Red Cross,Free,13.0,Solar Pump,,Not Functioning
WP2768,Well,Contaminated,56.0,24000.0,1993.0,Red Cross,Free,31.0,Motorized Pump,"(-22.17459846061645, 22.29716090670594)",Functioning
WP2769,Well,Contaminated,34.0,25000.0,1996.0,Red Cross,Free,28.0,Motorized Pump,"(-21.38757169188684, 27.521331698785907)",Not Functioning
WP2770,Well,Contaminated,42.0,25000.0,2014.0,USAID,Free,10.0,Motorized Pump,"(-22.058335007394835, 26.275511728916392)",Functioning
WP2771,,Clean,,,1991.0,Red Cross,Pay per use,33.0,Motorized Pump,"(-22.584799779256073, 21.58628609073343)",Not Functioning
,Well,Contaminated,36.0,22000.0,2002.0,USAID,Pay per use,,Hand Pump,"(-23.185826468450863, 22.08891810497085)",Functioning
,Well,Contaminated,46.0,21000.0,1991.0,Red Cross,Free,33.0,Motorized Pump,"(-19.708143683273804, 25.431197652638378)",Not Functioning
WP2774,,Contaminated,42.0,25000.0,2016.0,USAID,Free,8.0,,"(-19.89930053117274, 24.871404869598322)",Not Functioning
WP2775,Well,Contaminated,43.0,,1999.0,Red Cross,Pay per use,25.0,,"(-19.5318653145217, 24.541341348089492)",Not Functioning
WP2776,River,Contaminated,39.0,23000.0,1991.0,Oxfam,Pay per use,,Solar Pump,"(-22.64006773391153, 21.979674831349666)",Not Functioning
WP2777,Well,Contaminated,51.0,24000.0,1996.0,Red Cross,Pay per use,28.0,,"(-18.360138741191466, 27.390450028500716)",Not Functioning
WP2778,Borehole,Contaminated,,26000.0,2008.0,Oxfam,Pay per use,,Motorized Pump,"(-17.969165810174886, 25.18598974480995)",Functioning
WP2779,,Contaminated,40.0,20000.0,1991.0,Red Cross,Free,,Motorized Pump,,Not Functioning
WP2780,Borehole,Contaminated,30.0,17000.0,2003.0,Red Cross,Pay per use,21.0,,"(-23.96240660995626, 22.56897402122638)",Not Functioning
WP2781,Lake,Contaminated,48.0,23000.0,2011.0,Oxfam,Free,13.0,Motorized Pump,"(-23.645091810218197, 23.896788438494454)",Not Functioning
WP2782,River,Contaminated,42.0,20000.0,1990.0,Red Cross,Pay per use,34.0,Motorized Pump,"(-19.67986009287161, 25.26109861821796)",Functioning
WP2783,,Contaminated,49.0,25000.0,2017.0,Red Cross,Free,,Solar Pump,"(-20.821366619074812, 25.70477994577818)",Not Functioning
WP2784,Lake,,35.0,28000.0,2007.0,UNICEF,,17.0,Solar Pump,"(-22.24365913844615, 24.27722420369611)",Not Functioning
WP2785,Well,Clean,46.0,25000.0,2000.0,,Free,24.0,Motorized Pump,"(-21.20039853604622, 22.31683412014728)",Not Functioning
WP2786,Well,Clean,42.0,24000.0,2019.0,Red Cross,Free,5.0,Solar Pump,"(-21.80694529207924, 25.966366016811268)",Not Functioning
WP2787,Well,Contaminated,39.0,22000.0,2007.0,Red Cross,Free,17.0,Solar Pump,,
,Well,Clean,39.0,27000.0,2005.0,Oxfam,Pay per use,19.0,Motorized Pump,"(-23.187139003937528, 25.350403942104798)",Not Functioning
,Well,Contaminated,,18000.0,2016.0,USAID,Free,8.0,,"(-19.47072890296209, 28.818044933380826)",Not Functioning
WP2790,Well,Contaminated,42.0,18000.0,2002.0,,Free,22.0,Motorized Pump,"(-19.054629411275343, 21.415250363944768)",Functioning
WP2791,Well,Clean,47.0,27000.0,2013.0,Red Cross,Pay per use,11.0,Solar Pump,"(-22.05044680759113, 22.189080692988956)",
WP2792,Well,Contaminated,35.0,25000.0,2000.0,Oxfam,Pay per use,24.0,Solar Pump,"(-22.773907194195996, 19.46904101750398)",Not Functioning
,Well,Contaminated,36.0,25000.0,1994.0,USAID,,30.0,,"(-23.6262297570104, 25.737950150338573)",Not Functioning
WP2794,Well,Clean,44.0,25000.0,2002.0,USAID,Free,22.0,,"(-17.58774502239993, 26.537736662696794)",
WP2795,Well,Clean,37.0,24000.0,2013.0,USAID,Free,11.0,Motorized Pump,"(-22.079904005873647, 21.755200605595306)",Not Functioning
WP2796,Well,Contaminated,30.0,22000.0,1993.0,USAID,Free,,Motorized Pump,"(-18.671126032669797, 24.459588520929124)",Not Functioning
,Well,Clean,37.0,26000.0,2017.0,,Free,7.0,Motorized Pump,"(-21.217801986575395, 27.921057290044086)",Not Functioning
WP2798,Well,Contaminated,47.0,25000.0,1991.0,Red Cross,Free,33.0,Motorized Pump,,Not Functioning
WP2799,,Contaminated,52.0,26000.0,1994.0,Oxfam,Pay per use,30.0,,"(-23.3464523502566, 24.52919640393558)",Not Functioning
WP2800,Well,Contaminated,41.0,25000.0,2005.0,UNICEF,Free,19.0,Motorized Pump,"(-23.26500416801997, 19.81235634578309)",Not Functioning
WP2801,Borehole,Contaminated,52.0,23000.0,2009.0,Red Cross,Pay per use,15.0,,"(-23.3580743719364, 24.472503489686247)",Not Functioning
,Lake,,48.0,26000.0,1992.0,,Free,32.0,Solar Pump,"(-17.758352741217603, 27.424522083873068)",Not Functioning
,Lake,Contaminated,43.0,31000.0,2005.0,USAID,Pay per use,19.0,Motorized Pump,"(-20.599453195544275, 25.15585591445023)",Not Functioning
WP2804,Well,Clean,42.0,,1994.0,Red Cross,,30.0,Motorized Pump,"(-17.972312018269896, 24.172702785034815)",Not Functioning
WP2805,Well,Clean,45.0,20000.0,2006.0,,Free,,Solar Pump,"(-23.72214046561292, 22.403744829039734)",
WP2806,,Contaminated,42.0,28000.0,,Red Cross,Free,,Motorized Pump,"(-23.922030116730177, 22.696572490496134)",Not Functioning
WP2807,Well,Contaminated,46.0,,2017.0,UNICEF,Pay per use,7.0,Hand Pump,"(-17.65626841748976, 25.148376458448915)",Not Functioning
WP2808,Lake,Clean,43.0,24000.0,1996.0,USAID,Free,28.0,Motorized Pump,,Not Functioning
,Well,Clean,42.0,24000.0,,,,33.0,Motorized Pump,"(-23.37897460505255, 23.54435185868463)",
WP2810,Lake,,40.0,23000.0,1995.0,Red Cross,Free,29.0,Motorized Pump,"(-20.96119044808009, 27.122489507885373)",Not Functioning
WP2811,Borehole,Clean,,22000.0,2020.0,Red Cross,Pay per use,4.0,Motorized Pump,"(-18.85018242558852, 21.21115674779624)",Not Functioning
WP2812,,Contaminated,36.0,,2011.0,Red Cross,,13.0,Hand Pump,,Not Functioning
WP2813,Lake,Contaminated,47.0,23000.0,2014.0,USAID,Free,,,"(-19.800882870028527, 22.780298120518914)",Not Functioning
WP2814,Well,Contaminated,40.0,32000.0,,USAID,Free,34.0,Solar Pump,"(-21.982498154633095, 26.35643124383177)",Not Functioning
WP2815,,Contaminated,32.0,24000.0,1997.0,Oxfam,Pay per use,27.0,Motorized Pump,"(-18.986056384586664, 23.766141910628377)",Functioning
WP2816,Well,Contaminated,34.0,29000.0,1991.0,Oxfam,Pay per use,33.0,Solar Pump,"(-23.661425714665533, 26.206916529840196)",Not Functioning
WP2817,Borehole,Clean,,25000.0,2015.0,USAID,Free,9.0,,,Not Functioning
WP2818,Well,Contaminated,53.0,24000.0,2015.0,USAID,Free,,Motorized Pump,"(-21.11645465401267, 27.06349023486188)",Functioning
WP2819,Well,Contaminated,39.0,23000.0,1999.0,Oxfam,Pay per use,25.0,Motorized Pump,"(-23.44951375986037, 20.555252615941328)",Not Functioning
WP2820,Borehole,Contaminated,,26000.0,1991.0,USAID,,33.0,,"(-21.111474329804064, 21.575954305946254)",Not Functioning
WP2821,Well,Contaminated,53.0,30000.0,,Oxfam,Free,31.0,Motorized Pump,"(-22.836621023888274, 22.032228999843657)",Functioning
WP2822,Lake,Clean,43.0,20000.0,1999.0,Oxfam,Free,25.0,Solar Pump,"(-21.036798141750214, 20.977454960277626)",Not Functioning
WP2823,Lake,Clean,38.0,,1995.0,Red Cross,Free,29.0,,"(-22.045529365167305, 19.74168813690241)",Not Functioning
WP2824,Lake,Clean,43.0,22000.0,1992.0,Red Cross,Pay per use,32.0,Solar Pump,"(-20.265199097184187, 27.218328180656712)",Not Functioning
,Lake,Contaminated,41.0,22000.0,,UNICEF,Free,,Motorized Pump,"(-21.314627589277073, 26.589152712450176)",Not Functioning
WP2826,Lake,Contaminated,36.0,27000.0,1990.0,Red Cross,Free,34.0,Motorized Pump,"(-19.255316559188334, 26.44175037635079)",
,Well,Contaminated,39.0,28000.0,2014.0,Red Cross,,10.0,Motorized Pump,"(-21.44960460015109, 24.279204991896048)",Not Functioning
WP2828,,Contaminated,41.0,22000.0,1995.0,Oxfam,Free,29.0,Motorized Pump,"(-17.969985333548824, 25.29129911936802)",Not Functioning
WP2829,River,,40.0,19000.0,2017.0,Oxfam,Free,7.0,,"(-20.646304824116495, 26.950747332920816)",Functioning
WP2830,Lake,Clean,48.0,27000.0,2011.0,Oxfam,Free,13.0,,"(-22.54396425561773, 23.42497910238559)",
WP2831,Well,Contaminated,40.0,22000.0,2011.0,,Pay per use,,Solar Pump,"(-22.481151322070204, 20.377459114922132)",Functioning
WP2832,Well,Contaminated,35.0,24000.0,2006.0,Red Cross,Pay per use,18.0,Motorized Pump,"(-21.367079248894505, 21.95109932725284)",Not Functioning
WP2833,Well,Contaminated,41.0,,2018.0,Red Cross,Free,6.0,Solar Pump,"(-19.157594753818355, 28.58878266658569)",Not Functioning
WP2834,Well,Contaminated,30.0,24000.0,2015.0,USAID,Pay per use,9.0,Solar Pump,,Not Functioning
,Well,Clean,41.0,24000.0,2008.0,Red Cross,Pay per use,16.0,Motorized Pump,"(-21.475202162570184, 19.985461515928826)",Not Functioning
WP2836,Lake,Clean,45.0,,1997.0,Red Cross,Free,27.0,Motorized Pump,"(-20.841908270321113, 22.780142570343727)",Not Functioning
WP2837,Lake,Contaminated,37.0,21000.0,1992.0,Oxfam,Free,,Solar Pump,"(-21.619222928712603, 24.54532291816354)",Not Functioning
WP2838,Well,Clean,45.0,17000.0,1990.0,,Free,34.0,Solar Pump,"(-21.37990958624362, 20.755064999217197)",Not Functioning
WP2839,,Contaminated,41.0,25000.0,1991.0,Red Cross,Free,33.0,,"(-21.516740073923597, 21.797326978345804)",
WP2840,Lake,Contaminated,41.0,25000.0,2009.0,USAID,Pay per use,,Motorized Pump,"(-22.750577390539757, 26.769750397694438)",Not Functioning
WP2841,Well,Contaminated,48.0,27000.0,1990.0,Red Cross,,34.0,Solar Pump,,Not Functioning
WP2842,Borehole,Contaminated,38.0,21000.0,2002.0,UNICEF,Pay per use,22.0,Motorized Pump,"(-21.54697121763031, 23.40466609753297)",Not Functioning
WP2843,Well,Clean,46.0,22000.0,2007.0,UNICEF,Free,17.0,Motorized Pump,"(-20.834183122666094, 19.45108910391705)",Not Functioning
WP2844,Borehole,Contaminated,39.0,24000.0,1998.0,Oxfam,Pay per use,,,"(-22.134317342366366, 23.6821527186038)",Functioning
WP2845,Well,,32.0,25000.0,2019.0,USAID,Pay per use,5.0,Solar Pump,"(-22.70963637757623, 21.62442033680427)",Not Functioning
WP2846,Lake,Contaminated,41.0,23000.0,2005.0,Red Cross,Free,,Motorized Pump,"(-21.214039388103135, 25.824233281735516)",
WP2847,Well,Contaminated,41.0,21000.0,2002.0,,Free,22.0,,"(-20.950942614136878, 22.957422635543878)",Not Functioning
WP2848,,Contaminated,45.0,19000.0,1998.0,USAID,Free,26.0,Solar Pump,"(-22.503067580322416, 20.34415254744391)",
WP2849,,Contaminated,42.0,21000.0,,Red Cross,Pay per use,26.0,Solar Pump,"(-20.743228707705654, 21.071001347653382)",Not Functioning
WP2850,Well,,47.0,23000.0,2019.0,,Free,5.0,Motorized Pump,"(-18.791815478420716, 20.5048829869943)",Not Functioning
WP2851,Well,,,25000.0,2004.0,UNICEF,Pay per use,20.0,Motorized Pump,"(-21.938399467633516, 24.821876501154442)",Not Functioning
WP2852,Well,,48.0,25000.0,2014.0,USAID,Free,10.0,Solar Pump,"(-18.836697866575832, 25.926328408912234)",Not Functioning
WP2853,Well,Contaminated,35.0,,2013.0,,Free,11.0,Motorized Pump,"(-22.771485282054936, 21.68756258722425)",Not Functioning
WP2854,Well,Clean,44.0,22000.0,2014.0,USAID,Free,,Solar Pump,,Not Functioning
WP2855,Borehole,Contaminated,33.0,27000.0,2013.0,USAID,Free,11.0,Solar Pump,"(-18.5727964146973, 25.313470720269752)",Functioning
WP2856,Lake,Contaminated,49.0,20000.0,,USAID,Pay per use,24.0,Motorized Pump,"(-21.346231770238287, 25.147769773169074)",Not Functioning
WP2857,Well,,44.0,28000.0,2016.0,Oxfam,Free,8.0,Motorized Pump,"(-19.688560706278608, 27.282349137293124)",Functioning
WP2858,,Contaminated,,20000.0,2002.0,USAID,Pay per use,22.0,Hand Pump,"(-19.85971493220434, 27.96665187102913)",Functioning
WP2859,Well,Contaminated,,28000.0,2007.0,USAID,Free,17.0,Motorized Pump,"(-18.963547206593436, 24.7991385339646)",Not Functioning
WP2860,Well,Contaminated,40.0,23000.0,2000.0,USAID,Free,24.0,Motorized Pump,"(-21.638535828172838, 27.355124419875892)",
WP2861,Well,,36.0,28000.0,2014.0,Red Cross,Free,10.0,,"(-20.617083833264974, 22.350140356939278)",Not Functioning
WP2862,Borehole,Contaminated,35.0,21000.0,1996.0,Red Cross,Free,28.0,Hand Pump,"(-21.36248630677935, 22.094830218550246)",Functioning
WP2863,Well,Contaminated,45.0,21000.0,,Red Cross,Free,8.0,Hand Pump,"(-23.27757328543913, 20.184949935686596)",Functioning
WP2864,Well,Clean,38.0,23000.0,,USAID,Pay per use,18.0,Solar Pump,,Not Functioning
WP2865,,,30.0,,2006.0,,Free,18.0,Solar Pump,,Not Functioning
WP2866,Well,,47.0,24000.0,1996.0,Red Cross,Free,28.0,Motorized Pump,"(-19.42363779103164, 28.55228303256162)",Not Functioning
WP2867,Well,Contaminated,45.0,25000.0,2020.0,Red Cross,Free,4.0,Solar Pump,"(-17.74906457607424, 24.95358657818387)",Not Functioning
,Lake,Contaminated,33.0,,1995.0,Red Cross,Free,29.0,Hand Pump,"(-21.31840901691525, 26.38578201705892)",Not Functioning
WP2869,Well,Clean,28.0,23000.0,2004.0,Red Cross,Free,20.0,Hand Pump,"(-20.620740920243705, 24.328652583064528)",Not Functioning
WP2870,Borehole,Clean,45.0,18000.0,1998.0,Red Cross,Pay per use,26.0,Solar Pump,"(-19.351705915435375, 28.360672141808315)",Not Functioning
WP2871,Lake,Contaminated,37.0,23000.0,,Red Cross,Free,28.0,Solar Pump,"(-23.522180482147558, 26.16725619109295)",Not Functioning
WP2872,Well,Clean,50.0,21000.0,2005.0,USAID,Free,,,"(-19.359494094967772, 25.10977435438096)",Not Functioning
,Well,Clean,54.0,19000.0,1999.0,Red Cross,Free,25.0,,"(-23.714042755873923, 23.648600392176068)",Not Functioning
WP2874,Lake,Contaminated,32.0,17000.0,2018.0,USAID,Free,6.0,,"(-23.626044177075872, 21.974985739313354)",Not Functioning
WP2875,Well,,35.0,18000.0,2000.0,Red Cross,Pay per use,24.0,Solar Pump,"(-20.788448140938407, 25.891889134061884)",Not Functioning
WP2876,,Contaminated,40.0,22000.0,1991.0,USAID,Pay per use,33.0,Motorized Pump,"(-21.553545078467675, 22.056681564963363)",Functioning
WP2877,Well,,,24000.0,1999.0,Red Cross,Free,25.0,Motorized Pump,"(-20.471521660077933, 20.850015871836483)",Functioning
WP2878,Well,Contaminated,29.0,19000.0,1997.0,Red Cross,Pay per use,27.0,Motorized Pump,"(-18.46551153232595, 24.752931965710065)",Not Functioning
WP2879,Borehole,Clean,33.0,15000.0,2018.0,,Free,6.0,Motorized Pump,"(-21.50532018380304, 20.62657401429063)",Not Functioning
WP2880,Lake,Contaminated,45.0,26000.0,1992.0,Red Cross,Free,32.0,Motorized Pump,"(-21.947494639157373, 19.220412258608302)",Not Functioning
WP2881,Well,Contaminated,44.0,22000.0,2010.0,USAID,,14.0,Motorized Pump,"(-18.42524166629316, 26.039144499342317)",Not Functioning
WP2882,,Contaminated,49.0,27000.0,2012.0,Red Cross,Free,12.0,Motorized Pump,,Functioning
WP2883,Lake,Clean,53.0,25000.0,,USAID,Free,25.0,Solar Pump,,Not Functioning
,Well,Contaminated,42.0,25000.0,1991.0,,Free,33.0,Solar Pump,"(-23.903967407448828, 19.88113164699005)",Not Functioning
WP2885,Well,Contaminated,46.0,24000.0,2018.0,Red Cross,Free,6.0,Motorized Pump,"(-22.733035964812917, 28.8569459798064)",
,Lake,Contaminated,,27000.0,1996.0,Red Cross,Free,28.0,Motorized Pump,"(-19.559700722311028, 24.53605497686787)",Not Functioning
WP2887,,,37.0,24000.0,2012.0,USAID,Free,12.0,,"(-22.459573686900004, 24.741014952310636)",Not Functioning
WP2888,Lake,Contaminated,53.0,33000.0,2020.0,Red Cross,Free,4.0,,"(-20.072808760450535, 19.731441312653256)",
WP2889,Lake,Contaminated,43.0,28000.0,2009.0,Red Cross,Pay per use,15.0,Solar Pump,"(-22.713992473629574, 22.815550254089995)",
WP2890,,Clean,46.0,24000.0,1992.0,,Free,,Solar Pump,,Not Functioning
WP2891,River,,29.0,22000.0,2000.0,Red Cross,Pay per use,24.0,,"(-21.355797301856562, 26.668662212213476)",Not Functioning
WP2892,Well,Contaminated,40.0,23000.0,,Red Cross,Pay per use,18.0,Solar Pump,"(-19.450354745413335, 25.580642392848212)",Not Functioning
WP2893,Lake,Clean,48.0,22000.0,2006.0,Red Cross,Pay per use,,,"(-21.78759037599497, 23.088252431739186)",Not Functioning
WP2894,Well,Contaminated,38.0,22000.0,2004.0,Red Cross,Pay per use,20.0,Motorized Pump,"(-19.588799309722308, 28.85403346519042)",Not Functioning
WP2895,Lake,Contaminated,48.0,21000.0,2011.0,Oxfam,Free,13.0,Motorized Pump,"(-23.488169381162393, 20.401364841248665)",Functioning
,Lake,Contaminated,33.0,20000.0,2012.0,USAID,Free,12.0,Motorized Pump,,
WP2897,Well,Clean,41.0,16000.0,2012.0,Oxfam,,,,"(-20.809830796860048, 25.455300881193303)",Not Functioning
WP2898,Well,Clean,46.0,20000.0,2015.0,USAID,,9.0,Motorized Pump,"(-18.24623537083991, 25.231907603756593)",Not Functioning
WP2899,Well,Contaminated,43.0,23000.0,1992.0,Red Cross,Free,,Solar Pump,"(-23.38126014680585, 23.955455050261925)",Not Functioning
,Borehole,Contaminated,39.0,23000.0,2015.0,UNICEF,Free,,Solar Pump,"(-19.80900126088778, 27.215995745008954)",Not Functioning
WP2901,Lake,Contaminated,39.0,23000.0,1995.0,USAID,Free,29.0,Motorized Pump,"(-19.00321467832613, 25.522549185943927)",Not Functioning
WP2902,Well,,45.0,22000.0,2012.0,UNICEF,Pay per use,12.0,Motorized Pump,"(-20.775064149234588, 25.36753149479642)",Not Functioning
WP2903,Lake,,,23000.0,2000.0,UNICEF,,24.0,Solar Pump,"(-22.85504658735804, 22.51337545270843)",Not Functioning
WP2904,Lake,Clean,42.0,23000.0,2009.0,,Free,15.0,Solar Pump,"(-21.594870478558235, 24.747176813391604)",Not Functioning
WP2905,Well,Clean,,27000.0,2000.0,World Bank,Free,24.0,,"(-21.946636948570294, 27.798450045903905)",Not Functioning
WP2906,River,Clean,35.0,27000.0,,UNICEF,Pay per use,21.0,Solar Pump,"(-22.376504201534814, 20.924938012244294)",Not Functioning
WP2907,Well,Contaminated,47.0,27000.0,2001.0,,Free,,,"(-21.67204769970423, 21.073081132286518)",Functioning
WP2908,Borehole,Contaminated,36.0,22000.0,2005.0,USAID,Free,19.0,Hand Pump,"(-21.378998476821987, 22.79197699150776)",Functioning
WP2909,Lake,,36.0,25000.0,1995.0,Oxfam,Pay per use,29.0,Motorized Pump,,Not Functioning
WP2910,,Contaminated,48.0,26000.0,2008.0,Red Cross,,16.0,,,Functioning
WP2911,,Contaminated,35.0,22000.0,2014.0,Oxfam,Free,10.0,Motorized Pump,"(-21.782888152221485, 27.01910419832586)",
,Lake,Contaminated,38.0,22000.0,2013.0,Red Cross,Pay per use,11.0,Solar Pump,"(-18.421509684096133, 27.270155496472768)",Not Functioning
WP2913,,Contaminated,38.0,23000.0,1993.0,USAID,Free,31.0,Solar Pump,"(-21.5275517191131, 25.63720674770602)",Functioning
WP2914,Well,,39.0,29000.0,2013.0,,Free,,Motorized Pump,,Not Functioning
WP2915,Lake,Contaminated,35.0,,2019.0,,Free,5.0,Motorized Pump,"(-22.300000588272795, 19.418972722681968)",Not Functioning
WP2916,Well,Clean,43.0,24000.0,1992.0,USAID,Pay per use,32.0,Solar Pump,,Not Functioning
WP2917,Well,Contaminated,49.0,,2008.0,Red Cross,Free,16.0,,"(-21.84303250249784, 22.682796184557052)",Functioning
WP2918,Well,Clean,47.0,25000.0,2000.0,Oxfam,Pay per use,24.0,Motorized Pump,"(-23.143053181526618, 22.71360873959241)",Functioning
,Well,Clean,43.0,28000.0,2006.0,Red Cross,,18.0,Motorized Pump,"(-18.650500015054337, 25.037968646329638)",Not Functioning
,Well,Contaminated,29.0,19000.0,2016.0,USAID,Pay per use,8.0,Solar Pump,"(-19.05948087908915, 27.6977146635381)",Not Functioning
,Well,,45.0,26000.0,1992.0,Red Cross,Free,32.0,,,Not Functioning
WP2922,Well,,51.0,30000.0,1995.0,USAID,Pay per use,29.0,Solar Pump,"(-18.72999296956798, 21.597659449210305)",Not Functioning
WP2923,Borehole,,32.0,26000.0,1994.0,USAID,Free,,Motorized Pump,"(-20.553622360963896, 19.933461367350503)",Not Functioning
WP2924,,Contaminated,34.0,24000.0,2003.0,Red Cross,Free,,Motorized Pump,,Functioning
WP2925,Well,Contaminated,,,2011.0,Red Cross,,,Motorized Pump,"(-20.935693137051544, 19.34705173193344)",Not Functioning
WP2926,Well,Contaminated,,28000.0,2010.0,Oxfam,Pay per use,14.0,Motorized Pump,"(-22.511166327042655, 23.957213057907893)",Not Functioning
WP2927,Well,,52.0,25000.0,1990.0,UNICEF,Free,34.0,Solar Pump,"(-23.669536999626946, 24.06757904059545)",Functioning
WP2928,Lake,Contaminated,36.0,27000.0,2015.0,,Free,9.0,Solar Pump,,Not Functioning
WP2929,Lake,Clean,43.0,25000.0,2014.0,USAID,Free,10.0,Solar Pump,"(-22.11642169900163, 20.111617700483137)",Not Functioning
WP2930,,Contaminated,,23000.0,2011.0,Red Cross,,13.0,Hand Pump,"(-18.68079042426108, 25.725291779276994)",Not Functioning
WP2931,Borehole,Contaminated,35.0,25000.0,2018.0,Red Cross,Pay per use,6.0,Motorized Pump,,Not Functioning
WP2932,Well,Contaminated,50.0,30000.0,2001.0,,,,Motorized Pump,"(-23.53326314503473, 24.67327020290235)",Functioning
,Lake,Contaminated,,,1993.0,,Free,,,"(-23.579555796602637, 19.277474374474778)",
WP2934,Lake,Clean,38.0,27000.0,1990.0,Red Cross,,34.0,,"(-18.312176721401244, 26.719448903590077)",Not Functioning
,Well,,45.0,21000.0,1990.0,,Free,34.0,,"(-22.69896684939172, 21.958430574137317)",Not Functioning
WP2936,Lake,Clean,49.0,27000.0,2017.0,Oxfam,Free,,Solar Pump,"(-21.84462845286626, 22.805666042442695)",Not Functioning
WP2937,Well,Contaminated,47.0,,2003.0,USAID,Free,21.0,Solar Pump,"(-21.615017971670582, 21.592233818135938)",
WP2938,Lake,Clean,44.0,22000.0,2000.0,Oxfam,Pay per use,24.0,Solar Pump,"(-23.109947875605577, 25.147985104508667)",Not Functioning
WP2939,Well,,32.0,20000.0,2006.0,USAID,Free,18.0,Motorized Pump,"(-22.9371233466696, 22.475177250703226)",Not Functioning
WP2940,Borehole,Clean,33.0,24000.0,1992.0,Oxfam,Free,32.0,,,Not Functioning
WP2941,Lake,Contaminated,,26000.0,1991.0,USAID,Free,33.0,Hand Pump,"(-17.961459987431613, 26.205651290515835)",
,Borehole,Contaminated,41.0,21000.0,2017.0,,Free,7.0,Motorized Pump,"(-17.726388552887443, 26.503398311187116)",Functioning
WP2943,Lake,,46.0,27000.0,,Red Cross,Free,16.0,Solar Pump,"(-21.537671648542737, 19.153116273920038)",Not Functioning
WP2944,Well,,34.0,24000.0,,UNICEF,Free,,Motorized Pump,"(-19.09881885402526, 25.146451603009794)",Not Functioning
,,Clean,57.0,,2009.0,,Free,15.0,Solar Pump,"(-20.542370234338406, 20.9946805819522)",Not Functioning
WP2946,Well,Contaminated,39.0,23000.0,2015.0,USAID,Pay per use,9.0,Hand Pump,"(-22.040599327786303, 21.599062074202973)",Functioning
WP2947,Well,Contaminated,45.0,29000.0,2004.0,,Pay per use,20.0,Hand Pump,"(-22.562395779056974, 20.472121917008373)",Not Functioning
WP2948,Well,Clean,,22000.0,2012.0,Oxfam,Free,12.0,Motorized Pump,"(-22.268224134927298, 26.200722780620232)",
WP2949,Borehole,,31.0,,1998.0,USAID,Free,26.0,Motorized Pump,"(-23.716218953755018, 19.229472086094933)",Not Functioning
WP2950,Well,Contaminated,,21000.0,1995.0,,,29.0,Motorized Pump,"(-21.060741513454488, 24.421909905851464)",Functioning
WP2951,Lake,Contaminated,47.0,27000.0,1999.0,Oxfam,Free,25.0,Motorized Pump,"(-21.169269785140393, 25.475777796215194)",Not Functioning
WP2952,Lake,Contaminated,,25000.0,,Red Cross,Free,11.0,,"(-18.10168213869972, 28.86353921491621)",Not Functioning
WP2953,Well,Contaminated,47.0,,2009.0,USAID,Pay per use,15.0,Solar Pump,,Not Functioning
WP2954,Well,Contaminated,,27000.0,,,Free,12.0,Motorized Pump,,Functioning
WP2955,Well,Contaminated,40.0,30000.0,2000.0,Red Cross,Free,,Motorized Pump,"(-23.040343108321533, 22.598388325649257)",Functioning
,,Contaminated,47.0,19000.0,1990.0,UNICEF,Pay per use,34.0,Motorized Pump,"(-22.20816441833301, 20.384528007116362)",Not Functioning
WP2957,,Contaminated,51.0,21000.0,,Red Cross,Free,30.0,Motorized Pump,"(-22.080322861767325, 21.591566320667216)",Not Functioning
WP2958,Lake,Contaminated,38.0,23000.0,2010.0,Red Cross,Free,,Motorized Pump,"(-20.403736750705537, 25.073420189943214)",Not Functioning
WP2959,Borehole,Clean,,21000.0,,USAID,Pay per use,5.0,Solar Pump,"(-19.56011851790953, 23.68230483948014)",Not Functioning
WP2960,Borehole,Contaminated,43.0,20000.0,1993.0,Red Cross,Free,31.0,Motorized Pump,"(-19.657435602990034, 24.26850853902967)",
WP2961,Well,Contaminated,38.0,27000.0,1993.0,USAID,Free,31.0,Motorized Pump,"(-22.93448837721816, 19.55814690866524)",Functioning
WP2962,Well,Contaminated,,,2010.0,Red Cross,Pay per use,14.0,Motorized Pump,"(-21.551863939724008, 22.91353575747544)",Functioning
,Well,Contaminated,,,2015.0,UNICEF,Free,,Motorized Pump,"(-23.889410502369294, 26.1767510698501)",Not Functioning
WP2964,Lake,Clean,37.0,21000.0,1992.0,Red Cross,Free,32.0,Solar Pump,"(-19.643462917961312, 23.381530092068036)",Not Functioning
WP2965,River,Contaminated,30.0,,1996.0,Red Cross,Free,28.0,Motorized Pump,"(-19.650512943403484, 24.959714566307845)",Not Functioning
WP2966,Lake,,,25000.0,2003.0,Red Cross,Pay per use,21.0,Motorized Pump,"(-18.93414923737555, 21.48155239875263)",Not Functioning
,Well,Contaminated,35.0,22000.0,1990.0,USAID,Pay per use,34.0,Motorized Pump,"(-22.584280141681628, 20.98376251179295)",Functioning
WP2968,Well,Contaminated,36.0,24000.0,1996.0,UNICEF,Pay per use,28.0,Motorized Pump,"(-21.970745077389438, 26.875115191436237)",Not Functioning
,Lake,Contaminated,39.0,28000.0,2007.0,Red Cross,Pay per use,17.0,Solar Pump,"(-21.475889851881025, 24.75173104481716)",Not Functioning
WP2970,Well,Contaminated,45.0,21000.0,2015.0,Red Cross,,9.0,Solar Pump,,Functioning
WP2971,Well,Clean,38.0,29000.0,2020.0,Red Cross,Free,,Motorized Pump,,Not Functioning
WP2972,Lake,,32.0,21000.0,2002.0,Red Cross,Free,22.0,Solar Pump,"(-22.465703764438317, 21.577863248428155)",Not Functioning
WP2973,Well,Contaminated,39.0,20000.0,1992.0,Red Cross,Pay per use,32.0,Solar Pump,,Not Functioning
,Well,,39.0,26000.0,1995.0,,Free,29.0,Motorized Pump,"(-20.772820577969092, 20.2966560776828)",Not Functioning
WP2975,Well,,43.0,27000.0,2015.0,Red Cross,Free,9.0,Motorized Pump,"(-18.614775505266298, 26.986561548139804)",Not Functioning
WP2976,Lake,Clean,43.0,20000.0,1991.0,Red Cross,,,Motorized Pump,"(-22.97259606223914, 21.17392901432518)",Not Functioning
WP2977,Well,Contaminated,31.0,26000.0,1993.0,USAID,Pay per use,31.0,Motorized Pump,"(-21.218090239852, 21.178007636113957)",
WP2978,Well,Contaminated,43.0,25000.0,2000.0,Red Cross,,24.0,Solar Pump,"(-20.896261985710368, 21.55936479838489)",
,Well,Contaminated,46.0,23000.0,2007.0,,Free,,Motorized Pump,"(-19.7017017824745, 27.477571433685867)",Not Functioning
WP2980,Lake,Contaminated,50.0,25000.0,1994.0,USAID,Pay per use,30.0,Motorized Pump,,Functioning
WP2981,Well,Contaminated,46.0,24000.0,2012.0,Red Cross,Free,12.0,Motorized Pump,"(-19.098587446343824, 26.665720097082552)",Not Functioning
WP2982,Well,Contaminated,40.0,24000.0,2002.0,Oxfam,,,Motorized Pump,"(-17.546189808060376, 28.945642713418945)",Functioning
WP2983,Well,Clean,42.0,24000.0,2004.0,Red Cross,Pay per use,,,"(-21.598770245854794, 23.651650804166433)",Functioning
WP2984,Lake,Clean,44.0,24000.0,1993.0,Red Cross,Free,31.0,Motorized Pump,"(-18.537552023793555, 26.832657152994383)",Not Functioning
,,Contaminated,,24000.0,2005.0,USAID,Free,19.0,Motorized Pump,,
WP2986,Well,,35.0,,2004.0,Oxfam,Free,20.0,Solar Pump,,Not Functioning
WP2987,Lake,,41.0,27000.0,1998.0,,Pay per use,26.0,Hand Pump,"(-23.66084235146018, 21.442528559182204)",Not Functioning
WP2988,,Contaminated,36.0,19000.0,,Red Cross,,22.0,Motorized Pump,"(-23.949497710805286, 25.323166384325145)",Not Functioning
WP2989,,Clean,,24000.0,2006.0,USAID,,18.0,Solar Pump,,Not Functioning
WP2990,Lake,Contaminated,,24000.0,1999.0,,Pay per use,25.0,,,Not Functioning
WP2991,Lake,Clean,,23000.0,2011.0,USAID,Free,13.0,Solar Pump,"(-20.546236056252447, 22.47156336641575)",
WP2992,Well,Contaminated,43.0,24000.0,1993.0,USAID,Free,31.0,Solar Pump,"(-21.96736756853705, 20.782423216581424)",Not Functioning
WP2993,,Clean,40.0,22000.0,1992.0,,Free,32.0,Motorized Pump,"(-21.488695724619344, 19.304010998254803)",Not Functioning
WP2994,Well,Contaminated,37.0,23000.0,1994.0,,Free,30.0,Solar Pump,"(-19.04359782795154, 22.934258926528607)",Not Functioning
WP2995,Well,Contaminated,44.0,21000.0,1995.0,,Pay per use,29.0,Solar Pump,"(-19.660463114645946, 26.552877908083012)",Not Functioning
,Borehole,Contaminated,42.0,19000.0,1999.0,Red Cross,,25.0,Motorized Pump,"(-19.849458167195557, 25.663628315560956)",Functioning
WP2997,Well,Contaminated,42.0,24000.0,1996.0,Red Cross,Pay per use,28.0,Motorized Pump,"(-23.71589321909078, 20.50937586544579)",Functioning
WP2998,Well,Contaminated,52.0,,2012.0,USAID,,12.0,Hand Pump,"(-23.92452130239558, 22.572304830896297)",Functioning
,Well,Contaminated,43.0,22000.0,,,Free,7.0,Motorized Pump,"(-19.02204224303995, 28.521072181362538)",Not Functioning
WP3000,Well,Contaminated,42.0,22000.0,2003.0,Red Cross,Free,21.0,Solar Pump,"(-19.538279930878257, 26.665536606726747)",Not Functioning
WP3001,,Contaminated,44.0,,2001.0,UNICEF,Free,23.0,Hand Pump,"(-21.458369944475727, 20.852393353151744)",Functioning
WP3002,Well,,60.0,25000.0,2014.0,Red Cross,Free,10.0,Motorized Pump,,Not Functioning
WP3003,,Contaminated,32.0,22000.0,2020.0,USAID,Pay per use,4.0,Solar Pump,"(-21.87771882188585, 26.359457100365386)",Not Functioning
WP3004,Well,,36.0,21000.0,1990.0,Red Cross,Free,,Motorized Pump,"(-23.42645399998427, 19.57879781372897)",
WP3005,Well,Clean,36.0,30000.0,2007.0,,Pay per use,17.0,Motorized Pump,"(-19.063921241754443, 27.284324522513266)",Not Functioning
WP3006,River,Clean,41.0,22000.0,2004.0,USAID,Pay per use,20.0,,"(-18.96792590178607, 25.586101978225972)",Functioning
WP3007,Lake,Contaminated,35.0,25000.0,2010.0,Red Cross,Free,14.0,Motorized Pump,"(-20.995327624039767, 19.278926423776795)",Not Functioning
WP3008,Well,,33.0,23000.0,2010.0,Red Cross,Free,14.0,Solar Pump,"(-20.517965079655397, 24.49132928850009)",
,Well,Contaminated,41.0,22000.0,,,Free,,Solar Pump,"(-19.605087747557103, 24.082524787478125)",Not Functioning
WP3010,Well,Clean,33.0,23000.0,2014.0,Red Cross,Free,10.0,Motorized Pump,"(-18.27691244572601, 27.450611490815035)",Not Functioning
WP3011,Well,Contaminated,,21000.0,1991.0,Red Cross,,,Motorized Pump,"(-17.947219992492016, 27.284551148882663)",Functioning
WP3012,,,48.0,21000.0,1995.0,Red Cross,Pay per use,29.0,Solar Pump,"(-21.445833339210214, 21.221867052823075)",Not Functioning
WP3013,Borehole,Clean,32.0,24000.0,2001.0,USAID,Free,23.0,Motorized Pump,"(-18.289651392523673, 26.505311507048983)",
WP3014,,Contaminated,46.0,,2014.0,Red Cross,Free,10.0,Solar Pump,"(-19.0143761479539, 26.95654454340222)",Not Functioning
WP3015,Well,Contaminated,46.0,,2000.0,Red Cross,Free,24.0,Solar Pump,"(-20.80887504260792, 27.483818278058493)",Functioning
WP3016,,Clean,39.0,,2012.0,Red Cross,Free,12.0,Solar Pump,,Not Functioning
WP3017,,Clean,43.0,24000.0,1999.0,USAID,,25.0,Motorized Pump,"(-17.93657802698171, 27.157173678632486)",Not Functioning
WP3018,,Contaminated,55.0,,2017.0,USAID,Free,7.0,,,Functioning
WP3019,Well,Contaminated,30.0,27000.0,1997.0,,Free,,Motorized Pump,"(-20.798715228409357, 26.931751297979726)",Functioning
WP3020,Borehole,Contaminated,45.0,,1990.0,USAID,Free,34.0,Motorized Pump,"(-20.838565783984606, 22.569542984976998)",Functioning
WP3021,Well,,29.0,23000.0,2017.0,USAID,Free,7.0,Solar Pump,"(-18.49117775433952, 25.26245526323739)",Not Functioning
WP3022,Lake,Clean,26.0,,1996.0,USAID,Free,28.0,Motorized Pump,"(-22.990616445906152, 26.681374925529717)",Not Functioning
WP3023,Well,Contaminated,37.0,21000.0,1994.0,Red Cross,Free,30.0,Motorized Pump,"(-17.955742548677218, 27.428932220845375)",Functioning
,Well,Contaminated,44.0,22000.0,1993.0,Oxfam,Free,31.0,Motorized Pump,"(-20.929287667124694, 26.974261474283484)",Functioning
WP3025,Borehole,Contaminated,35.0,20000.0,1993.0,Oxfam,Free,31.0,Motorized Pump,"(-17.840146793145202, 25.077230764490892)",
,,Clean,50.0,,,,,12.0,Solar Pump,"(-23.2166177984993, 22.312788118952444)",Not Functioning
WP3027,Lake,Contaminated,37.0,22000.0,2018.0,Red Cross,Pay per use,6.0,,"(-20.744225005714757, 19.64721943506605)",Not Functioning
WP3028,Well,Clean,46.0,25000.0,,USAID,Pay per use,34.0,,"(-21.711669315083473, 22.113721231558884)",Not Functioning
WP3029,,Contaminated,40.0,20000.0,,USAID,Free,,Motorized Pump,"(-21.798291956186596, 21.91349303993783)",
WP3030,,Clean,35.0,23000.0,2005.0,USAID,Pay per use,19.0,Motorized Pump,"(-19.794771052980153, 28.110471489648187)",Functioning
WP3031,River,Clean,50.0,26000.0,2019.0,Red Cross,Free,5.0,Hand Pump,"(-20.717782808881164, 20.457195330293917)",Functioning
WP3032,Well,,37.0,25000.0,,Oxfam,Pay per use,4.0,Motorized Pump,"(-22.48173200100312, 20.543426908761344)",Not Functioning
WP3033,Lake,Clean,,23000.0,2020.0,Red Cross,Free,4.0,Motorized Pump,,Not Functioning
WP3034,Lake,Clean,39.0,23000.0,2001.0,Oxfam,Free,23.0,Motorized Pump,"(-22.6022389839583, 22.08888525162886)",Not Functioning
WP3035,Well,Contaminated,,21000.0,2019.0,Red Cross,,5.0,,"(-18.083263635199714, 26.969511792032066)",Functioning
WP3036,Well,Contaminated,50.0,28000.0,1996.0,Red Cross,Free,28.0,Solar Pump,,Functioning
WP3037,Well,Contaminated,43.0,26000.0,1999.0,Red Cross,Pay per use,25.0,Motorized Pump,"(-21.77852224309007, 21.649571959243826)",Not Functioning
,Well,Contaminated,45.0,,2008.0,USAID,Free,16.0,Motorized Pump,,Functioning
WP3039,Well,Contaminated,,20000.0,2019.0,Red Cross,,5.0,Motorized Pump,"(-20.521067089375812, 27.955413859121137)",Not Functioning
WP3040,Well,Contaminated,47.0,,2001.0,USAID,Free,23.0,Solar Pump,,Not Functioning
WP3041,,Contaminated,43.0,25000.0,,Red Cross,Pay per use,21.0,Motorized Pump,"(-23.044764106666257, 26.933458734387784)",Not Functioning
WP3042,Well,Contaminated,39.0,23000.0,2006.0,,Free,18.0,Solar Pump,"(-18.98400812458866, 19.12281378568293)",Not Functioning
,,Clean,30.0,32000.0,1991.0,USAID,Pay per use,33.0,,"(-23.11600541271772, 21.993221233125237)",Not Functioning
WP3044,,Contaminated,32.0,,1996.0,,Pay per use,28.0,Solar Pump,,Not Functioning
WP3045,Lake,Clean,43.0,24000.0,1991.0,Oxfam,Pay per use,33.0,Hand Pump,"(-23.923366501086807, 25.12520499188267)",Not Functioning
WP3046,Well,Clean,56.0,21000.0,2000.0,Red Cross,Pay per use,24.0,Motorized Pump,"(-23.353448049923276, 22.65722334333983)",
WP3047,,Clean,38.0,19000.0,1991.0,Oxfam,Free,33.0,Motorized Pump,"(-21.66153084836862, 21.261834347747694)",Not Functioning
WP3048,Well,Clean,40.0,26000.0,1996.0,USAID,Free,,Solar Pump,,Not Functioning
WP3049,Borehole,Contaminated,38.0,24000.0,2020.0,Red Cross,Free,,Solar Pump,"(-21.40539847784602, 28.09211651206882)",Not Functioning
WP3050,Well,Contaminated,50.0,18000.0,1992.0,Red Cross,Free,32.0,,,Not Functioning
WP3051,Lake,,,19000.0,2003.0,Red Cross,Free,,Motorized Pump,"(-18.77656346464957, 25.569320114055124)",Not Functioning
WP3052,Borehole,Contaminated,31.0,24000.0,2002.0,Red Cross,Free,22.0,Solar Pump,"(-22.69338518943785, 19.10760537350172)",Not Functioning
WP3053,Well,Contaminated,43.0,21000.0,2013.0,Red Cross,Free,,,"(-22.378219728613608, 20.15069439356303)",Functioning
WP3054,Well,Contaminated,45.0,20000.0,2015.0,Oxfam,Free,9.0,,"(-22.212733550091095, 21.55120875476239)",Not Functioning
WP3055,Borehole,,,24000.0,2006.0,Red Cross,Free,18.0,Motorized Pump,"(-23.959864689115896, 19.794384369193807)",Functioning
WP3056,Well,Clean,50.0,23000.0,2007.0,USAID,Pay per use,17.0,Hand Pump,"(-18.459671115130845, 28.856252344203998)",Not Functioning
WP3057,,Contaminated,47.0,26000.0,2011.0,Red Cross,,13.0,,"(-22.572885246867123, 19.73013917971822)",Not Functioning
WP3058,Well,Contaminated,40.0,21000.0,1992.0,Oxfam,Pay per use,32.0,Solar Pump,"(-18.969488281799055, 24.783063896032303)",Not Functioning
WP3059,Well,,27.0,24000.0,2002.0,,Free,,Motorized Pump,"(-21.576164956708116, 26.00339319568408)",
,Well,Contaminated,46.0,,2011.0,USAID,,13.0,Hand Pump,,Functioning
WP3061,Lake,Clean,31.0,20000.0,2017.0,USAID,Free,7.0,Motorized Pump,"(-20.234053417106203, 21.674851093329963)",Not Functioning
WP3062,,,45.0,,2014.0,USAID,Free,,Solar Pump,,Not Functioning
WP3063,Lake,,,24000.0,,UNICEF,Pay per use,18.0,Motorized Pump,"(-21.290717673512084, 25.11468374160748)",Functioning
WP3064,Lake,Contaminated,39.0,24000.0,2004.0,USAID,Free,20.0,Hand Pump,"(-21.598514272083385, 20.625321182840942)",Not Functioning
WP3065,,Clean,,28000.0,1997.0,USAID,Free,27.0,Hand Pump,"(-20.725693722749583, 22.96765652164983)",Not Functioning
WP3066,,Contaminated,47.0,23000.0,2014.0,USAID,Free,10.0,Motorized Pump,"(-21.086682040181138, 25.95457520551019)",Functioning
WP3067,Well,Contaminated,,31000.0,2008.0,Red Cross,Free,16.0,Motorized Pump,"(-19.93293280919499, 28.73340237221523)",Not Functioning
WP3068,Well,Clean,,21000.0,,Red Cross,Free,28.0,,"(-21.70826702899749, 25.18762470101521)",Functioning
WP3069,Well,Contaminated,,23000.0,2001.0,UNICEF,Free,23.0,Solar Pump,"(-19.111925238621982, 28.507448425309303)",Not Functioning
WP3070,Well,Contaminated,43.0,24000.0,1991.0,USAID,Free,33.0,Motorized Pump,,Functioning
WP3071,River,Contaminated,42.0,25000.0,2015.0,Red Cross,Free,9.0,Hand Pump,"(-18.09950800315393, 25.099340611583628)",Functioning
WP3072,Well,Contaminated,40.0,27000.0,2007.0,UNICEF,,17.0,Motorized Pump,"(-18.741116328443784, 24.066425159935754)",Functioning
WP3073,Well,,35.0,22000.0,2017.0,USAID,,7.0,Solar Pump,"(-18.797661692253307, 22.403421489041566)",Not Functioning
WP3074,Lake,,42.0,25000.0,,Red Cross,Free,28.0,Motorized Pump,"(-22.394963667759658, 19.07817825791495)",Not Functioning
WP3075,Lake,Contaminated,40.0,20000.0,1995.0,Red Cross,,29.0,Motorized Pump,"(-19.277505809233865, 25.420090589808982)",Not Functioning
WP3076,,Contaminated,,23000.0,2010.0,Oxfam,Free,14.0,Solar Pump,"(-20.39957484229517, 26.145209991385126)",Not Functioning
WP3077,Well,Clean,43.0,21000.0,2009.0,Red Cross,Pay per use,,Hand Pump,"(-21.18858346950498, 26.419024415191853)",Not Functioning
WP3078,Borehole,Contaminated,38.0,28000.0,2013.0,USAID,Free,11.0,,"(-20.678868300769103, 24.417469757090245)",Not Functioning
WP3079,Lake,Clean,,25000.0,1991.0,,Pay per use,33.0,Solar Pump,"(-22.23875464504817, 21.877308225499366)",Not Functioning
WP3080,Well,Contaminated,35.0,29000.0,2015.0,Oxfam,Free,9.0,Solar Pump,"(-21.952617759001747, 21.628033204849302)",Not Functioning
WP3081,Lake,Contaminated,44.0,,2003.0,Red Cross,Free,,,"(-21.553529851717702, 25.045242396823845)",Not Functioning
WP3082,Well,Contaminated,33.0,,,Red Cross,Pay per use,30.0,Solar Pump,"(-20.832505967837953, 22.95392099149601)",Not Functioning
WP3083,,,39.0,25000.0,2016.0,USAID,Free,8.0,,"(-21.55503110376242, 20.224717671685454)",Not Functioning
WP3084,,Clean,45.0,24000.0,2007.0,Red Cross,Free,,Motorized Pump,"(-22.427817172279603, 21.956663488060794)",Not Functioning
WP3085,Well,Contaminated,39.0,24000.0,2008.0,UNICEF,Pay per use,16.0,,,Functioning
WP3086,,Clean,44.0,20000.0,1991.0,USAID,Pay per use,33.0,Motorized Pump,,Not Functioning
WP3087,River,,47.0,21000.0,,Red Cross,Free,17.0,Motorized Pump,"(-23.877345562660164, 21.537648174317603)",Functioning
WP3088,Well,Contaminated,46.0,,2004.0,,Pay per use,20.0,Solar Pump,"(-17.81769222747903, 24.015274044782423)",Not Functioning
WP3089,Well,Contaminated,29.0,26000.0,2014.0,Oxfam,Free,10.0,,"(-20.421268824674367, 25.34215410402191)",Not Functioning
WP3090,Lake,Contaminated,37.0,28000.0,2000.0,USAID,Pay per use,24.0,Motorized Pump,"(-23.35239188120349, 22.789268978278578)",Not Functioning
WP3091,,Contaminated,38.0,27000.0,2008.0,Red Cross,Free,16.0,Motorized Pump,"(-20.77490972845651, 24.78711067954305)",Not Functioning
WP3092,Lake,Clean,,27000.0,1997.0,Red Cross,,27.0,Motorized Pump,"(-23.49626693504473, 24.746323792378814)",Not Functioning
,Well,Contaminated,47.0,26000.0,2015.0,USAID,,9.0,Solar Pump,"(-22.7324203063581, 24.441648422678014)",Not Functioning
WP3094,,Contaminated,41.0,24000.0,2006.0,Red Cross,Free,,Motorized Pump,"(-17.677304468523875, 28.56194241027231)",Not Functioning
WP3095,Well,Contaminated,50.0,21000.0,2003.0,USAID,Free,,Motorized Pump,"(-21.726012036052882, 24.956476944908886)",Not Functioning
WP3096,Borehole,Clean,,23000.0,2013.0,Red Cross,Free,11.0,,"(-21.775863857592736, 19.609554176635363)",Not Functioning
WP3097,River,Clean,,27000.0,,Red Cross,Pay per use,18.0,Motorized Pump,"(-19.352418568921404, 27.9298135862239)",Not Functioning
WP3098,River,Clean,34.0,25000.0,2004.0,,,,Motorized Pump,"(-20.990592907380055, 24.333076429236876)",Not Functioning
WP3099,Well,Contaminated,,21000.0,2008.0,USAID,Pay per use,16.0,Motorized Pump,"(-20.53843000346544, 20.409627326729087)",Functioning
WP3100,,,42.0,,2002.0,,Free,22.0,,"(-19.695688830110864, 28.322700400152442)",Not Functioning
WP3101,Lake,Clean,43.0,,2012.0,Red Cross,,,Motorized Pump,"(-18.393871934234582, 25.823210522713943)",Not Functioning
WP3102,Well,Contaminated,,24000.0,,Red Cross,Free,6.0,Solar Pump,"(-23.455968247938483, 20.58040795116734)",Not Functioning
WP3103,Well,Contaminated,45.0,27000.0,2015.0,Red Cross,Pay per use,9.0,,,Not Functioning
,Well,Clean,32.0,23000.0,1997.0,UNICEF,Free,27.0,Motorized Pump,"(-18.415482444445022, 27.12010748367091)",Not Functioning
WP3105,Well,Clean,,28000.0,2000.0,Oxfam,Free,,Solar Pump,"(-21.855339080788394, 28.70582490872515)",Not Functioning
WP3106,,,42.0,24000.0,2005.0,Red Cross,,19.0,Solar Pump,"(-22.450360588245207, 22.988435485318323)",Not Functioning
WP3107,Well,Contaminated,,21000.0,2000.0,USAID,Free,24.0,Solar Pump,"(-21.19836243029694, 28.258526497928536)",Not Functioning
WP3108,Borehole,Contaminated,45.0,25000.0,,USAID,Free,31.0,Motorized Pump,"(-17.958016495720763, 28.790552957663408)",Not Functioning
WP3109,River,Contaminated,48.0,17000.0,2009.0,USAID,Free,15.0,Solar Pump,"(-19.210487843502513, 24.4580053959501)",Functioning
WP3110,Well,,37.0,27000.0,2006.0,USAID,Pay per use,18.0,Motorized Pump,"(-20.367988394472583, 22.539805168198562)",Not Functioning
,Lake,Clean,48.0,26000.0,2015.0,Oxfam,Free,,,"(-18.141771337192303, 28.245180797143476)",
WP3112,Lake,Clean,54.0,21000.0,2011.0,UNICEF,Free,13.0,Motorized Pump,"(-23.329805538482095, 22.242949397945207)",Not Functioning
WP3113,Well,,,23000.0,,UNICEF,Free,22.0,Motorized Pump,,Not Functioning
WP3114,Well,Contaminated,35.0,22000.0,1999.0,Red Cross,,,Motorized Pump,"(-22.98524687629018, 26.207143710288022)",Functioning
WP3115,Well,Contaminated,44.0,21000.0,,Oxfam,Free,18.0,,"(-20.443047415939986, 20.085636678429324)",Not Functioning
WP3116,Lake,Contaminated,41.0,22000.0,2011.0,,Pay per use,13.0,Motorized Pump,"(-18.12428977208056, 26.510347197232154)",Not Functioning
WP3117,Well,Contaminated,42.0,,2004.0,,Pay per use,20.0,Solar Pump,,Not Functioning
WP3118,Well,Contaminated,43.0,20000.0,2003.0,Red Cross,Free,21.0,,"(-21.64778599083099, 22.204417447432927)",Not Functioning
WP3119,Well,Clean,35.0,24000.0,2019.0,Red Cross,Free,5.0,Solar Pump,"(-20.0470539132923, 25.495934398172498)",Not Functioning
WP3120,Lake,Contaminated,48.0,21000.0,2010.0,,Free,,Solar Pump,"(-22.18683837612636, 26.16032782351903)",Not Functioning
WP3121,Well,Contaminated,45.0,23000.0,1991.0,Red Cross,Pay per use,33.0,Solar Pump,,Not Functioning
WP3122,Well,Clean,39.0,15000.0,2003.0,Red Cross,Free,21.0,Solar Pump,,Not Functioning
,Borehole,Clean,33.0,23000.0,1992.0,Oxfam,Pay per use,32.0,Motorized Pump,"(-19.21916911592773, 27.086385880649516)",Not Functioning
WP3124,Well,Clean,46.0,20000.0,1998.0,Oxfam,Free,26.0,Motorized Pump,"(-20.931290446187298, 21.179208498370556)",Functioning
WP3125,Well,Contaminated,45.0,20000.0,2010.0,Red Cross,,14.0,Motorized Pump,"(-20.15454631455721, 25.078100595946303)",Not Functioning
,Well,Contaminated,40.0,23000.0,1994.0,Red Cross,Pay per use,30.0,Motorized Pump,"(-19.814521072627127, 24.185442390525193)",
WP3127,Well,Clean,43.0,24000.0,2015.0,USAID,,9.0,Motorized Pump,"(-22.26362294180653, 21.04092226749116)",Not Functioning
WP3128,River,Contaminated,38.0,19000.0,2010.0,,Free,,Motorized Pump,"(-18.31089945331834, 24.300587200686515)",Not Functioning
WP3129,Lake,Contaminated,33.0,22000.0,2002.0,USAID,Pay per use,22.0,Motorized Pump,"(-18.955919518625606, 24.549691126194062)",Not Functioning
WP3130,,Contaminated,38.0,24000.0,2017.0,Red Cross,Free,7.0,Motorized Pump,"(-19.157238430365247, 27.259887769014405)",Not Functioning
WP3131,Well,Contaminated,25.0,23000.0,2006.0,Red Cross,Free,,Solar Pump,"(-20.690465803056497, 21.931412882520302)",Not Functioning
WP3132,Lake,,,24000.0,,Red Cross,Free,4.0,Hand Pump,"(-23.08674817467373, 24.744189118666284)",Not Functioning
,Borehole,Contaminated,47.0,25000.0,2016.0,Red Cross,Free,8.0,Motorized Pump,"(-20.549544676379078, 19.803320775105696)",
,Well,Clean,,,1993.0,USAID,Free,31.0,Solar Pump,"(-22.0385659305414, 22.123161118346108)",Not Functioning
,Lake,Contaminated,42.0,23000.0,1995.0,USAID,Free,29.0,Motorized Pump,"(-21.959324833571472, 21.50772308590926)",Not Functioning
WP3136,Well,Clean,46.0,23000.0,2019.0,Red Cross,Free,5.0,Motorized Pump,"(-18.61502098474802, 24.201976587950963)",Not Functioning
WP3137,Well,Contaminated,37.0,24000.0,2005.0,Red Cross,Free,19.0,Solar Pump,"(-19.553550043991322, 27.95944133777145)",Not Functioning
,Well,Contaminated,35.0,25000.0,2002.0,,Free,,Motorized Pump,"(-19.767214466436275, 28.556330482645773)",
,,Contaminated,,25000.0,2000.0,USAID,Free,,Motorized Pump,"(-21.784760156063985, 22.03356363662123)",Not Functioning
,Well,Contaminated,39.0,,1995.0,UNICEF,Free,29.0,Solar Pump,"(-23.444162364084857, 25.672393885103475)",Not Functioning
WP3141,Well,Contaminated,48.0,31000.0,2000.0,Red Cross,Free,24.0,Motorized Pump,"(-19.844688309495467, 21.237920534057334)",Not Functioning
WP3142,Lake,Contaminated,37.0,23000.0,2012.0,Red Cross,Pay per use,12.0,Motorized Pump,"(-17.6967969202498, 26.784433878561092)",Not Functioning
WP3143,,,32.0,25000.0,2016.0,Red Cross,Pay per use,8.0,Motorized Pump,"(-22.289791723995627, 23.49779176019393)",Not Functioning
WP3144,Lake,Contaminated,34.0,30000.0,,Red Cross,Free,32.0,Motorized Pump,"(-23.74347913313657, 25.952409820865526)",Not Functioning
WP3145,Borehole,Contaminated,42.0,24000.0,2005.0,,Free,19.0,Motorized Pump,"(-18.02161846149056, 25.815240558409275)",Not Functioning
WP3146,Borehole,Clean,37.0,24000.0,2014.0,,Pay per use,10.0,Motorized Pump,"(-18.682478081864943, 27.9848822550096)",Not Functioning
WP3147,Well,Clean,39.0,23000.0,2016.0,Red Cross,,8.0,Solar Pump,"(-20.566683377296254, 27.664335379138308)",Not Functioning
WP3148,River,Contaminated,51.0,25000.0,1992.0,Red Cross,Free,32.0,Motorized Pump,,
WP3149,Well,,36.0,23000.0,1990.0,USAID,Pay per use,34.0,Motorized Pump,"(-19.522719695711483, 26.81481715147204)",Functioning
,River,Clean,33.0,19000.0,2009.0,Red Cross,Free,,Motorized Pump,,Not Functioning
WP3151,Lake,,47.0,25000.0,2017.0,USAID,Free,7.0,Solar Pump,"(-21.466992442508403, 22.864439382198924)",Not Functioning
,Lake,Contaminated,49.0,21000.0,2009.0,UNICEF,Pay per use,,,"(-18.45197397134786, 24.22419126359147)",Not Functioning
WP3153,Well,Contaminated,41.0,20000.0,1991.0,,Pay per use,33.0,Motorized Pump,"(-23.76856836679519, 24.0301327564961)",Functioning
WP3154,,Contaminated,43.0,26000.0,2014.0,USAID,Pay per use,10.0,Motorized Pump,"(-21.92958681503769, 27.76608346314772)",Functioning
WP3155,,Clean,44.0,21000.0,,Red Cross,,17.0,Motorized Pump,"(-19.48275398307709, 28.032352139155464)",Not Functioning
,Well,Clean,41.0,21000.0,2012.0,Red Cross,Free,12.0,Motorized Pump,,
WP3157,Well,Contaminated,40.0,22000.0,2004.0,Oxfam,Pay per use,20.0,Hand Pump,"(-18.96998448366379, 25.810095560734517)",Functioning
WP3158,Lake,,33.0,19000.0,2012.0,,Free,12.0,Motorized Pump,"(-21.256417207377325, 25.879379189291765)",Not Functioning
WP3159,Lake,Contaminated,38.0,31000.0,2008.0,,Free,,Motorized Pump,"(-21.64045898257038, 26.48479176827034)",Not Functioning
WP3160,Well,Contaminated,36.0,22000.0,2002.0,,Pay per use,22.0,Motorized Pump,"(-20.385389375431192, 26.88388669591904)",Not Functioning
,Well,,42.0,25000.0,,USAID,Free,25.0,Motorized Pump,,
,Well,Clean,44.0,26000.0,,USAID,Free,34.0,Motorized Pump,"(-20.96631517339981, 25.856451942909796)",Not Functioning
WP3163,Well,,41.0,22000.0,2000.0,USAID,,24.0,Motorized Pump,"(-21.048871381665112, 24.122605498635842)",Not Functioning
WP3164,Borehole,Contaminated,44.0,26000.0,2011.0,,Pay per use,13.0,Motorized Pump,"(-22.065191126661954, 21.31044269898261)",Functioning
WP3165,Borehole,Clean,39.0,24000.0,1995.0,Oxfam,Free,,Solar Pump,"(-19.660391516086314, 28.85903634795949)",Functioning
WP3166,Lake,Clean,48.0,,1999.0,Red Cross,Free,25.0,,"(-20.935128331162495, 26.97524932643121)",Not Functioning
,Well,Contaminated,,17000.0,2013.0,,,11.0,Motorized Pump,,Not Functioning
,,Clean,,,2017.0,Red Cross,Free,7.0,,"(-19.14134313195787, 24.662619852188637)",Not Functioning
WP3169,,Contaminated,,28000.0,2006.0,Red Cross,Free,18.0,Motorized Pump,"(-20.351528886112384, 24.67110295675813)",Not Functioning
WP3170,Well,Contaminated,37.0,,2012.0,,Free,12.0,Motorized Pump,"(-22.05941529118809, 19.68159104037978)",Not Functioning
WP3171,Borehole,Contaminated,23.0,20000.0,1995.0,USAID,Free,29.0,Solar Pump,"(-20.303547015079218, 27.075949430574113)",Not Functioning
,Borehole,,43.0,,1995.0,Red Cross,Pay per use,29.0,Motorized Pump,"(-18.30458509251456, 28.384561484591885)",Functioning
WP3173,Borehole,Clean,40.0,25000.0,1996.0,Oxfam,Free,28.0,Solar Pump,,Not Functioning
WP3174,,Contaminated,40.0,29000.0,2010.0,USAID,Pay per use,14.0,Motorized Pump,"(-18.569709383314596, 25.963582907196173)",Not Functioning
,Lake,Clean,40.0,21000.0,2016.0,Red Cross,Free,8.0,Solar Pump,"(-18.163751822394367, 27.759693360881283)",Not Functioning
WP3176,Lake,Contaminated,,21000.0,2010.0,Red Cross,Free,14.0,Solar Pump,"(-23.844937420716306, 21.739356801270254)",Not Functioning
,Well,Contaminated,44.0,22000.0,2004.0,,Free,20.0,Motorized Pump,,Functioning
WP3178,Lake,Contaminated,52.0,26000.0,1992.0,UNICEF,Free,,Motorized Pump,"(-20.46348703983123, 21.72883808982684)",Not Functioning
WP3179,Well,Clean,46.0,26000.0,2005.0,Red Cross,,19.0,Motorized Pump,"(-18.403778184722643, 24.047570426657657)",Functioning
WP3180,Well,Clean,39.0,28000.0,1997.0,Red Cross,Free,27.0,Motorized Pump,"(-18.711299535613975, 26.20615513788195)",Functioning
WP3181,Well,Clean,34.0,24000.0,2013.0,Oxfam,Free,11.0,,"(-20.497977625985264, 22.07039069734596)",Functioning
WP3182,Lake,Clean,44.0,24000.0,,USAID,Free,24.0,Motorized Pump,"(-22.7986480752197, 26.801623239800836)",Not Functioning
WP3183,Borehole,,40.0,24000.0,2006.0,USAID,Free,18.0,Motorized Pump,"(-21.914070037585915, 25.86767282231075)",Functioning
WP3184,Well,Clean,30.0,24000.0,1997.0,USAID,Pay per use,27.0,Hand Pump,"(-20.887939668822924, 25.582634087716436)",Not Functioning
WP3185,Well,Contaminated,47.0,25000.0,1998.0,,Pay per use,,Motorized Pump,"(-18.274567229018416, 27.668514989887495)",Functioning
WP3186,Lake,,46.0,22000.0,2010.0,Red Cross,Free,14.0,Solar Pump,"(-18.620903343091456, 25.957160021297504)",Not Functioning
WP3187,River,Clean,38.0,,1993.0,,Pay per use,31.0,Motorized Pump,"(-21.1414461694643, 22.98488985426206)",Functioning
WP3188,Well,Contaminated,,22000.0,2000.0,Red Cross,Free,24.0,Motorized Pump,"(-20.539173857885213, 21.17243504821502)",Not Functioning
WP3189,Lake,Contaminated,42.0,21000.0,2016.0,Red Cross,,8.0,Motorized Pump,"(-21.66224114459163, 23.087943389901767)",Not Functioning
,Well,,35.0,25000.0,1991.0,Red Cross,Free,33.0,Motorized Pump,"(-19.278937458292326, 27.661169853536006)",Not Functioning
WP3191,Well,Clean,53.0,23000.0,1992.0,,Pay per use,,Motorized Pump,"(-21.911073646633334, 24.714407120576112)",Functioning
,Lake,Contaminated,45.0,,2019.0,,Pay per use,5.0,Solar Pump,"(-21.26550597943171, 24.753351748953893)",Not Functioning
WP3193,Well,,32.0,,1996.0,Red Cross,Free,28.0,Solar Pump,"(-23.391909609652945, 23.330406519824233)",Not Functioning
WP3194,Lake,Contaminated,37.0,27000.0,2017.0,Red Cross,Pay per use,7.0,Motorized Pump,"(-20.296728525250774, 26.312869673573346)",Not Functioning
WP3195,Well,Clean,40.0,20000.0,,Red Cross,Free,25.0,Motorized Pump,"(-21.472395907675306, 25.891708524372348)",Not Functioning
WP3196,Borehole,,37.0,26000.0,2003.0,USAID,Pay per use,21.0,,"(-19.584680684529953, 25.543108893346073)",Not Functioning
WP3197,Lake,Contaminated,43.0,23000.0,2002.0,UNICEF,Free,22.0,Motorized Pump,"(-21.188544109108427, 19.04712911988247)",Not Functioning
WP3198,Well,Contaminated,44.0,23000.0,2004.0,,Free,20.0,Solar Pump,"(-22.040966529822164, 19.9273859001755)",Not Functioning
,Well,Contaminated,42.0,,2005.0,Oxfam,Free,19.0,Motorized Pump,"(-21.66836563615087, 21.77371311119278)",Functioning
WP3200,Well,Contaminated,45.0,25000.0,2013.0,USAID,Pay per use,,Solar Pump,"(-20.57033092729416, 25.247844650235127)",Not Functioning
WP3201,,Clean,45.0,28000.0,2004.0,,Free,20.0,Motorized Pump,"(-22.689105323668656, 20.584198100746757)",Not Functioning
,Lake,Contaminated,43.0,25000.0,1994.0,Oxfam,Pay per use,30.0,Motorized Pump,"(-18.961706035759768, 27.373188166808994)",
WP3203,,,35.0,22000.0,2011.0,UNICEF,Free,,Motorized Pump,"(-22.806452781702934, 26.868285903231026)",Functioning
,,Contaminated,43.0,20000.0,1998.0,UNICEF,Pay per use,26.0,Motorized Pump,"(-23.459770317418325, 25.96447737928506)",Functioning
WP3205,Lake,,45.0,,1997.0,Oxfam,Free,27.0,,"(-21.55653756367129, 26.193135462091472)",Not Functioning
WP3206,Well,,33.0,24000.0,2010.0,Oxfam,,14.0,Solar Pump,,Not Functioning
WP3207,,,33.0,27000.0,2020.0,UNICEF,Free,4.0,Hand Pump,"(-23.828100709334546, 22.599971529943673)",Not Functioning
WP3208,Well,Clean,44.0,23000.0,1997.0,USAID,Free,27.0,Motorized Pump,"(-21.173973390371085, 25.355255582427844)",Not Functioning
WP3209,Well,Contaminated,49.0,20000.0,2003.0,UNICEF,Pay per use,21.0,Motorized Pump,,Functioning
WP3210,,,39.0,24000.0,,USAID,Free,25.0,Motorized Pump,"(-23.46393475707961, 21.65321041391573)",Not Functioning
WP3211,Lake,Clean,41.0,25000.0,1991.0,,,33.0,Solar Pump,"(-18.87448927843743, 28.278957815496994)",Not Functioning
WP3212,Well,,35.0,24000.0,2003.0,Red Cross,Free,,Motorized Pump,"(-23.93171965941867, 24.303392647107987)",Not Functioning
,Well,Contaminated,48.0,23000.0,2003.0,Red Cross,Free,21.0,,"(-22.43694587234739, 19.66849880981114)",Functioning
WP3214,Well,Contaminated,48.0,23000.0,1992.0,UNICEF,,32.0,,"(-21.88860653394952, 24.65670398130079)",Not Functioning
WP3215,Lake,Contaminated,38.0,21000.0,2009.0,USAID,Pay per use,15.0,,"(-19.040712456411335, 24.50052323492111)",Not Functioning
,Well,,50.0,27000.0,2000.0,USAID,Free,24.0,Solar Pump,"(-23.24223511859225, 27.075227174025976)",Not Functioning
WP3217,Lake,Contaminated,36.0,,2011.0,USAID,Free,13.0,Motorized Pump,"(-19.998822091298898, 25.986431557655056)",Not Functioning
WP3218,,Contaminated,32.0,23000.0,2014.0,Red Cross,Free,10.0,Solar Pump,"(-17.667094860425202, 27.108487034378143)",Not Functioning
WP3219,Well,Clean,27.0,23000.0,2017.0,,Free,7.0,Motorized Pump,"(-22.12057285590211, 22.94677970450236)",Not Functioning
WP3220,,Contaminated,,17000.0,2017.0,,Free,7.0,Motorized Pump,,Not Functioning
,River,Contaminated,44.0,,1999.0,USAID,Free,25.0,Solar Pump,"(-17.93734021966158, 19.340774987833782)",Not Functioning
WP3222,Lake,,43.0,26000.0,,Red Cross,Pay per use,,Motorized Pump,,Not Functioning
WP3223,Well,Contaminated,43.0,22000.0,1992.0,Red Cross,Free,,Motorized Pump,"(-22.81093948386112, 21.174339483323372)",Not Functioning
WP3224,,,37.0,25000.0,2020.0,Red Cross,Pay per use,4.0,Motorized Pump,"(-21.24149309050243, 21.252878857453197)",Not Functioning
WP3225,Well,Contaminated,40.0,21000.0,2004.0,,Pay per use,20.0,Motorized Pump,"(-23.311722718014476, 24.49401109163036)",Not Functioning
WP3226,Lake,Contaminated,47.0,29000.0,,Red Cross,,20.0,Solar Pump,"(-20.025003331562466, 25.690493797207523)",Not Functioning
WP3227,Well,,45.0,22000.0,1993.0,USAID,Pay per use,,Motorized Pump,"(-22.072687756306397, 20.82856141940869)",Not Functioning
WP3228,Borehole,Clean,,20000.0,1990.0,Red Cross,Pay per use,34.0,Solar Pump,"(-21.542542770442484, 25.191503245652765)",
,Well,Contaminated,49.0,,2006.0,Red Cross,Free,18.0,Hand Pump,"(-23.280945852007722, 25.201187935979256)",Functioning
WP3230,,Contaminated,36.0,27000.0,2002.0,Red Cross,Free,22.0,Solar Pump,"(-22.972087893348146, 21.673523518579877)",Not Functioning
WP3231,River,Contaminated,44.0,28000.0,1992.0,USAID,,32.0,Motorized Pump,"(-21.31505529141001, 24.68496103751679)",Not Functioning
WP3232,Well,Clean,31.0,,1990.0,Red Cross,Free,,Hand Pump,"(-20.651359771816935, 20.183170797259468)",Functioning
WP3233,,Contaminated,42.0,20000.0,1993.0,,Pay per use,31.0,Solar Pump,"(-20.578359470896192, 19.023163118314)",Not Functioning
WP3234,Lake,,37.0,27000.0,1991.0,Oxfam,Free,,Solar Pump,"(-18.49920488403809, 24.679112232986935)",Not Functioning
WP3235,,Clean,42.0,22000.0,2004.0,Oxfam,Pay per use,,Motorized Pump,"(-22.493990816352795, 22.852161396610683)",Functioning
WP3236,Lake,Contaminated,,,2008.0,,,16.0,Motorized Pump,"(-20.81866091773598, 21.796851415390496)",Not Functioning
WP3237,Well,,39.0,25000.0,2018.0,Red Cross,Free,6.0,Motorized Pump,"(-21.792517135259992, 21.11744651973472)",Functioning
WP3238,Well,,23.0,24000.0,2007.0,Oxfam,Pay per use,17.0,Motorized Pump,"(-19.13428768288684, 25.005227375723365)",Not Functioning
WP3239,Well,Contaminated,29.0,19000.0,1992.0,,,32.0,,"(-21.77762395492086, 27.755679197979212)",Not Functioning
WP3240,Lake,Clean,36.0,23000.0,2018.0,Red Cross,,6.0,Motorized Pump,"(-21.891332146525166, 24.978974031329436)",Not Functioning
WP3241,Borehole,,44.0,29000.0,2010.0,USAID,,14.0,,,Not Functioning
WP3242,Lake,Contaminated,,23000.0,1998.0,Oxfam,Pay per use,26.0,Solar Pump,"(-19.33269935072923, 25.955168733512224)",Not Functioning
WP3243,Well,Contaminated,43.0,25000.0,2012.0,Oxfam,Free,12.0,Motorized Pump,"(-21.536427102422792, 25.722179466262617)",Functioning
WP3244,Lake,Clean,39.0,24000.0,1995.0,Oxfam,Free,29.0,Solar Pump,"(-22.602001256363426, 19.431940263259868)",Not Functioning
WP3245,Well,Contaminated,37.0,23000.0,2012.0,Red Cross,Pay per use,12.0,Motorized Pump,,Functioning
WP3246,Lake,Contaminated,38.0,22000.0,1999.0,USAID,Pay per use,,Motorized Pump,"(-22.386190768304477, 20.927622960035926)",Not Functioning
WP3247,,Contaminated,42.0,,2009.0,Red Cross,Free,,,"(-20.26518354558413, 24.39604837615159)",Not Functioning
WP3248,Lake,Contaminated,38.0,25000.0,2002.0,USAID,Free,22.0,Motorized Pump,,Not Functioning
WP3249,Well,Clean,31.0,30000.0,2012.0,Red Cross,Free,12.0,Motorized Pump,"(-21.794217121859994, 26.513806337764517)",Not Functioning
WP3250,Well,Clean,49.0,23000.0,2008.0,,Free,,Motorized Pump,"(-20.58503186766552, 20.159264878469372)",Functioning
WP3251,Lake,Clean,39.0,27000.0,,USAID,Free,,Solar Pump,"(-18.38747499104886, 22.351751541677658)",Not Functioning
WP3252,Lake,,,23000.0,2008.0,Red Cross,Pay per use,16.0,Motorized Pump,"(-19.147690407627636, 26.530007178511255)",Not Functioning
,Well,Clean,38.0,26000.0,1993.0,Red Cross,Free,31.0,Solar Pump,,Not Functioning
WP3254,Lake,Contaminated,43.0,21000.0,2011.0,Oxfam,Pay per use,13.0,Motorized Pump,"(-22.209977082495183, 24.678889132503567)",Not Functioning
WP3255,Well,Contaminated,41.0,21000.0,2017.0,UNICEF,Free,7.0,Motorized Pump,"(-21.07259278123085, 22.54609187469316)",Not Functioning
WP3256,Well,,38.0,22000.0,2000.0,Red Cross,,24.0,Solar Pump,"(-18.60901651266182, 25.587749784380616)",Not Functioning
WP3257,Well,Contaminated,50.0,26000.0,2020.0,Red Cross,Free,4.0,Motorized Pump,"(-18.090100507808142, 25.63214953381668)",Not Functioning
WP3258,Well,Contaminated,,20000.0,2006.0,Oxfam,,18.0,Motorized Pump,"(-22.357772891927496, 24.829285068909442)",Functioning
WP3259,Well,Clean,32.0,27000.0,1999.0,,Free,,Solar Pump,"(-19.575581847293435, 27.614828452159045)",Not Functioning
WP3260,Well,Clean,50.0,20000.0,2000.0,Red Cross,Pay per use,24.0,Motorized Pump,"(-18.967138104747526, 22.610245265443076)",Not Functioning
WP3261,Well,Contaminated,49.0,25000.0,2001.0,Red Cross,Pay per use,,Motorized Pump,"(-21.266298717936717, 26.866324343427955)",Not Functioning
WP3262,Lake,Contaminated,,25000.0,1991.0,USAID,Free,33.0,Solar Pump,"(-21.841556005717127, 27.008146137092773)",Not Functioning
WP3263,Borehole,Clean,,,,USAID,Free,14.0,Motorized Pump,,
WP3264,Borehole,Clean,,,2007.0,USAID,Pay per use,,,"(-17.502001003090562, 26.757499994035054)",Not Functioning
WP3265,Well,,,,2000.0,USAID,Pay per use,24.0,Solar Pump,"(-18.65800946809829, 26.386315008368328)",Not Functioning
WP3266,,,38.0,27000.0,2009.0,Red Cross,,,Motorized Pump,"(-19.30078641030021, 28.54860992774781)",Functioning
WP3267,Lake,Contaminated,34.0,19000.0,1996.0,USAID,Free,28.0,Solar Pump,"(-20.072339713913465, 25.338384399802493)",Not Functioning
,Lake,Contaminated,39.0,25000.0,1997.0,USAID,Free,27.0,Solar Pump,"(-23.267450983965915, 26.527835678930458)",Not Functioning
WP3269,Well,Clean,35.0,18000.0,2015.0,Oxfam,Pay per use,9.0,Solar Pump,,Not Functioning
WP3270,,Contaminated,49.0,19000.0,2013.0,Red Cross,Free,11.0,Solar Pump,,Not Functioning
WP3271,Well,,43.0,26000.0,1990.0,Oxfam,Pay per use,34.0,Motorized Pump,"(-18.792556356688035, 26.32701590720401)",Not Functioning
WP3272,Borehole,Clean,36.0,25000.0,1994.0,Oxfam,Free,30.0,Motorized Pump,"(-23.003138277203746, 25.006092804314044)",Not Functioning
WP3273,Well,Contaminated,46.0,19000.0,2014.0,Oxfam,Free,10.0,Motorized Pump,"(-22.049964505404866, 22.495306194106902)",Not Functioning
WP3274,Lake,Clean,,24000.0,2007.0,Red Cross,Free,,Solar Pump,"(-22.137298378252048, 22.95156882753677)",Not Functioning
WP3275,Lake,Contaminated,,20000.0,2020.0,,Free,4.0,,"(-21.994916631041228, 24.362120852675602)",Not Functioning
WP3276,Lake,Clean,,23000.0,2003.0,UNICEF,Free,21.0,Motorized Pump,"(-19.414594721976982, 24.954270535951622)",Not Functioning
WP3277,Well,Contaminated,,27000.0,2002.0,Red Cross,Free,22.0,Motorized Pump,"(-23.709327175197398, 22.212324260984698)",Functioning
WP3278,Well,Clean,37.0,25000.0,2007.0,USAID,Free,17.0,,"(-20.997953289765178, 22.604346698726637)",Not Functioning
WP3279,,Contaminated,42.0,19000.0,2017.0,Oxfam,Pay per use,7.0,,"(-23.626040828882292, 21.814249387554415)",Functioning
,,Clean,44.0,23000.0,2000.0,Oxfam,Free,24.0,Hand Pump,"(-19.962347930124338, 25.71841222438623)",Not Functioning
WP3281,,Contaminated,37.0,23000.0,2002.0,USAID,Pay per use,22.0,Motorized Pump,"(-21.31751993526462, 25.836784594684552)",Not Functioning
WP3282,,Contaminated,45.0,27000.0,2020.0,USAID,Free,4.0,Solar Pump,"(-22.724276558322064, 19.20387695191745)",Not Functioning
WP3283,Well,Contaminated,37.0,22000.0,2014.0,USAID,Pay per use,10.0,Motorized Pump,,Functioning
WP3284,Well,Contaminated,25.0,21000.0,1992.0,Oxfam,Pay per use,32.0,,"(-22.605607294211573, 22.62977022572268)",Functioning
WP3285,Borehole,Contaminated,30.0,21000.0,1990.0,Oxfam,,34.0,Motorized Pump,"(-20.98216153862382, 26.362607312103645)",Not Functioning
WP3286,,Contaminated,35.0,,2006.0,Oxfam,Pay per use,18.0,Motorized Pump,"(-18.789550462434544, 26.654367724177803)",Functioning
,Well,Contaminated,38.0,26000.0,1993.0,Red Cross,Free,31.0,Motorized Pump,"(-22.248314088039443, 22.10339972879911)",Not Functioning
WP3288,Well,Contaminated,35.0,23000.0,2000.0,USAID,,24.0,Motorized Pump,"(-21.244359633981233, 19.483357995346267)",Not Functioning
WP3289,Well,Clean,42.0,25000.0,,Red Cross,Pay per use,21.0,Motorized Pump,"(-23.238374264550856, 22.065311701928568)",Not Functioning
,,Contaminated,42.0,,1991.0,USAID,Pay per use,,Motorized Pump,"(-21.73279922358171, 25.54219341783534)",Not Functioning
WP3291,,Contaminated,33.0,23000.0,2005.0,USAID,Free,19.0,Hand Pump,"(-23.07029638671497, 19.12920305924419)",Not Functioning
,Lake,,43.0,20000.0,1998.0,Red Cross,,26.0,Motorized Pump,"(-22.638779882383904, 22.09682538710026)",
WP3293,Borehole,,36.0,,1992.0,Red Cross,Free,32.0,Motorized Pump,"(-18.64242787694093, 28.226979691864226)",Not Functioning
WP3294,Lake,Contaminated,43.0,25000.0,2001.0,USAID,Free,,Motorized Pump,"(-22.143781754997992, 22.95484577634497)",Not Functioning
WP3295,Well,Contaminated,50.0,23000.0,2008.0,USAID,,16.0,Solar Pump,"(-23.124910262424468, 20.220475162162508)",Not Functioning
WP3296,River,,48.0,,,,Pay per use,,Solar Pump,"(-23.03957691923715, 22.140121779019324)",
,Well,Clean,32.0,24000.0,,,Free,29.0,Solar Pump,"(-21.086871100898428, 25.48498055033545)",Not Functioning
,,Clean,43.0,23000.0,,,Free,6.0,,"(-17.96256461918024, 20.261969292572143)",Not Functioning
WP3299,,Clean,43.0,24000.0,2017.0,,Pay per use,7.0,,,Functioning
WP3300,,Clean,36.0,26000.0,1991.0,USAID,Free,33.0,Solar Pump,"(-19.596553389197016, 25.182955315478765)",Not Functioning
WP3301,Well,Clean,34.0,23000.0,,Red Cross,,,Solar Pump,"(-20.951374821937407, 27.64105599497979)",Not Functioning
WP3302,,Contaminated,,22000.0,1996.0,USAID,Pay per use,28.0,Motorized Pump,"(-20.50050404331865, 23.40714674572274)",Not Functioning
WP3303,Lake,Contaminated,51.0,22000.0,2008.0,USAID,Pay per use,16.0,Motorized Pump,"(-20.54864027281939, 24.87033852592178)",Not Functioning
WP3304,Well,Contaminated,41.0,,1991.0,USAID,,33.0,Motorized Pump,"(-20.070597055418016, 19.610453521570655)",Functioning
WP3305,,Clean,37.0,24000.0,2007.0,,Free,,Solar Pump,"(-23.050246808544582, 19.501411539114752)",Not Functioning
WP3306,Well,Contaminated,43.0,20000.0,2009.0,USAID,,15.0,Solar Pump,"(-19.196069724445618, 24.071471364511222)",Not Functioning
WP3307,Well,Clean,41.0,24000.0,2011.0,USAID,Free,,,"(-23.421100476281705, 20.74758894604858)",Not Functioning
WP3308,Well,Contaminated,,22000.0,2012.0,USAID,Free,12.0,Hand Pump,"(-21.263922437440417, 19.45684747598313)",Functioning
,Well,Contaminated,34.0,18000.0,1993.0,Oxfam,Pay per use,31.0,Hand Pump,"(-21.100848280181836, 28.799950773386314)",Functioning
WP3310,Well,Contaminated,44.0,26000.0,2003.0,Oxfam,Pay per use,21.0,Solar Pump,"(-22.49328056652302, 27.55738400201273)",Functioning
WP3311,Well,,40.0,23000.0,2008.0,USAID,Free,16.0,Solar Pump,"(-19.924946902615527, 20.08173395657267)",Not Functioning
WP3312,Borehole,Contaminated,50.0,25000.0,2012.0,USAID,Pay per use,12.0,Solar Pump,"(-21.67550995250211, 25.30866671046305)",Not Functioning
WP3313,River,Contaminated,42.0,22000.0,2001.0,USAID,Pay per use,,Motorized Pump,,
,Well,,,27000.0,1990.0,Red Cross,,34.0,Motorized Pump,"(-23.024573049090602, 22.80575562463391)",
,Lake,Contaminated,52.0,25000.0,2000.0,,Free,24.0,Motorized Pump,"(-17.982578479326357, 26.65083867047656)",Not Functioning
WP3316,Well,Contaminated,45.0,18000.0,2002.0,USAID,Pay per use,22.0,Motorized Pump,,Not Functioning
WP3317,Well,Contaminated,49.0,,2014.0,Red Cross,Pay per use,,Motorized Pump,"(-22.685416054890084, 21.230033890057282)",Functioning
,Lake,Contaminated,39.0,,,,Free,31.0,Motorized Pump,"(-22.623324512148507, 23.866797115597173)",Functioning
WP3319,Lake,,32.0,24000.0,1995.0,Red Cross,Pay per use,,Hand Pump,"(-22.077817414595057, 24.543980431986895)",Not Functioning
WP3320,Well,,44.0,25000.0,,Red Cross,Free,7.0,Motorized Pump,"(-23.3965190164097, 26.21800177535519)",Not Functioning
,Lake,Contaminated,39.0,20000.0,1998.0,USAID,Free,26.0,Motorized Pump,"(-20.579858288636853, 20.417169306247967)",Not Functioning
WP3322,Lake,Clean,37.0,24000.0,2013.0,UNICEF,Pay per use,11.0,Solar Pump,"(-22.677417039340693, 26.122991488663505)",Not Functioning
WP3323,Lake,Contaminated,40.0,22000.0,2010.0,Oxfam,Pay per use,14.0,Motorized Pump,"(-18.39908935662694, 26.669931212060536)",Not Functioning
WP3324,Well,Contaminated,40.0,24000.0,2020.0,USAID,Pay per use,,Motorized Pump,"(-21.009343080364552, 27.43045916971519)",Not Functioning
WP3325,Lake,Contaminated,37.0,30000.0,2010.0,,Free,14.0,Solar Pump,"(-18.679707995953645, 21.537468121173323)",Not Functioning
WP3326,,Clean,38.0,,1991.0,USAID,Pay per use,,Solar Pump,"(-21.15135747774602, 22.61655810592404)",Not Functioning
WP3327,Lake,Contaminated,37.0,21000.0,,,,32.0,,"(-20.880951407027624, 19.800134106045114)",Not Functioning
WP3328,,Contaminated,,24000.0,2015.0,USAID,Free,9.0,Motorized Pump,"(-18.814026751530918, 24.747391388226934)",Functioning
,Well,Contaminated,40.0,16000.0,2019.0,Red Cross,Free,5.0,Solar Pump,,Not Functioning
WP3330,Well,Contaminated,43.0,,2004.0,USAID,Free,20.0,Motorized Pump,,Not Functioning
WP3331,Well,Clean,50.0,22000.0,2012.0,Red Cross,Free,12.0,,"(-22.107497172033792, 21.854275637484314)",Functioning
,Well,Contaminated,41.0,25000.0,2017.0,UNICEF,Free,7.0,,"(-19.846813584799072, 26.302152226951836)",Not Functioning
WP3333,Lake,Contaminated,39.0,18000.0,1996.0,,Pay per use,28.0,Solar Pump,"(-22.43071808367689, 22.900409031574767)",Not Functioning
WP3334,Well,Contaminated,46.0,27000.0,2017.0,,Free,7.0,Motorized Pump,"(-20.82438050489129, 21.156500797474724)",Not Functioning
WP3335,Lake,Contaminated,42.0,29000.0,2012.0,USAID,Free,12.0,Hand Pump,"(-21.101979712203033, 23.061433878616395)",Not Functioning
WP3336,Lake,Contaminated,,27000.0,,,Free,27.0,Hand Pump,"(-20.710083124726115, 22.32462238226912)",Not Functioning
WP3337,Lake,,34.0,22000.0,2007.0,Red Cross,Pay per use,17.0,Motorized Pump,"(-18.61687460357323, 27.508133499831974)",Not Functioning
,Lake,Contaminated,43.0,,1995.0,Red Cross,Free,29.0,Motorized Pump,"(-22.7383589756409, 22.214429645630748)",Not Functioning
,Lake,Clean,34.0,,2019.0,USAID,Pay per use,5.0,Solar Pump,"(-22.054313369404724, 21.39689308562534)",Not Functioning
WP3340,Well,Clean,54.0,27000.0,2011.0,USAID,Free,13.0,Motorized Pump,"(-20.911854669790223, 19.766240010740812)",Not Functioning
WP3341,,Contaminated,,21000.0,2008.0,,Free,16.0,Motorized Pump,,Functioning
WP3342,,Contaminated,32.0,25000.0,1991.0,USAID,Free,33.0,Solar Pump,"(-17.653735619100623, 28.861585500932964)",Not Functioning
WP3343,Well,Clean,52.0,27000.0,,USAID,Pay per use,21.0,Solar Pump,"(-20.603692256892995, 19.89946971703727)",Not Functioning
,Lake,Contaminated,49.0,26000.0,2001.0,,Free,23.0,Solar Pump,"(-17.886494595197753, 27.89612290471764)",Not Functioning
WP3345,Lake,Contaminated,,27000.0,2015.0,USAID,,9.0,Solar Pump,,Not Functioning
WP3346,,Contaminated,47.0,28000.0,2001.0,USAID,Free,23.0,Motorized Pump,"(-19.629395232839443, 25.276762729780437)",Not Functioning
WP3347,River,Contaminated,,24000.0,2013.0,USAID,Free,11.0,Hand Pump,"(-22.37828868318049, 24.29242421529808)",Not Functioning
WP3348,Well,Contaminated,40.0,26000.0,1991.0,,,,Motorized Pump,"(-19.62477560982592, 28.083160834412872)",Not Functioning
WP3349,,Clean,33.0,24000.0,2014.0,Red Cross,Free,10.0,,"(-20.88840707160791, 24.013032734881538)",Not Functioning
WP3350,River,Contaminated,32.0,23000.0,2009.0,Red Cross,,15.0,Motorized Pump,,Not Functioning
,Borehole,Contaminated,46.0,21000.0,1995.0,Red Cross,Free,29.0,Motorized Pump,"(-19.71849192962059, 25.354547934851063)",Functioning
WP3352,Well,,57.0,,2014.0,USAID,Pay per use,10.0,Hand Pump,,Functioning
WP3353,Lake,Clean,46.0,23000.0,,UNICEF,Pay per use,32.0,Motorized Pump,"(-23.79630120564881, 20.51627336320856)",Not Functioning
WP3354,,Contaminated,,24000.0,1992.0,USAID,,32.0,Motorized Pump,"(-23.371431928829452, 21.642451737760943)",Not Functioning
WP3355,River,Contaminated,47.0,19000.0,,USAID,Pay per use,,Motorized Pump,"(-18.522219840597476, 24.357858334202376)",Functioning
,Well,Contaminated,36.0,24000.0,2005.0,Red Cross,Free,19.0,,"(-19.727875891521677, 25.165618470564535)",Not Functioning
,,Contaminated,51.0,26000.0,,Oxfam,Pay per use,15.0,Motorized Pump,,Not Functioning
WP3358,Lake,Clean,51.0,21000.0,2007.0,USAID,Free,17.0,Solar Pump,"(-18.088398054795796, 28.729713565189698)",
WP3359,Well,Contaminated,,,2020.0,Red Cross,Pay per use,,Motorized Pump,"(-20.679956079138947, 22.60690693355145)",Not Functioning
WP3360,River,Contaminated,42.0,26000.0,2007.0,UNICEF,Free,17.0,Solar Pump,"(-18.997454623531247, 25.084277529813633)",
WP3361,Well,Contaminated,,18000.0,1994.0,USAID,Pay per use,30.0,Motorized Pump,"(-23.79738545181787, 19.209487121534416)",Functioning
WP3362,Well,Contaminated,40.0,21000.0,1996.0,USAID,Pay per use,28.0,Motorized Pump,,Functioning
WP3363,Well,Contaminated,35.0,,2012.0,Oxfam,Free,,Hand Pump,,Not Functioning
WP3364,,Contaminated,,27000.0,,USAID,Free,4.0,Solar Pump,"(-21.85562849906067, 25.68589428721773)",Not Functioning
WP3365,Well,Clean,25.0,24000.0,1998.0,Red Cross,Pay per use,26.0,Solar Pump,"(-19.972402634976334, 26.40660902759865)",
WP3366,Well,Contaminated,42.0,26000.0,2009.0,Red Cross,Free,15.0,,"(-22.78358017019119, 22.654483836837144)",Not Functioning
WP3367,Well,Contaminated,36.0,23000.0,2014.0,Red Cross,Free,10.0,,"(-19.324509407958146, 24.396927713720483)",Not Functioning
WP3368,Borehole,Contaminated,44.0,21000.0,2006.0,,Pay per use,18.0,Solar Pump,"(-21.47093247649824, 22.721195119256745)",Not Functioning
WP3369,,Clean,47.0,25000.0,,USAID,Free,14.0,Solar Pump,"(-23.30322101415, 23.9852988826496)",Not Functioning
WP3370,Well,Clean,33.0,25000.0,2018.0,Red Cross,Free,6.0,,"(-23.575144964708624, 23.49774071560268)",Not Functioning
WP3371,Well,Contaminated,38.0,,2013.0,,Free,11.0,Solar Pump,"(-23.652857315924617, 20.479643017662315)",Not Functioning
WP3372,Lake,,52.0,24000.0,2010.0,Red Cross,Free,14.0,Motorized Pump,"(-19.374054107503706, 28.768108607047473)",Not Functioning
WP3373,Well,Clean,41.0,25000.0,2018.0,Red Cross,Pay per use,,Solar Pump,"(-21.687880525777874, 25.89473145673819)",Not Functioning
WP3374,,Contaminated,42.0,27000.0,1991.0,,Free,33.0,Motorized Pump,"(-18.294329455580588, 25.59469305569693)",Functioning
,Well,Clean,40.0,23000.0,1995.0,Red Cross,Free,29.0,Motorized Pump,"(-21.014306208685113, 21.989757951109453)",
WP3376,Borehole,Contaminated,39.0,23000.0,2011.0,,Free,13.0,Motorized Pump,"(-18.415518221070954, 24.492618909948142)",Not Functioning
WP3377,Well,Clean,38.0,21000.0,1995.0,Oxfam,Pay per use,,Solar Pump,"(-18.79586019896683, 28.281791974798423)",
WP3378,,Clean,43.0,23000.0,2008.0,Red Cross,Pay per use,16.0,Solar Pump,"(-22.662450650862965, 22.98010552491188)",Not Functioning
WP3379,Well,Contaminated,,22000.0,2004.0,Red Cross,Pay per use,20.0,Motorized Pump,"(-19.697465242265295, 26.343173059932965)",Not Functioning
,Well,Clean,52.0,20000.0,2012.0,Red Cross,Free,12.0,Solar Pump,"(-18.28384477169618, 24.675311472138176)",Not Functioning
WP3381,Well,Contaminated,33.0,23000.0,,Red Cross,Pay per use,9.0,Motorized Pump,"(-21.752819926888325, 24.26747420386708)",Not Functioning
WP3382,Well,Contaminated,36.0,24000.0,2001.0,USAID,Free,23.0,Solar Pump,"(-22.057967437889502, 24.64846029071505)",Not Functioning
WP3383,Well,Contaminated,33.0,25000.0,2020.0,Red Cross,Free,,Motorized Pump,"(-20.85053719408064, 23.465716065147195)",Not Functioning
WP3384,Well,Contaminated,49.0,31000.0,2014.0,Oxfam,,,Motorized Pump,"(-20.898052707201575, 19.126877637845897)",Not Functioning
WP3385,Well,Clean,38.0,25000.0,2014.0,Oxfam,Free,10.0,Solar Pump,,Not Functioning
,River,Contaminated,45.0,,2000.0,Red Cross,Free,24.0,Motorized Pump,"(-21.727395010223155, 22.440217755674965)",Not Functioning
WP3387,Well,Contaminated,48.0,22000.0,2010.0,USAID,Free,14.0,Solar Pump,,Not Functioning
WP3388,,Contaminated,46.0,24000.0,2007.0,USAID,Pay per use,17.0,Solar Pump,"(-21.92156179972776, 22.00170697551273)",Not Functioning
,Well,Contaminated,31.0,22000.0,2001.0,Red Cross,Free,23.0,Motorized Pump,"(-17.505936595499684, 25.328664911438498)",Not Functioning
WP3390,,Clean,53.0,17000.0,1994.0,USAID,Free,,,"(-20.532718990538957, 20.587810324297028)",
WP3391,,Contaminated,,25000.0,2018.0,USAID,Free,6.0,Solar Pump,"(-21.610079439273026, 21.761490156076626)",Not Functioning
WP3392,Well,Contaminated,37.0,,2011.0,Red Cross,Free,,Solar Pump,"(-21.02213293546335, 22.750764030995263)",Not Functioning
,Well,Contaminated,42.0,25000.0,2000.0,Red Cross,Free,24.0,Motorized Pump,"(-21.022981196378566, 24.14354866535941)",Functioning
,Well,Clean,,23000.0,2020.0,USAID,Free,4.0,Motorized Pump,"(-23.798370188884576, 20.667343333082716)",Not Functioning
,Well,Contaminated,46.0,22000.0,2008.0,USAID,Free,16.0,Solar Pump,"(-21.086623223766498, 19.604416141249132)",Not Functioning
WP3396,Well,Contaminated,35.0,25000.0,2019.0,Oxfam,Pay per use,5.0,Solar Pump,"(-21.42442188111709, 21.687499658664265)",Not Functioning
WP3397,Well,Contaminated,,24000.0,1998.0,USAID,Free,26.0,,"(-22.551978598578927, 26.135399172948556)",Not Functioning
WP3398,Lake,,,19000.0,2016.0,UNICEF,Pay per use,8.0,Motorized Pump,"(-20.747231339999544, 26.818172077213422)",Not Functioning
,,Contaminated,36.0,28000.0,2004.0,USAID,,20.0,Motorized Pump,,Functioning
,Well,Contaminated,,18000.0,2012.0,Red Cross,Free,12.0,Motorized Pump,,Not Functioning
WP3401,,,44.0,26000.0,,Oxfam,Free,14.0,Motorized Pump,"(-22.408399108974475, 19.215318242206365)",Functioning
WP3402,,Clean,43.0,19000.0,2006.0,Red Cross,Pay per use,18.0,Motorized Pump,"(-19.510161336817696, 25.658228274999594)",Not Functioning
WP3403,,Contaminated,55.0,24000.0,2008.0,,Free,16.0,Motorized Pump,"(-23.296684246515316, 19.46651296564177)",Functioning
WP3404,,Clean,46.0,21000.0,,Red Cross,Free,29.0,,"(-22.53197506281667, 19.631210536678914)",Functioning
WP3405,Lake,Contaminated,,,1993.0,USAID,Pay per use,31.0,,"(-19.34455320470299, 23.21626407778468)",Not Functioning
WP3406,Lake,Contaminated,38.0,26000.0,1997.0,,Free,27.0,Motorized Pump,"(-18.768160812511123, 26.263643684647352)",Functioning
,Well,Contaminated,34.0,22000.0,2014.0,UNICEF,Free,10.0,Motorized Pump,"(-21.7355769428069, 21.596052742148157)",Not Functioning
,Well,Clean,31.0,22000.0,1992.0,,Free,,Solar Pump,"(-21.923410287572448, 25.576219897015925)",Not Functioning
WP3409,Well,Contaminated,,24000.0,2016.0,USAID,,8.0,Motorized Pump,"(-21.573757679785324, 22.759401614633)",Functioning
WP3410,Well,Contaminated,,17000.0,2003.0,,Pay per use,21.0,Motorized Pump,"(-18.215351390484905, 24.63677410414311)",Not Functioning
WP3411,Borehole,Contaminated,46.0,26000.0,2001.0,Red Cross,Free,23.0,Solar Pump,"(-23.388456232936413, 24.002183986110975)",Not Functioning
WP3412,Well,,,26000.0,,Red Cross,Pay per use,4.0,Motorized Pump,"(-23.76760057447409, 20.432352926717115)",Not Functioning
WP3413,Well,Clean,45.0,,2018.0,Red Cross,Free,6.0,Motorized Pump,"(-19.825937397536922, 27.934904951227185)",Not Functioning
WP3414,Well,Clean,34.0,21000.0,2009.0,Oxfam,Free,15.0,Solar Pump,"(-22.118392122909654, 22.121194520906112)",
WP3415,River,Contaminated,39.0,26000.0,2015.0,USAID,Free,9.0,Motorized Pump,"(-21.363937159001203, 23.289899858358993)",Functioning
,Lake,Contaminated,37.0,29000.0,2003.0,USAID,Free,21.0,Motorized Pump,"(-20.07143443831874, 19.02058453887958)",Not Functioning
WP3417,Borehole,Clean,,25000.0,2012.0,Oxfam,Pay per use,12.0,,"(-21.58266420853519, 26.787925034931447)",Not Functioning
WP3418,Well,Contaminated,,18000.0,2001.0,UNICEF,Pay per use,23.0,Motorized Pump,"(-19.58598858496342, 28.10079597467722)",Not Functioning
,,,32.0,22000.0,2006.0,USAID,,,Motorized Pump,"(-23.366567510488423, 21.47477512996864)",Not Functioning
,River,Contaminated,39.0,24000.0,2000.0,,Free,24.0,Motorized Pump,"(-22.46300229489328, 19.623872325929128)",Functioning
WP3421,River,Clean,45.0,23000.0,2017.0,Red Cross,,,Motorized Pump,"(-21.794336393672793, 21.92837733691483)",Not Functioning
WP3422,Well,Contaminated,40.0,27000.0,2006.0,Red Cross,Free,18.0,,"(-21.846036690084947, 22.371564577298276)",Functioning
WP3423,,Contaminated,44.0,26000.0,1990.0,Red Cross,Free,34.0,Motorized Pump,"(-20.659305899940424, 22.517418655283514)",Functioning
,,Contaminated,42.0,22000.0,2011.0,USAID,Free,13.0,Motorized Pump,"(-23.90560705159234, 22.787263707490442)",Not Functioning
WP3425,Well,Contaminated,49.0,21000.0,2020.0,Red Cross,,4.0,Motorized Pump,"(-19.05198102108019, 24.278395017892144)",Not Functioning
WP3426,Borehole,Contaminated,46.0,26000.0,2014.0,Oxfam,Pay per use,10.0,Hand Pump,"(-19.514700028758895, 27.669588118057025)",Functioning
WP3427,Lake,Contaminated,40.0,20000.0,1999.0,,,,Motorized Pump,"(-23.613359904635328, 21.748659790654695)",Not Functioning
WP3428,Lake,Contaminated,55.0,,,UNICEF,Free,,Motorized Pump,"(-21.042850681407963, 23.73073006296416)",
WP3429,Well,Contaminated,39.0,21000.0,2000.0,Red Cross,Free,24.0,Motorized Pump,"(-22.50324778586143, 19.503883480152233)",Functioning
WP3430,Lake,Contaminated,44.0,21000.0,2010.0,Red Cross,Free,14.0,,"(-18.493951058084814, 25.577848554536086)",
WP3431,Well,Contaminated,,22000.0,1992.0,Oxfam,Free,32.0,Motorized Pump,"(-22.279290513038834, 22.58559295875884)",Functioning
WP3432,Well,Contaminated,,23000.0,,Red Cross,Free,18.0,Motorized Pump,"(-21.504403411334668, 27.314017606386773)",Not Functioning
WP3433,Lake,Contaminated,50.0,23000.0,2014.0,Red Cross,Free,,Hand Pump,"(-22.5721395427075, 20.57696852453783)",Not Functioning
WP3434,Well,Clean,52.0,26000.0,2019.0,Red Cross,Free,5.0,Solar Pump,"(-23.914015097231804, 24.920099348583804)",Not Functioning
WP3435,,Clean,37.0,23000.0,2004.0,Red Cross,Free,20.0,Motorized Pump,"(-20.38076946877878, 26.752220297692237)",Not Functioning
,Borehole,Contaminated,38.0,,2016.0,USAID,Free,8.0,Motorized Pump,"(-19.551871392978835, 27.8534796413034)",Functioning
WP3437,Well,Clean,35.0,25000.0,,USAID,,,Motorized Pump,"(-20.609375671271273, 24.965267464253493)",
,,Contaminated,41.0,23000.0,,Oxfam,Pay per use,33.0,,"(-20.897770099000144, 25.296421254991674)",Not Functioning
WP3439,Well,,44.0,22000.0,2007.0,World Bank,Pay per use,17.0,,,Functioning
WP3440,Well,Contaminated,41.0,26000.0,2013.0,USAID,Free,11.0,Motorized Pump,"(-18.206299380929075, 24.27378172452326)",Functioning
WP3441,River,Contaminated,54.0,,2016.0,USAID,Free,8.0,Motorized Pump,"(-22.207282937688127, 20.907816152205733)",Functioning
WP3442,,Contaminated,,22000.0,1999.0,Red Cross,Free,25.0,Motorized Pump,"(-22.423679491747546, 21.634908250886504)",Functioning
WP3443,,Contaminated,52.0,25000.0,2012.0,Red Cross,Pay per use,,,"(-20.902880828269424, 22.810799776314646)",Not Functioning
WP3444,Lake,Contaminated,41.0,,2003.0,UNICEF,,21.0,Solar Pump,,Not Functioning
,Well,Contaminated,45.0,19000.0,1993.0,UNICEF,Free,31.0,Solar Pump,"(-18.565565322974226, 24.741680297921327)",Functioning
WP3446,River,Contaminated,42.0,29000.0,1995.0,UNICEF,Free,29.0,Solar Pump,"(-23.293211041981504, 20.56483727898261)",Not Functioning
WP3447,Lake,Contaminated,36.0,26000.0,2004.0,Red Cross,Pay per use,20.0,Solar Pump,,Not Functioning
WP3448,Well,Contaminated,45.0,26000.0,2000.0,UNICEF,Pay per use,,Solar Pump,"(-23.973573729923718, 19.769859060149024)",Not Functioning
WP3449,,,,25000.0,1996.0,USAID,Pay per use,28.0,Motorized Pump,"(-17.99624316560568, 28.71311565086694)",Not Functioning
WP3450,Lake,,46.0,24000.0,2006.0,Red Cross,,18.0,Motorized Pump,,Not Functioning
WP3451,,Clean,39.0,22000.0,2009.0,USAID,,,Motorized Pump,,Not Functioning
WP3452,Well,Contaminated,45.0,22000.0,2000.0,UNICEF,Pay per use,,Motorized Pump,"(-22.28539192528697, 28.866064134938625)",Functioning
,Lake,Clean,42.0,22000.0,1999.0,USAID,Pay per use,25.0,Hand Pump,"(-21.35677824445363, 22.787818260722418)",
,Well,Contaminated,,,2005.0,Red Cross,Free,19.0,Solar Pump,"(-22.563609638251016, 24.17144141356804)",Not Functioning
WP3455,Well,Contaminated,41.0,,2010.0,Red Cross,Free,14.0,Motorized Pump,"(-17.556213183610797, 20.363338827890107)",Functioning
,Lake,Contaminated,41.0,20000.0,2015.0,USAID,Pay per use,9.0,Motorized Pump,"(-20.63922174862133, 21.622692275381752)",Not Functioning
WP3457,,Contaminated,48.0,22000.0,2005.0,,Pay per use,19.0,,"(-21.768325165385768, 24.288707351189213)",
WP3458,Lake,Contaminated,39.0,,1996.0,Oxfam,,28.0,Hand Pump,"(-21.51152649850573, 20.853489151447093)",Not Functioning
WP3459,Lake,Clean,33.0,,2017.0,,Free,7.0,Motorized Pump,"(-22.196483710978686, 22.888569864167355)",Not Functioning
WP3460,Well,Clean,42.0,20000.0,1991.0,,Free,,Motorized Pump,"(-23.932552277628968, 19.709706055391344)",Not Functioning
WP3461,Well,Contaminated,45.0,18000.0,2003.0,Red Cross,Free,,Solar Pump,"(-19.47330134423648, 25.011140133294987)",Not Functioning
WP3462,,Contaminated,,21000.0,1997.0,Oxfam,Free,27.0,,,Not Functioning
WP3463,Well,Contaminated,,23000.0,2001.0,,Free,23.0,Solar Pump,"(-21.287692893383838, 25.72434101072428)",
,Well,Contaminated,38.0,25000.0,2007.0,USAID,Pay per use,17.0,Motorized Pump,"(-17.56831903189044, 25.521807798300745)",Not Functioning
WP3465,Well,,49.0,28000.0,,UNICEF,Pay per use,,Solar Pump,"(-18.357967988003423, 22.163219350734252)",Functioning
,Well,Contaminated,50.0,28000.0,2005.0,Red Cross,Free,19.0,Motorized Pump,,Functioning
WP3467,River,,,,2013.0,Red Cross,,11.0,,"(-21.198656890590364, 26.651239542109963)",Not Functioning
WP3468,Well,Clean,39.0,23000.0,2007.0,USAID,,17.0,,,Not Functioning
WP3469,,Contaminated,26.0,25000.0,2008.0,Red Cross,Free,16.0,Hand Pump,"(-23.828294145749005, 19.199366631937217)",Functioning
WP3470,Borehole,Contaminated,47.0,21000.0,2009.0,USAID,Free,15.0,Solar Pump,"(-19.75620481303007, 27.679116616611708)",Not Functioning
WP3471,Well,Contaminated,41.0,23000.0,1991.0,USAID,Pay per use,33.0,,"(-19.388054892503632, 28.579715016760623)",Not Functioning
WP3472,Well,Contaminated,41.0,28000.0,2004.0,UNICEF,Free,20.0,,"(-20.59731572315026, 26.78607778853137)",Not Functioning
WP3473,Well,Contaminated,56.0,21000.0,2007.0,USAID,Free,17.0,Solar Pump,"(-18.161504574174373, 27.039681876837268)",Not Functioning
WP3474,Lake,Contaminated,34.0,24000.0,1993.0,Red Cross,Pay per use,31.0,Motorized Pump,"(-21.774928796015825, 19.16418951332538)",Not Functioning
WP3475,Well,Contaminated,41.0,21000.0,2013.0,USAID,,11.0,Motorized Pump,"(-23.172964643892655, 24.735801787170228)",Functioning
,Lake,Contaminated,,25000.0,2012.0,Red Cross,Pay per use,12.0,Motorized Pump,"(-22.694565621324262, 20.439210474788013)",Not Functioning
WP3477,Well,Contaminated,45.0,25000.0,1999.0,Red Cross,Free,,Motorized Pump,"(-17.927390867825512, 28.230445663396257)",Not Functioning
WP3478,,Contaminated,,24000.0,,Red Cross,Free,16.0,Solar Pump,"(-23.91828560149898, 21.24530560119277)",Not Functioning
WP3479,Well,Contaminated,,23000.0,2002.0,,Free,,,"(-23.3253988506793, 24.890110375649524)",Not Functioning
,Well,,,20000.0,,Red Cross,Free,21.0,Hand Pump,"(-21.341511141089516, 21.253704429588495)",Functioning
WP3481,Well,Contaminated,40.0,19000.0,2020.0,Red Cross,Free,4.0,Solar Pump,"(-19.30185660307469, 24.58374643645017)",Not Functioning
WP3482,Well,Clean,44.0,25000.0,2000.0,Red Cross,Pay per use,24.0,Motorized Pump,"(-22.244669576857653, 23.193265504832777)",Not Functioning
,Well,Contaminated,36.0,29000.0,1995.0,Red Cross,Free,29.0,,"(-21.864294071471626, 26.141426785881446)",Not Functioning
WP3484,Well,Contaminated,38.0,20000.0,2020.0,UNICEF,Free,,Motorized Pump,"(-21.825775389126818, 26.60277073317471)",Not Functioning
WP3485,,Contaminated,51.0,28000.0,2009.0,USAID,Pay per use,,Hand Pump,"(-23.018512039081592, 21.870990732910723)",
,Well,Contaminated,44.0,26000.0,2006.0,Red Cross,Pay per use,,,"(-19.1824304797102, 27.118556908001537)",
WP3487,Well,Contaminated,40.0,26000.0,2000.0,Red Cross,Free,24.0,Solar Pump,"(-19.611639204453642, 26.441461483620063)",Not Functioning
WP3488,Well,Contaminated,38.0,31000.0,1995.0,,Free,29.0,,"(-19.478929988539242, 28.966440311081975)",Not Functioning
,Well,Contaminated,47.0,23000.0,2010.0,,Free,14.0,Motorized Pump,"(-18.271097033568296, 26.631307716031866)",Functioning
WP3490,Lake,Contaminated,,26000.0,2012.0,Red Cross,Free,12.0,Solar Pump,"(-19.432383230909284, 26.245749900400423)",Not Functioning
WP3491,,Contaminated,,25000.0,2006.0,USAID,Free,18.0,Motorized Pump,"(-21.238348073919653, 25.316403861181104)",Not Functioning
WP3492,,Contaminated,47.0,,2005.0,USAID,Free,19.0,Solar Pump,,Not Functioning
,Well,Clean,52.0,26000.0,1990.0,Red Cross,Pay per use,34.0,Motorized Pump,"(-19.283415709483545, 24.95341880352961)",Not Functioning
WP3494,Well,Contaminated,25.0,25000.0,1994.0,Red Cross,Free,,Hand Pump,"(-20.854198893763353, 23.23700904603033)",Functioning
,Lake,Contaminated,38.0,23000.0,1999.0,Red Cross,Free,25.0,Motorized Pump,"(-22.07457261125203, 26.479626789433308)",Not Functioning
WP3496,Well,Contaminated,,18000.0,2004.0,UNICEF,Free,,Hand Pump,"(-18.212030004442735, 24.355889418496517)",Not Functioning
WP3497,Lake,Clean,,25000.0,,USAID,Free,10.0,Solar Pump,"(-18.883710449135354, 24.542215232001965)",Not Functioning
,Well,Clean,,21000.0,1990.0,Oxfam,Free,,Solar Pump,"(-21.645670412708867, 20.481136404533604)",Not Functioning
WP3499,Well,Contaminated,37.0,26000.0,2008.0,Red Cross,Pay per use,16.0,Motorized Pump,,Not Functioning
WP3500,Lake,Contaminated,44.0,26000.0,1996.0,,Pay per use,28.0,Solar Pump,"(-21.364027395199493, 22.955407254448723)",Not Functioning
WP3501,Well,Contaminated,43.0,27000.0,2009.0,USAID,Free,15.0,Motorized Pump,"(-22.510538127245574, 26.46440091801475)",Functioning
WP3502,Lake,Contaminated,33.0,,1998.0,,,,Motorized Pump,"(-18.96672613469817, 27.796133759385864)",Not Functioning
WP3503,Well,Contaminated,39.0,22000.0,2020.0,,Pay per use,4.0,Hand Pump,"(-20.180274082018734, 25.91190975284668)",Functioning
WP3504,Well,Clean,38.0,23000.0,2015.0,Oxfam,Free,9.0,Solar Pump,,Not Functioning
WP3505,Well,Contaminated,42.0,26000.0,2020.0,Red Cross,Free,4.0,Motorized Pump,"(-18.19996336159538, 26.950823388452335)",Not Functioning
WP3506,Lake,,35.0,21000.0,,Oxfam,,17.0,Motorized Pump,"(-22.986440300698508, 26.713736582411173)",Not Functioning
WP3507,River,,38.0,22000.0,,Red Cross,Free,31.0,Hand Pump,"(-23.253047799634086, 20.34778096575154)",Not Functioning
WP3508,Well,Clean,40.0,22000.0,2007.0,Red Cross,Free,,Solar Pump,"(-18.590846638389234, 25.984777440279405)",Not Functioning
WP3509,Borehole,Contaminated,,22000.0,2002.0,USAID,Free,,Solar Pump,"(-18.927744806630585, 27.457180842290025)",Not Functioning
,Well,Clean,40.0,,2003.0,Red Cross,Free,21.0,Solar Pump,,Not Functioning
,Well,Contaminated,,19000.0,1996.0,Red Cross,Pay per use,28.0,,"(-20.498284482153366, 27.0501849779246)",Not Functioning
WP3512,,,28.0,19000.0,2013.0,,Free,,Solar Pump,"(-19.423227570403142, 26.303883737080923)",Not Functioning
,Well,,46.0,28000.0,1992.0,,Free,32.0,Solar Pump,"(-23.86374700355181, 21.30449050287103)",Not Functioning
WP3514,Well,Contaminated,38.0,29000.0,1997.0,World Bank,Pay per use,27.0,Motorized Pump,"(-21.135988985213807, 20.177473052590532)",Not Functioning
WP3515,,Clean,,25000.0,2006.0,USAID,Free,,Motorized Pump,,Not Functioning
WP3516,Well,Contaminated,34.0,24000.0,2008.0,USAID,Free,,Motorized Pump,"(-20.734059184647244, 20.53107723173088)",Not Functioning
WP3517,Lake,,,21000.0,1998.0,,Pay per use,26.0,Motorized Pump,"(-23.258139804516027, 20.543656002261116)",Not Functioning
WP3518,Well,,32.0,30000.0,2009.0,Oxfam,Pay per use,15.0,Motorized Pump,"(-20.899810905071533, 26.72789093922878)",
WP3519,Lake,Contaminated,32.0,21000.0,1998.0,,Free,26.0,Motorized Pump,,Not Functioning
WP3520,Well,Contaminated,29.0,22000.0,2020.0,Red Cross,Free,4.0,Solar Pump,"(-18.241807592910135, 26.53910325267521)",Not Functioning
WP3521,Well,,43.0,23000.0,2000.0,USAID,Free,,Solar Pump,,Not Functioning
WP3522,Well,Clean,45.0,25000.0,2004.0,USAID,Free,20.0,,"(-19.2722055571095, 25.915467323675365)",Not Functioning
WP3523,Well,Contaminated,43.0,23000.0,2003.0,Red Cross,Free,21.0,Motorized Pump,"(-17.568156066031698, 28.802752789034407)",Functioning
,,Contaminated,39.0,22000.0,1990.0,Red Cross,Free,34.0,Motorized Pump,"(-18.687012373799938, 25.246437831728663)",Not Functioning
WP3525,Well,Contaminated,41.0,,2004.0,USAID,,20.0,Motorized Pump,"(-19.316887040899964, 26.910556300676227)",Functioning
WP3526,Borehole,Clean,37.0,28000.0,2015.0,,Free,9.0,Motorized Pump,"(-22.86838714874691, 21.629439643016646)",Not Functioning
WP3527,Lake,Contaminated,36.0,24000.0,1990.0,UNICEF,,34.0,Hand Pump,"(-17.773626694597084, 28.51307042038749)",Not Functioning
WP3528,Well,Contaminated,44.0,27000.0,1991.0,USAID,Pay per use,33.0,Solar Pump,"(-17.57888484846957, 24.53873050031243)",Not Functioning
WP3529,Well,Contaminated,57.0,23000.0,,Red Cross,Pay per use,11.0,,,Not Functioning
WP3530,Borehole,,,27000.0,2008.0,Red Cross,Free,16.0,Solar Pump,"(-17.927473676856685, 28.362938609542205)",Not Functioning
WP3531,Well,Contaminated,47.0,28000.0,2010.0,USAID,Free,,Hand Pump,"(-22.220595546359437, 21.043577842325366)",Functioning
WP3532,Well,Clean,,,2004.0,Red Cross,Pay per use,20.0,Motorized Pump,"(-21.677784083523154, 26.0573336989648)",Functioning
WP3533,,Clean,,26000.0,2017.0,UNICEF,Pay per use,,Motorized Pump,"(-19.07171227735469, 26.05060840872457)",Not Functioning
WP3534,Lake,Contaminated,46.0,23000.0,2009.0,UNICEF,,15.0,Motorized Pump,"(-21.610925886094307, 22.013571678664235)",Not Functioning
WP3535,Lake,Clean,46.0,20000.0,1991.0,USAID,Free,33.0,Motorized Pump,,Not Functioning
,Well,Contaminated,44.0,21000.0,2001.0,,Free,23.0,Hand Pump,"(-22.264324710012847, 26.685371172195172)",Functioning
WP3537,Well,Contaminated,36.0,24000.0,1995.0,USAID,Free,29.0,,"(-20.05746474233354, 26.052536972821983)",Not Functioning
WP3538,Borehole,Clean,,19000.0,1992.0,Red Cross,Pay per use,,Solar Pump,"(-19.8006715594476, 25.25387373857003)",Functioning
WP3539,Borehole,Contaminated,48.0,16000.0,1997.0,Red Cross,Free,,Hand Pump,"(-22.15448865236766, 20.914408022684974)",Functioning
WP3540,Well,Clean,43.0,23000.0,2006.0,Red Cross,Pay per use,18.0,,"(-18.46212974133657, 27.13264019668588)",Not Functioning
WP3541,Borehole,Contaminated,48.0,26000.0,1992.0,Red Cross,Pay per use,,,"(-19.5123319290196, 27.4829177943747)",Not Functioning
WP3542,,,39.0,25000.0,2011.0,Red Cross,Pay per use,13.0,,"(-22.651072636405313, 23.50959961915073)",Not Functioning
WP3543,Lake,Contaminated,,28000.0,1995.0,USAID,Free,29.0,Solar Pump,"(-22.106020678255298, 22.712584279214727)",Not Functioning
WP3544,,,,26000.0,2011.0,USAID,Pay per use,,Motorized Pump,"(-21.47308757332784, 25.54388493822269)",Functioning
,Well,Clean,36.0,24000.0,2008.0,Oxfam,,,Motorized Pump,"(-23.653628724786532, 22.361328318280453)",Functioning
WP3546,Well,,38.0,25000.0,2012.0,Oxfam,Free,12.0,Motorized Pump,"(-19.03299177828261, 27.6691423751125)",Functioning
WP3547,,Contaminated,,,2015.0,Red Cross,Free,9.0,Hand Pump,"(-18.015773072370674, 27.984497310499233)",Not Functioning
WP3548,Well,Contaminated,38.0,26000.0,,Red Cross,Free,10.0,Solar Pump,"(-23.1339837031674, 22.500023894959266)",Not Functioning
WP3549,Lake,Contaminated,33.0,,2000.0,UNICEF,Free,24.0,Motorized Pump,"(-21.36400527276227, 21.63250674373632)",Not Functioning
WP3550,Well,Contaminated,,21000.0,1999.0,,Free,25.0,Solar Pump,"(-19.804800303240185, 22.398150636827005)",
WP3551,,Clean,46.0,26000.0,,Oxfam,Pay per use,24.0,,,Not Functioning
WP3552,Well,Contaminated,43.0,22000.0,1992.0,USAID,Free,,Motorized Pump,"(-21.958301825931347, 26.93390254921463)",Functioning
WP3553,Lake,Contaminated,42.0,23000.0,2018.0,Oxfam,Free,,Motorized Pump,"(-20.72937919688823, 26.474859560344644)",Functioning
WP3554,Well,Contaminated,46.0,23000.0,2008.0,Red Cross,,16.0,Motorized Pump,"(-20.083213817628753, 27.048850776138526)",Not Functioning
WP3555,Well,Contaminated,46.0,20000.0,2015.0,USAID,Pay per use,9.0,Motorized Pump,"(-22.64514253692304, 25.386082217542103)",Functioning
WP3556,Well,Contaminated,41.0,28000.0,2016.0,USAID,Free,8.0,Solar Pump,,Not Functioning
WP3557,Well,Contaminated,35.0,27000.0,2010.0,Red Cross,Free,14.0,Motorized Pump,"(-23.569944218772516, 24.403043532069933)",Not Functioning
WP3558,Well,Contaminated,34.0,23000.0,2009.0,USAID,Free,15.0,Motorized Pump,"(-18.77571365237673, 26.647014529185522)",Functioning
WP3559,Well,Contaminated,40.0,23000.0,1999.0,USAID,Free,,Hand Pump,"(-17.756315916916467, 23.75159117482307)",Not Functioning
WP3560,Lake,Contaminated,,24000.0,2010.0,USAID,Free,,Motorized Pump,"(-17.765885559280086, 27.030161379455787)",Not Functioning
WP3561,Well,Contaminated,39.0,25000.0,2016.0,Red Cross,Free,8.0,,"(-19.025326447941094, 28.40892763564397)",Not Functioning
WP3562,Well,Contaminated,39.0,21000.0,1991.0,Red Cross,Free,,Solar Pump,"(-17.519407211507996, 22.927666661869196)",Not Functioning
WP3563,Well,Contaminated,43.0,21000.0,,Red Cross,Free,9.0,Motorized Pump,"(-19.165660299583124, 27.24773113506412)",Not Functioning
WP3564,Lake,,,23000.0,2005.0,Red Cross,Free,19.0,Solar Pump,"(-19.834386680612695, 26.600570694168365)",Not Functioning
WP3565,,Clean,43.0,,1998.0,USAID,Pay per use,26.0,Motorized Pump,"(-19.87091654318222, 27.736691091885064)",Not Functioning
WP3566,Well,Clean,36.0,24000.0,1992.0,,Free,32.0,Solar Pump,"(-21.6322341899478, 24.19579246024821)",Not Functioning
WP3567,Well,Contaminated,32.0,21000.0,,Red Cross,,23.0,Motorized Pump,"(-20.56017909368399, 19.257691223121846)",Not Functioning
WP3568,Well,Contaminated,32.0,23000.0,1995.0,,Free,29.0,,"(-23.07054981341933, 21.318235113206313)",Not Functioning
WP3569,,Contaminated,41.0,,2002.0,Oxfam,Pay per use,22.0,Solar Pump,,Not Functioning
,Well,Contaminated,,25000.0,2017.0,Red Cross,,7.0,Solar Pump,"(-19.873924322384628, 24.42535743737905)",Functioning
WP3571,Well,,44.0,24000.0,2008.0,USAID,Pay per use,16.0,Motorized Pump,"(-22.2084059893216, 21.649614440097885)",Not Functioning
WP3572,Lake,Contaminated,,23000.0,2014.0,Red Cross,Free,,Motorized Pump,"(-23.658216342615205, 21.453068829112947)",Not Functioning
WP3573,Well,Clean,40.0,25000.0,,,Free,24.0,Motorized Pump,"(-19.709050356297382, 28.664511252104337)",Functioning
WP3574,Lake,Contaminated,38.0,23000.0,2015.0,Red Cross,Pay per use,9.0,Motorized Pump,,Not Functioning
WP3575,Lake,,37.0,,1995.0,USAID,Free,29.0,,,Not Functioning
,Well,Contaminated,40.0,26000.0,2019.0,USAID,,5.0,Solar Pump,"(-22.589105415924006, 22.34680244552435)",Functioning
WP3577,Well,Clean,50.0,26000.0,2005.0,Red Cross,Free,19.0,Solar Pump,,Not Functioning
WP3578,River,,43.0,22000.0,2008.0,USAID,Free,16.0,,"(-19.01511140217227, 27.949708488471906)",Not Functioning
,Well,Contaminated,40.0,27000.0,2006.0,Red Cross,Free,18.0,Solar Pump,"(-23.356200431124517, 21.47778160816625)",Not Functioning
WP3580,Well,Clean,29.0,24000.0,,UNICEF,Free,33.0,Hand Pump,"(-18.51987852576749, 27.476685144240385)",Not Functioning
,,Contaminated,,,1995.0,,Free,29.0,Solar Pump,"(-18.19345268242663, 27.398380821058367)",Not Functioning
,,Contaminated,43.0,23000.0,,UNICEF,Free,28.0,Solar Pump,"(-22.05580106070623, 24.077630112787496)",Not Functioning
WP3583,Lake,Contaminated,42.0,24000.0,1996.0,USAID,Free,28.0,Motorized Pump,"(-22.12345888610224, 20.427170556306542)",Not Functioning
WP3584,Lake,Contaminated,33.0,29000.0,2019.0,Red Cross,Free,5.0,,"(-21.735275013600464, 22.54970209433973)",Not Functioning
WP3585,River,,39.0,,1995.0,UNICEF,Free,29.0,,"(-22.842165734024682, 23.972119416294287)",Not Functioning
WP3586,Lake,Clean,44.0,25000.0,1990.0,,Pay per use,,Motorized Pump,,Not Functioning
WP3587,Lake,Contaminated,40.0,23000.0,1999.0,Red Cross,Free,25.0,Solar Pump,"(-23.367928656895373, 26.663089195497417)",Not Functioning
WP3588,Well,Contaminated,33.0,22000.0,2007.0,Red Cross,Free,17.0,Motorized Pump,"(-22.089688673026107, 24.66834634221246)",Not Functioning
WP3589,Well,Contaminated,48.0,24000.0,2000.0,USAID,Free,24.0,Motorized Pump,"(-19.579625834024572, 26.555333321674517)",Functioning
WP3590,Well,Contaminated,43.0,22000.0,2014.0,,Free,10.0,,"(-21.77697054642551, 26.856359847261)",Not Functioning
WP3591,,,44.0,23000.0,2001.0,USAID,Free,,,"(-20.43801881014032, 25.850475625022707)",Not Functioning
WP3592,Well,,43.0,22000.0,1991.0,USAID,Free,,Motorized Pump,"(-20.950309414368547, 22.634813743867817)",Not Functioning
WP3593,Well,Contaminated,,21000.0,2005.0,USAID,Free,19.0,,"(-20.58201081854161, 24.45889829621738)",Functioning
WP3594,River,Contaminated,37.0,25000.0,2005.0,Red Cross,Free,19.0,Solar Pump,"(-22.362878634284275, 20.96963673643051)",Not Functioning
WP3595,Well,Contaminated,38.0,24000.0,1995.0,Oxfam,Free,29.0,Motorized Pump,"(-21.35805919081351, 22.878944420688054)",Not Functioning
,Lake,Contaminated,51.0,,1996.0,,Free,28.0,Motorized Pump,"(-17.751135275816033, 24.726989121512307)",Not Functioning
WP3597,,Clean,,22000.0,1994.0,USAID,Free,30.0,Motorized Pump,,Functioning
,Well,Contaminated,32.0,28000.0,2004.0,,Free,20.0,Solar Pump,"(-17.817089944310677, 27.38222837904014)",
WP3599,,Clean,42.0,,2011.0,UNICEF,Free,13.0,Solar Pump,"(-20.241031255189064, 25.31620805014228)",Not Functioning
WP3600,,Contaminated,45.0,,2002.0,Oxfam,Free,22.0,Motorized Pump,"(-22.951507597201058, 23.731871410863768)",Not Functioning
WP3601,Well,Contaminated,32.0,28000.0,1992.0,UNICEF,Free,,Solar Pump,"(-17.544293593722383, 24.621899215479953)",
WP3602,Lake,Clean,53.0,17000.0,2018.0,Red Cross,Free,6.0,Motorized Pump,"(-19.782083023759895, 27.951937427081674)",Not Functioning
,Lake,Contaminated,37.0,23000.0,2014.0,,Free,10.0,Solar Pump,"(-21.025213308042275, 22.516181791904675)",
WP3604,,Clean,46.0,25000.0,2016.0,UNICEF,Free,8.0,Hand Pump,,
WP3605,,Contaminated,50.0,23000.0,,Red Cross,Free,28.0,Motorized Pump,"(-17.936230795231243, 27.230041507652373)",Not Functioning
,Borehole,Contaminated,46.0,27000.0,2000.0,Oxfam,Free,24.0,Motorized Pump,"(-23.929181669987962, 21.757786768168952)",Functioning
,Well,,39.0,20000.0,2011.0,Red Cross,Free,13.0,,,Not Functioning
WP3608,Well,,38.0,23000.0,2012.0,Red Cross,Pay per use,,Hand Pump,"(-22.620872104540084, 20.45166456479389)",Functioning
WP3609,Well,Contaminated,47.0,28000.0,2007.0,UNICEF,,17.0,,"(-23.280922344821484, 19.824259261812795)",Not Functioning
,Well,Clean,37.0,20000.0,1990.0,USAID,Free,34.0,Motorized Pump,"(-20.99127856373217, 24.504201480101113)",Not Functioning
,Well,Contaminated,50.0,,1996.0,,Free,28.0,,"(-18.811980834648338, 28.012888610169302)",
WP3612,Well,Clean,35.0,29000.0,2006.0,Oxfam,Free,18.0,Motorized Pump,,Not Functioning
WP3613,Lake,Contaminated,36.0,28000.0,,Oxfam,Free,18.0,Motorized Pump,"(-23.64921415696771, 21.204139137077807)",Not Functioning
WP3614,Well,Clean,42.0,20000.0,2000.0,Red Cross,Free,24.0,Solar Pump,"(-19.57969563718507, 27.241221308552696)",Not Functioning
WP3615,Well,Contaminated,35.0,24000.0,2017.0,,,7.0,Solar Pump,"(-20.061069179569618, 24.123397305005867)",Not Functioning
WP3616,Well,Clean,48.0,24000.0,,UNICEF,,7.0,,,Functioning
WP3617,,Contaminated,41.0,20000.0,,Red Cross,Free,4.0,Motorized Pump,"(-19.169184519115785, 24.67752339647723)",Not Functioning
WP3618,Well,Clean,48.0,22000.0,1995.0,Red Cross,Free,29.0,Motorized Pump,"(-21.851430608154157, 21.468936736658396)",Not Functioning
WP3619,,Contaminated,40.0,22000.0,2016.0,Oxfam,Free,8.0,,"(-23.13720192184334, 25.862686227770936)",Functioning
WP3620,Well,Contaminated,,25000.0,2003.0,Red Cross,Pay per use,21.0,Motorized Pump,"(-23.018991319069585, 25.991919599708055)",Not Functioning
WP3621,Well,Contaminated,31.0,25000.0,1996.0,USAID,,,,"(-23.95408319131099, 20.948628645126878)",Not Functioning
WP3622,Lake,Contaminated,36.0,24000.0,2005.0,USAID,Free,19.0,Motorized Pump,"(-22.572204320593134, 26.979203922469143)",Not Functioning
WP3623,Lake,Contaminated,53.0,22000.0,2013.0,UNICEF,Free,,Motorized Pump,"(-21.976620760860182, 27.736165543389056)",Functioning
WP3624,Lake,Contaminated,32.0,23000.0,2012.0,Red Cross,Free,,Motorized Pump,,Not Functioning
,River,,51.0,,2017.0,USAID,Pay per use,7.0,Motorized Pump,"(-20.287570591840414, 28.656304859628904)",Not Functioning
WP3626,Borehole,Contaminated,42.0,22000.0,2010.0,,Pay per use,14.0,Hand Pump,"(-18.290985321465907, 25.42097897535722)",Not Functioning
WP3627,,Contaminated,41.0,21000.0,2017.0,Red Cross,Pay per use,7.0,Motorized Pump,"(-17.93851178421384, 24.401047044864633)",
WP3628,Lake,Clean,,19000.0,2002.0,Red Cross,Free,22.0,Hand Pump,,Not Functioning
,,Contaminated,44.0,21000.0,,USAID,,11.0,Solar Pump,,Not Functioning
WP3630,,Contaminated,39.0,27000.0,2005.0,Red Cross,,19.0,Solar Pump,"(-17.944170854806263, 26.93568952500525)",Not Functioning
WP3631,Well,Clean,,25000.0,2009.0,Oxfam,Free,15.0,Solar Pump,"(-21.466543216340774, 23.293150729357123)",Not Functioning
,Lake,Contaminated,42.0,26000.0,,Red Cross,Pay per use,29.0,Motorized Pump,"(-21.20723422128913, 27.18354964460371)",Not Functioning
WP3633,Well,Clean,41.0,28000.0,2012.0,USAID,Pay per use,,,"(-23.753231134060368, 21.131000696259985)",Not Functioning
WP3634,Well,,33.0,19000.0,2002.0,Red Cross,Pay per use,,Motorized Pump,"(-20.946438288464538, 25.451823026112194)",Not Functioning
WP3635,,Contaminated,45.0,24000.0,2018.0,UNICEF,Free,6.0,Hand Pump,"(-23.533613941151593, 22.235582531900423)",
WP3636,Well,,23.0,30000.0,2011.0,,Pay per use,,Motorized Pump,"(-19.742932941953036, 27.454364617334424)",Functioning
WP3637,Well,Clean,43.0,27000.0,2003.0,Oxfam,Free,21.0,Solar Pump,"(-19.750652288062284, 21.378072883461538)",Not Functioning
WP3638,Well,Contaminated,50.0,21000.0,2013.0,USAID,Pay per use,11.0,Motorized Pump,"(-18.7231603903298, 24.278636484034013)",Functioning
,Well,Contaminated,42.0,,2014.0,Oxfam,Pay per use,10.0,,"(-22.734439421746053, 19.69766705212391)",Functioning
,Lake,Contaminated,,22000.0,,Red Cross,Pay per use,,Motorized Pump,"(-21.16191211701378, 23.99932874847632)",Not Functioning
,Well,Contaminated,44.0,22000.0,1996.0,USAID,,28.0,Motorized Pump,"(-22.562925747667585, 26.81042678093837)",Functioning
WP3642,Well,Clean,32.0,23000.0,1992.0,Oxfam,Pay per use,32.0,,"(-22.937991155478155, 23.628356423080874)",Not Functioning
WP3643,Lake,Contaminated,37.0,25000.0,2007.0,UNICEF,Free,,Solar Pump,"(-21.690642198352897, 28.646666040023632)",Not Functioning
WP3644,Borehole,Contaminated,46.0,,2010.0,Red Cross,Free,14.0,Solar Pump,,Not Functioning
WP3645,Well,Clean,40.0,24000.0,2014.0,USAID,Free,10.0,Motorized Pump,"(-22.547720538818105, 25.517442858400564)",Not Functioning
WP3646,Lake,Clean,,27000.0,1990.0,USAID,Free,34.0,Hand Pump,"(-18.997830255569692, 27.963201141576512)",Not Functioning
WP3647,Well,Contaminated,49.0,,2007.0,USAID,Free,17.0,Motorized Pump,"(-20.82950490623355, 24.475593650754313)",Not Functioning
WP3648,,Clean,43.0,18000.0,1993.0,UNICEF,Free,31.0,Motorized Pump,"(-20.51055409578205, 27.985056432810598)",Not Functioning
WP3649,Well,Contaminated,46.0,23000.0,2019.0,Oxfam,Free,5.0,Motorized Pump,"(-17.73689007034191, 25.57779183340877)",Functioning
WP3650,,Clean,26.0,21000.0,2009.0,USAID,Free,15.0,Motorized Pump,"(-22.238406579086455, 22.605586111691064)",Not Functioning
WP3651,,,44.0,,1996.0,,Free,28.0,Solar Pump,"(-22.82624793177147, 24.101539970316676)",Not Functioning
,Well,Contaminated,37.0,24000.0,2019.0,Oxfam,Free,,,"(-20.928388141681427, 19.780558325118264)",Not Functioning
WP3653,,Contaminated,36.0,27000.0,2017.0,USAID,Pay per use,,Solar Pump,,
WP3654,Well,Contaminated,37.0,,2020.0,Oxfam,,4.0,Solar Pump,"(-23.714206842683787, 28.34557719269163)",Not Functioning
WP3655,Well,Clean,43.0,23000.0,2007.0,,Free,17.0,Solar Pump,"(-23.31427200803218, 21.872235842919427)",Not Functioning
WP3656,Well,Contaminated,,,1996.0,UNICEF,Free,28.0,Motorized Pump,"(-17.738954781186198, 27.57589721559419)",Functioning
WP3657,Well,Contaminated,43.0,25000.0,2005.0,Red Cross,Free,19.0,Motorized Pump,"(-20.034195555408626, 27.33022201619641)",Not Functioning
WP3658,Well,Clean,48.0,20000.0,2001.0,Red Cross,Free,,Motorized Pump,"(-22.10397219011436, 21.428235695495097)",Not Functioning
WP3659,Well,Contaminated,42.0,26000.0,,World Bank,Free,26.0,Motorized Pump,"(-19.504571817117274, 26.695061343720145)",Not Functioning
WP3660,Borehole,Contaminated,46.0,16000.0,2007.0,Red Cross,,17.0,Motorized Pump,"(-18.014468330049105, 28.876215643215602)",Functioning
WP3661,Borehole,Contaminated,38.0,23000.0,2001.0,USAID,Free,23.0,Motorized Pump,"(-18.80705973181482, 25.490459646808677)",Functioning
WP3662,River,Contaminated,36.0,,2008.0,Red Cross,Free,16.0,Motorized Pump,"(-20.83048390579644, 24.447356574423832)",Not Functioning
,Well,Contaminated,,24000.0,2001.0,USAID,Free,23.0,,"(-23.687107809572733, 22.28413162861422)",Not Functioning
WP3664,Well,Contaminated,42.0,23000.0,2013.0,USAID,Free,11.0,Motorized Pump,"(-23.060923773053467, 22.818849043629264)",Functioning
WP3665,Well,Contaminated,43.0,,2010.0,,Free,,Motorized Pump,"(-22.50943029732042, 25.917274333170077)",Functioning
WP3666,Lake,Clean,34.0,26000.0,2003.0,Red Cross,,21.0,Solar Pump,,
WP3667,Well,Contaminated,42.0,21000.0,2004.0,Red Cross,Free,20.0,Solar Pump,"(-19.94022103971837, 25.48898259924096)",Not Functioning
WP3668,Well,Contaminated,49.0,24000.0,2012.0,,Pay per use,12.0,Motorized Pump,"(-19.240611375621313, 26.528946499936247)",Functioning
,Well,Contaminated,51.0,21000.0,,USAID,Free,5.0,Solar Pump,,Not Functioning
WP3670,Well,Contaminated,43.0,24000.0,2011.0,Red Cross,Free,13.0,Motorized Pump,,Not Functioning
WP3671,,Contaminated,43.0,30000.0,,USAID,,,Solar Pump,"(-22.29653352724091, 21.342002725682047)",
,,,42.0,25000.0,,Oxfam,Free,12.0,Solar Pump,,
WP3673,Well,Contaminated,,21000.0,2019.0,Red Cross,Free,,Motorized Pump,"(-22.042005135231967, 21.72012215631916)",Functioning
WP3674,Well,Contaminated,38.0,,2018.0,,Free,6.0,Motorized Pump,"(-20.73595267146699, 24.437263883019547)",Functioning
WP3675,Well,Contaminated,39.0,28000.0,1998.0,UNICEF,Pay per use,26.0,Motorized Pump,,Functioning
WP3676,,Contaminated,,23000.0,2002.0,Red Cross,Free,22.0,,,Not Functioning
WP3677,Well,Contaminated,44.0,29000.0,1996.0,Red Cross,,28.0,Motorized Pump,"(-19.057044839360334, 27.2997461425737)",Functioning
WP3678,Well,Contaminated,44.0,,2004.0,USAID,Free,20.0,Motorized Pump,,Functioning
WP3679,Well,,34.0,,2008.0,USAID,Pay per use,,Solar Pump,"(-20.720928568452088, 21.218773632318573)",Not Functioning
WP3680,Well,Contaminated,40.0,,2000.0,,Free,24.0,Solar Pump,"(-23.159668719271572, 22.480814703188265)",Functioning
WP3681,,Contaminated,41.0,23000.0,2014.0,Red Cross,Free,10.0,Solar Pump,"(-19.244421390919772, 27.87091812235181)",Not Functioning
WP3682,,Contaminated,30.0,20000.0,2015.0,Red Cross,Free,9.0,Solar Pump,,Not Functioning
WP3683,Well,Contaminated,43.0,25000.0,2011.0,USAID,Free,13.0,Solar Pump,"(-19.79498852546802, 25.932299086061384)",Not Functioning
,Borehole,,,27000.0,2005.0,Red Cross,Free,19.0,Motorized Pump,"(-18.283607674202443, 27.6094465462967)",Functioning
WP3685,Well,Contaminated,40.0,23000.0,2013.0,Red Cross,Free,,Motorized Pump,"(-21.321006299751396, 19.532838660830926)",Not Functioning
WP3686,Lake,Contaminated,45.0,25000.0,2007.0,UNICEF,Free,17.0,Solar Pump,"(-20.026310054024485, 25.752417782017048)",Not Functioning
,Well,,50.0,24000.0,2017.0,Red Cross,Free,7.0,Motorized Pump,"(-23.370324706880368, 22.950417837285624)",Functioning
,,Contaminated,42.0,27000.0,2003.0,Red Cross,,21.0,Motorized Pump,"(-21.90724036579842, 21.899513682686848)",Not Functioning
WP3689,,,42.0,22000.0,2014.0,USAID,Free,10.0,Solar Pump,"(-19.359835731383154, 21.544728100831083)",Not Functioning
,Lake,Clean,42.0,26000.0,,UNICEF,Free,30.0,Motorized Pump,"(-22.093256599174925, 19.897416079483378)",
WP3691,Well,Contaminated,37.0,27000.0,2015.0,USAID,Free,9.0,Motorized Pump,,Not Functioning
WP3692,Well,Contaminated,38.0,27000.0,1997.0,,Free,27.0,Motorized Pump,"(-21.93695882500838, 27.328072129048557)",Not Functioning
WP3693,River,Contaminated,25.0,,2019.0,Red Cross,Free,5.0,Solar Pump,"(-21.165417528292377, 22.40239589655273)",Not Functioning
,,Contaminated,,27000.0,1994.0,USAID,Free,30.0,Solar Pump,"(-17.925224310166655, 19.723166777731933)",Not Functioning
WP3695,River,Contaminated,41.0,,2020.0,USAID,Pay per use,4.0,,"(-17.821363634583598, 24.411899060344016)",Not Functioning
WP3696,Well,Clean,45.0,25000.0,2012.0,USAID,Free,,Motorized Pump,"(-23.015179800629912, 26.550676334493986)",Not Functioning
,Lake,Clean,41.0,25000.0,2002.0,Oxfam,Free,22.0,Motorized Pump,"(-21.744786043434694, 20.898691534918946)",Not Functioning
WP3698,,Clean,,25000.0,2020.0,,Free,4.0,Motorized Pump,"(-19.37033285167708, 24.516588392461923)",Not Functioning
,Borehole,,,26000.0,1991.0,Red Cross,Pay per use,33.0,Solar Pump,"(-18.51097865581162, 25.200466124868896)",Functioning
,,Contaminated,37.0,17000.0,1998.0,Oxfam,Pay per use,26.0,Motorized Pump,"(-20.76256427177852, 22.958118041800816)",Functioning
WP3701,River,,33.0,28000.0,1994.0,Red Cross,Free,30.0,Solar Pump,"(-23.006798573998108, 22.55330057586563)",Not Functioning
WP3702,River,Contaminated,45.0,25000.0,1997.0,Red Cross,Pay per use,27.0,Motorized Pump,"(-20.81542709687207, 26.36949322479727)",
,,Contaminated,30.0,24000.0,2015.0,UNICEF,Pay per use,9.0,Solar Pump,"(-22.503486970908522, 22.124366390611634)",Not Functioning
WP3704,Well,Contaminated,42.0,22000.0,2013.0,Red Cross,Free,11.0,Solar Pump,,Not Functioning
WP3705,Well,,41.0,28000.0,2000.0,Red Cross,Pay per use,24.0,Motorized Pump,"(-18.508618203999788, 27.2636771832685)",Not Functioning
WP3706,Well,Clean,38.0,21000.0,1998.0,,,26.0,,"(-19.090463320751923, 25.05588868644383)",Not Functioning
WP3707,Well,Contaminated,45.0,22000.0,2007.0,Red Cross,Free,17.0,Motorized Pump,"(-21.9272674876213, 25.251630437979124)",Functioning
WP3708,Well,Clean,25.0,,2001.0,USAID,,23.0,Motorized Pump,"(-18.886438771117472, 28.008051602238503)",Not Functioning
WP3709,Well,,59.0,26000.0,2011.0,Oxfam,Pay per use,13.0,Solar Pump,"(-21.09771724560944, 26.30991514899785)",Not Functioning
WP3710,Lake,,35.0,26000.0,2003.0,,Pay per use,21.0,Motorized Pump,"(-20.80132141257989, 27.3466915497264)",Not Functioning
WP3711,Lake,Contaminated,48.0,20000.0,2005.0,Oxfam,Free,,Solar Pump,,Not Functioning
WP3712,Well,Contaminated,38.0,25000.0,2016.0,USAID,Pay per use,8.0,Motorized Pump,"(-20.82987764565272, 22.63449748667372)",
,,,43.0,28000.0,2013.0,Oxfam,Free,11.0,Motorized Pump,"(-23.760402455509503, 21.011432581673652)",
,,,36.0,26000.0,2005.0,,Free,19.0,Motorized Pump,"(-22.037740970792775, 24.708404483106886)",Not Functioning
,Lake,Contaminated,42.0,,,USAID,Free,5.0,Motorized Pump,,Not Functioning
WP3716,,Contaminated,52.0,23000.0,2020.0,Red Cross,Pay per use,,Motorized Pump,"(-19.529404785853266, 28.019598267460125)",Functioning
WP3717,Well,,38.0,22000.0,1995.0,UNICEF,Free,29.0,Motorized Pump,"(-18.782799548128935, 26.519656491238923)",Not Functioning
WP3718,Well,Contaminated,,19000.0,2007.0,USAID,Free,17.0,,"(-19.186363255043574, 24.05023070198014)",Functioning
WP3719,Lake,Contaminated,53.0,24000.0,2003.0,UNICEF,Free,21.0,Solar Pump,"(-17.817005708103352, 26.118829335531352)",
WP3720,Well,,,22000.0,2012.0,Red Cross,Free,12.0,Motorized Pump,"(-23.025662807423785, 25.80038848813047)",
WP3721,,Contaminated,,24000.0,2000.0,Red Cross,Free,,Motorized Pump,"(-21.33623776828221, 27.336850381710548)",Not Functioning
WP3722,Well,Contaminated,,21000.0,2010.0,,Free,14.0,Motorized Pump,"(-17.721499280137273, 25.040174695465282)",Not Functioning
WP3723,Well,Contaminated,43.0,24000.0,,Red Cross,Free,,,"(-17.85308550012964, 27.16208589563594)",Not Functioning
WP3724,Lake,Contaminated,40.0,25000.0,,Red Cross,Pay per use,,Solar Pump,"(-23.23631512159677, 25.867374986274317)",Not Functioning
WP3725,Well,,48.0,22000.0,2010.0,USAID,Pay per use,14.0,Solar Pump,"(-20.233845517402425, 26.59494323748524)",Not Functioning
WP3726,Well,,41.0,25000.0,,Red Cross,Free,33.0,Solar Pump,"(-21.00069132815909, 21.084847708217143)",Not Functioning
WP3727,Lake,Contaminated,43.0,27000.0,2017.0,USAID,,7.0,Solar Pump,"(-20.589877627673367, 25.169961134730055)",Not Functioning
WP3728,,Clean,,25000.0,1995.0,USAID,Pay per use,29.0,,"(-21.584828149368857, 19.100173401349448)",Not Functioning
WP3729,Lake,Contaminated,34.0,23000.0,1998.0,Oxfam,Free,26.0,Motorized Pump,,Not Functioning
WP3730,Well,Clean,42.0,24000.0,2011.0,Red Cross,Free,13.0,Solar Pump,"(-20.961687277811503, 27.68333644261773)",Not Functioning
WP3731,Well,Contaminated,38.0,24000.0,2006.0,UNICEF,Free,18.0,Solar Pump,,Not Functioning
WP3732,Well,Contaminated,,23000.0,,Red Cross,Pay per use,10.0,Motorized Pump,"(-19.005676170442765, 26.771173040036764)",Not Functioning
WP3733,Well,Contaminated,35.0,24000.0,2000.0,Red Cross,Free,24.0,Solar Pump,"(-21.93490225715792, 22.027277455514792)",Not Functioning
WP3734,Lake,Clean,,20000.0,2017.0,Red Cross,Free,7.0,Motorized Pump,"(-20.34652698728179, 26.085497255149022)",
WP3735,,Contaminated,47.0,23000.0,1996.0,Oxfam,Free,28.0,Motorized Pump,"(-19.581012786251673, 26.552514164668306)",Functioning
WP3736,,,39.0,20000.0,1990.0,,Free,34.0,Motorized Pump,"(-21.709946263024314, 27.96301367706615)",Functioning
WP3737,Lake,,36.0,,1990.0,Red Cross,Free,34.0,Motorized Pump,"(-19.350315215124443, 27.930262131470496)",Not Functioning
WP3738,Lake,Contaminated,,,2001.0,Red Cross,Pay per use,,Motorized Pump,"(-18.269538923922557, 28.979731003994495)",Not Functioning
WP3739,Well,Contaminated,,28000.0,2012.0,Red Cross,Free,12.0,Motorized Pump,"(-18.67741824272326, 20.208069564215588)",Not Functioning
WP3740,Well,Clean,34.0,24000.0,,Red Cross,Free,,Motorized Pump,"(-18.298744296598045, 24.52254487852403)",Not Functioning
WP3741,Lake,Contaminated,,23000.0,2000.0,Oxfam,Free,24.0,Hand Pump,"(-20.629002154194144, 22.996261454622413)",Functioning
,,Contaminated,30.0,26000.0,2014.0,Red Cross,Pay per use,10.0,Hand Pump,"(-20.15123691578585, 28.151169695653756)",Not Functioning
WP3743,Well,,49.0,26000.0,2001.0,USAID,Free,23.0,Solar Pump,"(-22.136382057513178, 25.13381394560907)",Not Functioning
,Well,Contaminated,48.0,24000.0,2000.0,Red Cross,Free,24.0,Solar Pump,"(-21.67907848728219, 25.973702362063502)",Not Functioning
WP3745,Well,,36.0,,1991.0,,Free,,Solar Pump,,Not Functioning
WP3746,Well,Clean,,23000.0,2003.0,Red Cross,Pay per use,,Motorized Pump,"(-17.506568114853696, 24.951999485325643)",
WP3747,Lake,Contaminated,38.0,,2018.0,Red Cross,Pay per use,6.0,Solar Pump,"(-19.34209334521294, 28.069678639705522)",Not Functioning
WP3748,Well,Contaminated,43.0,31000.0,2005.0,Red Cross,,,,"(-19.98283124932067, 26.530682993119942)",Functioning
,Well,Contaminated,29.0,25000.0,2020.0,Red Cross,Pay per use,4.0,Motorized Pump,"(-18.429590314301347, 27.228659619716986)",Not Functioning
,Well,Contaminated,39.0,20000.0,2010.0,,Free,14.0,Solar Pump,"(-22.211952036271708, 22.832779027140887)",
WP3751,Lake,Contaminated,37.0,24000.0,,USAID,,24.0,Motorized Pump,"(-22.419367858067087, 24.747696034926335)",Not Functioning
WP3752,Borehole,Contaminated,41.0,27000.0,2011.0,,Free,13.0,Solar Pump,"(-20.589289904333967, 21.123520007977373)",Functioning
WP3753,Borehole,Clean,40.0,26000.0,,USAID,Pay per use,,,,Not Functioning
WP3754,Well,,46.0,,2011.0,Oxfam,,13.0,Motorized Pump,"(-19.37010721817439, 25.961089620486227)",Not Functioning
WP3755,Well,Contaminated,,22000.0,2003.0,Red Cross,,,Motorized Pump,"(-21.76112570088717, 26.350112882546917)",
WP3756,Well,Contaminated,45.0,22000.0,2017.0,UNICEF,Free,,,"(-23.89821996121147, 22.969548024396214)",Not Functioning
WP3757,Lake,Clean,39.0,24000.0,1991.0,,Pay per use,33.0,Motorized Pump,"(-22.81046994897271, 21.68398382838099)",Not Functioning
WP3758,Lake,Contaminated,43.0,24000.0,2015.0,,Free,9.0,Hand Pump,"(-17.50023270556577, 25.644436296037572)",Not Functioning
WP3759,Well,Contaminated,50.0,21000.0,2004.0,Red Cross,Pay per use,20.0,Solar Pump,"(-21.789464424151284, 25.663273084609187)",Not Functioning
WP3760,Lake,Contaminated,38.0,25000.0,1995.0,USAID,Pay per use,29.0,Hand Pump,"(-19.54017102357716, 27.652382182125482)",Not Functioning
,Lake,Contaminated,43.0,26000.0,2011.0,UNICEF,,13.0,Solar Pump,"(-18.00028322977495, 26.45996540395113)",Not Functioning
WP3762,Well,Contaminated,42.0,22000.0,1990.0,,Free,34.0,Solar Pump,"(-19.863361363501404, 26.18222214120985)",
,Lake,Contaminated,49.0,26000.0,2001.0,Oxfam,Pay per use,23.0,Motorized Pump,"(-21.19401192133367, 24.242788219030125)",
WP3764,Well,Contaminated,40.0,22000.0,2009.0,USAID,Pay per use,15.0,Hand Pump,"(-21.831695200753273, 20.502703343716973)",Functioning
WP3765,,Clean,39.0,25000.0,2015.0,World Bank,Pay per use,9.0,Solar Pump,"(-23.636300154103893, 24.814967365614955)",
,Well,,38.0,29000.0,,Red Cross,Free,,,"(-20.948039974604505, 19.749307472749916)",
WP3767,Well,,47.0,28000.0,1994.0,UNICEF,Free,30.0,Solar Pump,"(-19.512420427035636, 21.071683941324576)",Not Functioning
WP3768,Lake,Clean,36.0,22000.0,2017.0,Red Cross,Free,7.0,Solar Pump,"(-21.365076660623924, 24.26394131301247)",Not Functioning
WP3769,,Clean,43.0,21000.0,2009.0,,Free,15.0,Motorized Pump,"(-23.30291128997406, 24.06810997269134)",Not Functioning
WP3770,Well,,43.0,,2015.0,Red Cross,Pay per use,9.0,Motorized Pump,"(-20.606498791068823, 25.753536212972016)",Not Functioning
WP3771,Borehole,,41.0,27000.0,2001.0,Red Cross,Free,,Solar Pump,"(-20.763209770289635, 24.414589855695677)",Not Functioning
WP3772,Well,Contaminated,39.0,23000.0,2017.0,Oxfam,,7.0,Solar Pump,"(-21.576914023492233, 20.84554265714746)",Not Functioning
WP3773,Well,,34.0,18000.0,1992.0,Red Cross,,,Motorized Pump,"(-22.647122936017126, 25.555463172239183)",Not Functioning
,Lake,Contaminated,28.0,22000.0,2009.0,USAID,Free,15.0,Hand Pump,"(-19.304053801729438, 24.024332194660634)",Not Functioning
WP3775,Well,Contaminated,51.0,,2004.0,Oxfam,Free,20.0,,"(-18.02791663084737, 24.20870756462414)",Not Functioning
WP3776,Well,Contaminated,47.0,24000.0,1995.0,Red Cross,Pay per use,29.0,Motorized Pump,"(-21.709290358689447, 25.523360706567658)",Not Functioning
WP3777,,Contaminated,36.0,22000.0,2013.0,Red Cross,Free,11.0,Motorized Pump,"(-19.717897587440252, 25.504571105779384)",Not Functioning
WP3778,Lake,Contaminated,43.0,23000.0,2008.0,Oxfam,,16.0,,"(-21.7973452290837, 19.896893845097324)",Not Functioning
WP3779,Lake,Clean,,26000.0,1997.0,Red Cross,,27.0,Solar Pump,"(-17.632349089915454, 27.864684635287038)",Not Functioning
WP3780,Well,,43.0,20000.0,1997.0,UNICEF,Free,27.0,Motorized Pump,"(-19.06319797848208, 25.329918008261544)",Not Functioning
WP3781,Well,Contaminated,32.0,24000.0,2006.0,USAID,Pay per use,18.0,,"(-21.651296353246586, 22.802853119948733)",Not Functioning
WP3782,Lake,Clean,31.0,23000.0,2004.0,,,,Solar Pump,"(-20.513004364893884, 26.013253136737724)",Not Functioning
WP3783,Lake,Contaminated,35.0,,,USAID,Free,12.0,Motorized Pump,,Not Functioning
WP3784,Well,Contaminated,30.0,20000.0,2018.0,Oxfam,Free,6.0,Solar Pump,"(-21.193011816085733, 23.560754825392316)",Not Functioning
,Well,Contaminated,36.0,28000.0,1995.0,Red Cross,Free,,Solar Pump,"(-20.54508827638314, 22.2228849509008)",Functioning
WP3786,,Contaminated,44.0,30000.0,2020.0,Red Cross,Free,4.0,Hand Pump,"(-23.833497467547694, 19.42712458551741)",Not Functioning
WP3787,Well,Contaminated,43.0,25000.0,1996.0,USAID,Free,28.0,Solar Pump,"(-23.810542709105107, 21.20761898991484)",Not Functioning
WP3788,Lake,Contaminated,37.0,24000.0,2007.0,Oxfam,Free,17.0,Motorized Pump,"(-21.123401009897442, 27.08136592961583)",Not Functioning
WP3789,Well,Contaminated,,24000.0,1990.0,Red Cross,Free,34.0,Solar Pump,"(-21.8177159986392, 21.78614958967372)",Not Functioning
WP3790,Lake,,39.0,24000.0,2006.0,UNICEF,Free,18.0,Motorized Pump,"(-19.185059367325696, 25.05315264288422)",Not Functioning
WP3791,Well,Contaminated,42.0,19000.0,,Oxfam,Free,,Motorized Pump,"(-19.212247873138676, 24.94356134959421)",
WP3792,Lake,,51.0,23000.0,,Oxfam,,,,"(-23.855175434415305, 22.51460412688966)",Not Functioning
WP3793,Borehole,Contaminated,39.0,23000.0,2004.0,UNICEF,Free,20.0,,"(-20.996176639360492, 21.23440448352131)",
WP3794,Well,Contaminated,41.0,21000.0,1992.0,Red Cross,Free,32.0,Motorized Pump,"(-20.635532508922292, 23.002690285696)",Not Functioning
WP3795,Lake,Contaminated,53.0,25000.0,2014.0,USAID,Free,10.0,Motorized Pump,"(-23.378697893685857, 21.54586203482668)",Not Functioning
,Lake,Contaminated,43.0,26000.0,2018.0,,,6.0,,"(-23.9899861295293, 20.16307594121338)",Not Functioning
WP3797,Well,Contaminated,50.0,20000.0,1993.0,USAID,Free,31.0,Motorized Pump,"(-22.92931433996938, 22.09030021683874)",Functioning
WP3798,River,Contaminated,43.0,28000.0,2001.0,USAID,Free,23.0,Motorized Pump,,Functioning
WP3799,Well,Clean,,21000.0,,Oxfam,Pay per use,28.0,Solar Pump,"(-23.36921570846207, 25.596352744697196)",Functioning
WP3800,,Contaminated,,22000.0,1991.0,Oxfam,Pay per use,33.0,Hand Pump,"(-18.529819068975264, 25.428854304990377)",Not Functioning
WP3801,Lake,Contaminated,50.0,23000.0,2018.0,Red Cross,Free,6.0,Motorized Pump,,Not Functioning
WP3802,,Contaminated,,19000.0,2005.0,,Pay per use,,,"(-22.27685654809389, 20.811245862581075)",Not Functioning
WP3803,Well,Contaminated,42.0,17000.0,2000.0,,,24.0,Solar Pump,"(-20.756607753777956, 25.424567346526917)",Not Functioning
WP3804,Well,Contaminated,41.0,23000.0,2017.0,World Bank,Pay per use,7.0,,"(-18.270505905725393, 28.27028882205213)",Not Functioning
WP3805,Lake,Clean,,24000.0,2020.0,Oxfam,Free,4.0,Motorized Pump,"(-19.443275763236123, 24.186025858224898)",Not Functioning
,Borehole,Contaminated,51.0,21000.0,2015.0,USAID,Free,,,"(-23.355013428135564, 21.342535332874053)",Functioning
WP3807,Well,Contaminated,41.0,22000.0,1997.0,Red Cross,Free,27.0,Solar Pump,"(-18.66508245441658, 22.28540513042013)",Functioning
WP3808,,Contaminated,38.0,,,UNICEF,Free,19.0,Solar Pump,"(-19.35192646169697, 27.559912039426205)",Not Functioning
WP3809,River,Contaminated,28.0,22000.0,1998.0,Oxfam,Free,,Motorized Pump,,Not Functioning
,Well,Contaminated,32.0,29000.0,2020.0,Red Cross,Pay per use,4.0,,,Not Functioning
WP3811,Well,Contaminated,34.0,24000.0,2020.0,USAID,Pay per use,4.0,Solar Pump,"(-22.436449350602103, 22.846539513854403)",Not Functioning
WP3812,Well,Contaminated,40.0,23000.0,1994.0,Red Cross,,,Motorized Pump,"(-23.633621950130195, 24.567832848464626)",Functioning
WP3813,Well,Clean,,28000.0,2013.0,Red Cross,Free,11.0,Solar Pump,"(-22.13668813830344, 21.414488262026346)",Not Functioning
,Well,Contaminated,51.0,26000.0,2017.0,Oxfam,Free,7.0,,"(-21.398250083481614, 21.514099831089872)",Functioning
WP3815,Well,Contaminated,44.0,,,Red Cross,Free,21.0,Motorized Pump,"(-23.414739727494915, 23.508405732158835)",Functioning
WP3816,,Contaminated,37.0,25000.0,1999.0,Red Cross,Pay per use,25.0,,"(-23.72249448852161, 26.140098747732782)",Not Functioning
WP3817,,Contaminated,42.0,24000.0,1995.0,USAID,Free,29.0,,"(-18.870160100317197, 26.22389586814738)",Functioning
WP3818,Borehole,Contaminated,43.0,26000.0,2007.0,Red Cross,Free,17.0,,,Not Functioning
WP3819,Lake,Contaminated,44.0,30000.0,2010.0,USAID,Free,14.0,Motorized Pump,"(-18.6029132565205, 27.053254852549543)",Not Functioning
WP3820,Well,,42.0,27000.0,1992.0,USAID,Free,32.0,Motorized Pump,"(-23.220593799667178, 25.875573970410592)",Not Functioning
WP3821,River,Contaminated,31.0,24000.0,1996.0,USAID,,,Solar Pump,"(-22.420408601991163, 19.614779182304986)",Not Functioning
WP3822,River,,,,,Red Cross,Free,32.0,,"(-21.603567858091377, 25.566820794756502)",Not Functioning
WP3823,Well,Contaminated,48.0,28000.0,2020.0,Red Cross,Pay per use,4.0,Motorized Pump,,Functioning
WP3824,River,Clean,37.0,27000.0,1992.0,USAID,Pay per use,32.0,Hand Pump,,Not Functioning
WP3825,Well,Clean,41.0,25000.0,1996.0,Red Cross,Free,28.0,Motorized Pump,"(-22.545123760482834, 22.853227588387114)",Not Functioning
WP3826,Well,Clean,47.0,26000.0,1991.0,Oxfam,Free,33.0,Motorized Pump,"(-18.014956007543827, 26.39735631554848)",Functioning
WP3827,Well,,,27000.0,2009.0,Red Cross,Free,15.0,Solar Pump,"(-23.706206068207816, 21.65672821824281)",Not Functioning
WP3828,,,41.0,25000.0,1996.0,USAID,Pay per use,28.0,Solar Pump,"(-20.957677473473254, 26.659277776691702)",Not Functioning
WP3829,Well,Contaminated,,27000.0,1998.0,Red Cross,Free,,Motorized Pump,"(-21.017995935653673, 25.939364029463377)",
WP3830,Well,Contaminated,42.0,23000.0,1994.0,USAID,Pay per use,30.0,Motorized Pump,,Not Functioning
WP3831,Well,Contaminated,35.0,24000.0,2006.0,Red Cross,Pay per use,18.0,Solar Pump,"(-21.704057646600535, 27.95217805120798)",
WP3832,Borehole,Contaminated,38.0,23000.0,2004.0,Oxfam,Free,20.0,Motorized Pump,"(-20.670849346143946, 19.20369401647518)",Functioning
WP3833,Well,Clean,44.0,,1991.0,Red Cross,Free,33.0,,"(-23.751844987537943, 21.71790273074059)",Not Functioning
,Well,,57.0,25000.0,2011.0,USAID,,13.0,Motorized Pump,"(-19.83961131727491, 26.589261274942956)",Functioning
WP3835,Lake,Clean,36.0,23000.0,1999.0,,Pay per use,,Solar Pump,,Not Functioning
WP3836,Well,Contaminated,46.0,22000.0,,,Pay per use,34.0,,"(-19.116684233172833, 26.077481677787254)",Not Functioning
,River,Contaminated,46.0,28000.0,2014.0,USAID,Free,10.0,Solar Pump,"(-19.667312322410275, 26.88958370856824)",Not Functioning
WP3838,Borehole,Contaminated,43.0,24000.0,2000.0,Red Cross,Free,24.0,Motorized Pump,,Not Functioning
WP3839,Well,Contaminated,42.0,21000.0,2016.0,USAID,Pay per use,,Solar Pump,"(-21.180083437196718, 22.123595117664795)",Not Functioning
WP3840,Borehole,Clean,51.0,24000.0,1996.0,USAID,Free,28.0,Motorized Pump,"(-23.003698255118, 23.801840583171302)",Functioning
WP3841,Well,Clean,42.0,25000.0,2016.0,Red Cross,Free,8.0,Solar Pump,"(-22.70204162906402, 20.02798757684909)",
WP3842,,,43.0,16000.0,2007.0,UNICEF,Pay per use,17.0,,,Not Functioning
WP3843,Well,Contaminated,,23000.0,2019.0,Red Cross,Free,5.0,Solar Pump,"(-19.37713492572535, 24.772475082821803)",Not Functioning
,,Contaminated,50.0,26000.0,2009.0,,Free,,Solar Pump,,
WP3845,Lake,,38.0,23000.0,1994.0,World Bank,Pay per use,30.0,Solar Pump,,Not Functioning
WP3846,,Contaminated,37.0,22000.0,1994.0,Red Cross,Pay per use,30.0,Motorized Pump,"(-20.006472784634525, 25.346217851467998)",Functioning
WP3847,,Contaminated,,27000.0,2015.0,Red Cross,Free,9.0,Solar Pump,"(-22.31022472312232, 21.51933465043233)",Not Functioning
WP3848,Well,Contaminated,,28000.0,2004.0,Red Cross,Free,20.0,Solar Pump,"(-23.979414749158757, 21.44381893204244)",Not Functioning
WP3849,Well,Contaminated,,28000.0,2018.0,Oxfam,Pay per use,,Motorized Pump,"(-23.09536449916951, 23.15789267576878)",Not Functioning
WP3850,Well,Contaminated,,26000.0,2012.0,USAID,Free,12.0,Motorized Pump,"(-21.459847476594692, 20.51641581947673)",Functioning
WP3851,Well,Contaminated,40.0,19000.0,2014.0,USAID,Pay per use,,Motorized Pump,"(-20.787916089638788, 24.796526159306147)",Not Functioning
WP3852,Well,Clean,48.0,32000.0,2019.0,Red Cross,Free,,,"(-23.14792103398379, 21.434259748156453)",Not Functioning
WP3853,Well,Contaminated,,22000.0,2014.0,Red Cross,Free,10.0,,"(-19.738357659518297, 24.44224093412072)",Functioning
WP3854,Well,Contaminated,39.0,17000.0,,USAID,,16.0,,"(-19.551806293742846, 26.317566514097276)",Functioning
WP3855,Well,Clean,43.0,29000.0,2008.0,Oxfam,Free,16.0,Motorized Pump,"(-22.508551661001327, 23.856578487744684)",Not Functioning
,Lake,Clean,41.0,24000.0,2007.0,Red Cross,Free,17.0,Solar Pump,"(-17.798445167561674, 27.01262234706963)",Not Functioning
WP3857,,Contaminated,40.0,22000.0,2007.0,USAID,Free,17.0,Motorized Pump,"(-23.73980607082058, 21.192301498603438)",Functioning
,Lake,Contaminated,43.0,27000.0,2004.0,Red Cross,Pay per use,20.0,Hand Pump,,Not Functioning
WP3859,,Contaminated,33.0,24000.0,1997.0,Red Cross,Free,27.0,Solar Pump,"(-17.560323027886074, 28.898899552677314)",Not Functioning
,,Clean,51.0,21000.0,,USAID,Pay per use,,,"(-20.610000014067154, 21.18944028769491)",Not Functioning
WP3861,,Contaminated,29.0,20000.0,,Red Cross,Free,28.0,Motorized Pump,"(-22.08339034470172, 20.428018610080436)",
WP3862,Well,Contaminated,,24000.0,2001.0,USAID,Free,,Motorized Pump,"(-21.887862121270583, 21.668581349384745)",
WP3863,Well,Contaminated,47.0,27000.0,2017.0,USAID,,,Solar Pump,"(-22.10381669544996, 19.238669013558074)",Not Functioning
,Well,Contaminated,,22000.0,2018.0,Red Cross,,6.0,Motorized Pump,"(-17.882901444038705, 25.0586145730989)",Not Functioning
WP3865,Well,Clean,44.0,23000.0,1997.0,USAID,Free,27.0,,"(-21.87457699336919, 20.85809635135687)",Not Functioning
WP3866,Lake,Contaminated,,21000.0,2019.0,USAID,Pay per use,5.0,Motorized Pump,"(-20.414019918686158, 26.683284790534003)",Not Functioning
WP3867,,Contaminated,34.0,22000.0,2012.0,USAID,Free,12.0,Solar Pump,"(-19.243142204814003, 25.1065803253999)",Not Functioning
WP3868,Well,Contaminated,48.0,24000.0,2019.0,Red Cross,Free,5.0,Motorized Pump,"(-20.60389194592502, 25.958385007859448)",Functioning
WP3869,Lake,,45.0,20000.0,,Oxfam,Pay per use,32.0,Solar Pump,"(-23.46243902569327, 23.70859289673423)",Not Functioning
WP3870,Lake,Clean,42.0,23000.0,2010.0,Red Cross,Free,14.0,Solar Pump,"(-21.29687850689391, 23.554408162288986)",Not Functioning
,Borehole,Contaminated,42.0,25000.0,2012.0,Oxfam,,12.0,Motorized Pump,"(-17.9621808936308, 26.202530166785078)",Functioning
WP3872,Lake,Contaminated,40.0,22000.0,2007.0,Red Cross,Pay per use,17.0,Solar Pump,,Not Functioning
WP3873,,Contaminated,38.0,,2020.0,Oxfam,Free,4.0,,"(-23.52521649514813, 24.587478624833256)",Functioning
WP3874,Well,Clean,55.0,24000.0,,Oxfam,Pay per use,31.0,Motorized Pump,"(-19.187277125507556, 26.440237278525835)",Functioning
WP3875,Lake,Contaminated,30.0,23000.0,1999.0,USAID,Pay per use,25.0,,"(-20.809613063403845, 21.992825041353473)",Not Functioning
WP3876,,Contaminated,,23000.0,1994.0,Red Cross,Free,30.0,Motorized Pump,"(-22.326610838028337, 22.218857462537066)",Not Functioning
WP3877,,Contaminated,,22000.0,2009.0,,Free,15.0,Motorized Pump,"(-22.68282032407684, 20.158526841687074)",Functioning
WP3878,Lake,Contaminated,51.0,22000.0,2013.0,,Free,11.0,Motorized Pump,"(-21.54579020791831, 21.658284083528947)",Not Functioning
WP3879,Well,Contaminated,40.0,23000.0,2000.0,USAID,Free,,Hand Pump,,Not Functioning
WP3880,Lake,Contaminated,33.0,27000.0,2011.0,Red Cross,,13.0,Solar Pump,"(-21.58975296802199, 26.751899656861827)",Not Functioning
WP3881,Lake,Clean,40.0,23000.0,,USAID,Free,4.0,Solar Pump,"(-21.527932702012006, 26.656656157490506)",Not Functioning
,,Clean,34.0,,1998.0,Red Cross,Free,26.0,,"(-21.678301034597983, 24.371994373327304)",Not Functioning
WP3883,Borehole,Clean,47.0,22000.0,2009.0,USAID,Pay per use,,Solar Pump,,Not Functioning
WP3884,Lake,Contaminated,34.0,24000.0,,USAID,Pay per use,7.0,Motorized Pump,"(-22.821650771148462, 20.068960201608355)",Not Functioning
WP3885,Lake,Contaminated,36.0,,1990.0,Red Cross,Free,,Motorized Pump,"(-23.893709444097407, 21.182750646996553)",Not Functioning
,Well,Clean,38.0,25000.0,2005.0,,Free,19.0,Motorized Pump,"(-21.010414650674182, 26.500433589140254)",Not Functioning
WP3887,,Contaminated,44.0,23000.0,2012.0,USAID,,12.0,Motorized Pump,,Functioning
WP3888,,,47.0,,2007.0,Oxfam,Free,17.0,,"(-22.161445653862067, 24.39052662383799)",Functioning
WP3889,Well,Clean,35.0,17000.0,2002.0,USAID,Free,,,"(-21.830506654716633, 21.99749348572727)",Not Functioning
WP3890,Borehole,Contaminated,,22000.0,2012.0,,Free,12.0,Motorized Pump,,Not Functioning
WP3891,Lake,Contaminated,51.0,20000.0,2019.0,USAID,Free,5.0,Motorized Pump,"(-20.907205503148063, 24.448339235419027)",Not Functioning
WP3892,Lake,Contaminated,,28000.0,2006.0,USAID,Free,18.0,Motorized Pump,"(-21.55937187580915, 25.652388598285928)",Not Functioning
WP3893,,Clean,,27000.0,,Red Cross,Pay per use,18.0,Solar Pump,"(-22.479106204844985, 23.927177791800204)",Not Functioning
,River,Contaminated,39.0,19000.0,1997.0,Oxfam,Free,27.0,,"(-23.847041524047714, 20.5060592686857)",Functioning
WP3895,Lake,Contaminated,,21000.0,1998.0,Red Cross,Free,26.0,Solar Pump,"(-17.72801206297845, 24.840658632846942)",Not Functioning
WP3896,Lake,Clean,35.0,31000.0,2001.0,USAID,Pay per use,23.0,,,Not Functioning
WP3897,Lake,Clean,44.0,,2017.0,,,,Motorized Pump,"(-21.89385994891404, 19.166381263484624)",Not Functioning
WP3898,Well,Contaminated,37.0,29000.0,2014.0,Red Cross,Free,10.0,Solar Pump,"(-20.99896945159636, 25.408632226049036)",Not Functioning
WP3899,Well,Contaminated,49.0,23000.0,2016.0,UNICEF,Pay per use,8.0,Solar Pump,,Not Functioning
,Lake,Contaminated,47.0,21000.0,1997.0,Red Cross,,27.0,Motorized Pump,"(-18.220183724267407, 27.718297217852758)",Not Functioning
WP3901,Lake,,38.0,29000.0,2008.0,USAID,Pay per use,16.0,Motorized Pump,"(-19.45173594768781, 25.950633758261464)",Not Functioning
WP3902,Well,Contaminated,42.0,26000.0,2018.0,UNICEF,Free,6.0,Motorized Pump,"(-21.4804790473585, 19.230735550347937)",Functioning
WP3903,Well,Clean,40.0,24000.0,2014.0,Red Cross,Pay per use,10.0,Motorized Pump,"(-19.729734980022595, 25.647745383161755)",Not Functioning
WP3904,River,Contaminated,30.0,22000.0,2010.0,USAID,Free,14.0,Solar Pump,"(-21.314586080770304, 25.5251749183861)",Not Functioning
WP3905,River,Contaminated,36.0,28000.0,2001.0,USAID,Free,23.0,Motorized Pump,"(-20.583525478070857, 21.295836265404876)",Functioning
WP3906,Well,,44.0,25000.0,2005.0,USAID,Free,19.0,Motorized Pump,"(-23.77181978275037, 25.349778916133445)",Not Functioning
,Well,Clean,47.0,24000.0,1992.0,Red Cross,Pay per use,32.0,Motorized Pump,"(-18.354790306001902, 24.847644154277123)",Functioning
WP3908,Well,Clean,38.0,22000.0,1994.0,UNICEF,Pay per use,30.0,Motorized Pump,"(-21.073316435362248, 24.666238954642765)",Not Functioning
WP3909,Borehole,,,23000.0,1999.0,Red Cross,Free,,,"(-23.4463262073541, 27.901398353458102)",Not Functioning
,,Contaminated,40.0,20000.0,2016.0,Red Cross,Free,8.0,Solar Pump,,Not Functioning
WP3911,Well,,49.0,19000.0,2003.0,USAID,Free,21.0,Motorized Pump,"(-20.691719943401907, 23.572160187170486)",Not Functioning
WP3912,River,Contaminated,47.0,25000.0,1999.0,Red Cross,Free,25.0,Solar Pump,"(-23.972875436333943, 26.78936187462044)",
WP3913,Well,Clean,45.0,21000.0,2011.0,USAID,,13.0,Solar Pump,,Not Functioning
WP3914,,,45.0,18000.0,2004.0,Oxfam,Free,20.0,,"(-21.155832958302092, 20.312216681452906)",Functioning
WP3915,Well,Contaminated,44.0,25000.0,2012.0,Red Cross,Free,12.0,Motorized Pump,"(-23.55252604020406, 22.149093679104137)",Not Functioning
WP3916,Well,Clean,51.0,23000.0,,Red Cross,Free,,Solar Pump,"(-19.907471905593763, 23.15605837252933)",Not Functioning
WP3917,Lake,,34.0,24000.0,2018.0,USAID,Free,,Motorized Pump,"(-18.725848515542708, 26.11519647883376)",Not Functioning
WP3918,,Contaminated,38.0,,,Red Cross,Free,12.0,Solar Pump,"(-18.256744204929532, 20.446590841916066)",Not Functioning
WP3919,Lake,,40.0,22000.0,,Red Cross,Pay per use,,Solar Pump,"(-17.760875729977165, 26.593548612152354)",Not Functioning
WP3920,Lake,Clean,,21000.0,1994.0,Red Cross,Free,30.0,Motorized Pump,"(-23.745146211803476, 23.94100344072217)",Not Functioning
WP3921,Well,Contaminated,47.0,23000.0,1999.0,Red Cross,Pay per use,,,"(-19.23286485013912, 24.552972782188274)",Functioning
WP3922,Well,Contaminated,37.0,25000.0,2004.0,Red Cross,,20.0,Motorized Pump,"(-19.774980958308024, 26.341937387372575)",Functioning
WP3923,Well,Contaminated,39.0,17000.0,1997.0,USAID,Free,27.0,Motorized Pump,"(-20.97499537649363, 22.258487269931635)",Functioning
WP3924,Well,Contaminated,34.0,19000.0,2017.0,Red Cross,Free,,Motorized Pump,"(-20.41669720978267, 24.47292903047747)",Functioning
WP3925,Well,Contaminated,33.0,24000.0,2007.0,USAID,Pay per use,17.0,Motorized Pump,"(-21.9675356081418, 19.02676682811934)",Not Functioning
WP3926,Well,Contaminated,35.0,24000.0,1994.0,USAID,Free,,Motorized Pump,"(-21.85645463310184, 26.662565848687446)",Functioning
WP3927,Lake,Clean,,19000.0,1993.0,,,,Motorized Pump,"(-18.49221188950596, 28.059348984103316)",Not Functioning
WP3928,Well,Clean,34.0,,2016.0,Red Cross,Pay per use,8.0,Motorized Pump,,Not Functioning
WP3929,Borehole,Contaminated,39.0,24000.0,2018.0,Red Cross,Pay per use,6.0,Solar Pump,"(-17.744436820596334, 25.339782898818402)",
WP3930,,Contaminated,46.0,24000.0,2015.0,Oxfam,Pay per use,9.0,,"(-21.99783214910617, 19.771309065837087)",Not Functioning
WP3931,Well,,39.0,24000.0,2000.0,Red Cross,Free,24.0,Solar Pump,"(-23.259919260657057, 20.28056647396987)",Not Functioning
WP3932,Well,Contaminated,50.0,21000.0,2017.0,Red Cross,,7.0,Motorized Pump,"(-22.462134892675294, 20.74895014056729)",Not Functioning
WP3933,Well,Contaminated,,24000.0,,USAID,,21.0,Solar Pump,"(-18.824300979542834, 24.246493428020422)",Not Functioning
WP3934,Well,Contaminated,43.0,25000.0,2007.0,UNICEF,Free,17.0,,"(-23.74116989423145, 20.565626990513486)",Not Functioning
WP3935,Well,Contaminated,35.0,26000.0,1992.0,USAID,Free,32.0,Solar Pump,"(-19.925458119019986, 27.29141509381312)",
WP3936,Lake,,31.0,22000.0,2010.0,USAID,Free,14.0,Motorized Pump,"(-22.183014966867702, 19.79307108586594)",Not Functioning
WP3937,,Contaminated,41.0,,2019.0,Oxfam,Free,,Motorized Pump,"(-19.511117552238858, 24.00991199472707)",Not Functioning
,,Contaminated,43.0,24000.0,2020.0,UNICEF,Pay per use,4.0,Motorized Pump,,Functioning
WP3939,River,,,23000.0,2014.0,USAID,Free,10.0,Hand Pump,"(-22.686019647332238, 23.215177693629254)",
WP3940,Well,Contaminated,,28000.0,2017.0,Red Cross,Free,7.0,Solar Pump,,Not Functioning
WP3941,Well,Clean,,23000.0,1993.0,USAID,Free,31.0,Motorized Pump,"(-21.324537689114496, 21.520967891400147)",Not Functioning
WP3942,Lake,Contaminated,45.0,19000.0,2002.0,,,22.0,Motorized Pump,,Not Functioning
WP3943,Lake,Contaminated,33.0,24000.0,2017.0,Red Cross,Free,7.0,Motorized Pump,,Not Functioning
WP3944,Lake,Contaminated,47.0,23000.0,2003.0,Red Cross,Free,21.0,Motorized Pump,"(-19.6982670385744, 27.53350036695926)",Not Functioning
WP3945,River,Contaminated,48.0,20000.0,,UNICEF,Free,21.0,Motorized Pump,"(-22.07146773101604, 23.408736614653094)",Not Functioning
WP3946,Well,Contaminated,,26000.0,,Red Cross,Free,,Motorized Pump,"(-20.164263321920675, 19.619210826995776)",Not Functioning
WP3947,Well,Clean,43.0,24000.0,1996.0,UNICEF,Free,28.0,Motorized Pump,,Functioning
,,Contaminated,34.0,24000.0,2019.0,UNICEF,Free,5.0,Solar Pump,"(-23.674036479759216, 25.984562042019082)",Not Functioning
,,Contaminated,45.0,26000.0,1990.0,Red Cross,,34.0,Hand Pump,"(-21.541903019164018, 24.965720933168026)",Not Functioning
WP3950,Well,Contaminated,,25000.0,2018.0,Red Cross,Free,6.0,Motorized Pump,"(-19.11935540277138, 24.960659508703355)",
,Well,Contaminated,,21000.0,2000.0,,Free,24.0,Solar Pump,"(-19.575836140134456, 20.99109564873909)",Not Functioning
WP3952,Well,,,24000.0,1993.0,Oxfam,Free,31.0,,"(-23.96750848250305, 25.220141086446677)",Functioning
WP3953,River,Contaminated,50.0,23000.0,1996.0,Red Cross,Free,28.0,Solar Pump,"(-18.61054334738897, 27.831678898767038)",Not Functioning
,Well,Contaminated,31.0,20000.0,2016.0,Red Cross,Free,8.0,Motorized Pump,"(-23.82089372109005, 22.28410617581121)",Functioning
WP3955,Well,Contaminated,,28000.0,1992.0,UNICEF,Free,32.0,Solar Pump,,Not Functioning
WP3956,Well,Contaminated,37.0,29000.0,2007.0,USAID,Free,17.0,Motorized Pump,"(-23.942146313980356, 24.55568187488057)",Not Functioning
WP3957,Borehole,Clean,53.0,25000.0,,Red Cross,Pay per use,28.0,,"(-18.330630327818415, 24.832093360757945)",Not Functioning
,Lake,Contaminated,33.0,24000.0,2011.0,USAID,,13.0,Motorized Pump,"(-20.114225720513655, 25.255675706091488)",Not Functioning
WP3959,,Clean,40.0,27000.0,2020.0,Red Cross,Pay per use,4.0,,,Not Functioning
WP3960,Well,Clean,,21000.0,2013.0,,Free,11.0,Motorized Pump,"(-19.127120085495495, 25.998736076724043)",
,Well,,46.0,21000.0,2002.0,Red Cross,Free,22.0,Solar Pump,"(-17.64264730516415, 27.985878613785374)",Not Functioning
WP3962,Well,Clean,41.0,,2016.0,,,,Motorized Pump,,Not Functioning
WP3963,Borehole,Contaminated,46.0,,2006.0,UNICEF,Pay per use,18.0,Solar Pump,"(-23.62286876963471, 21.660608073118496)",
WP3964,Well,Clean,54.0,26000.0,1992.0,USAID,Free,32.0,Motorized Pump,"(-22.87313772698826, 21.965188736530113)",Not Functioning
WP3965,Well,Contaminated,,28000.0,1996.0,UNICEF,Free,28.0,Motorized Pump,"(-18.845687242509374, 26.40470108007792)",
,Lake,Clean,,21000.0,2008.0,,,,Motorized Pump,"(-19.924207734205325, 27.041329257018653)",Not Functioning
WP3967,Well,Contaminated,33.0,,2016.0,Oxfam,Free,,Motorized Pump,"(-20.964329520502346, 26.8779840554067)",Not Functioning
,Well,Contaminated,40.0,26000.0,2013.0,Red Cross,Free,11.0,,"(-23.169786301183365, 25.265891182593556)",Not Functioning
WP3969,,Contaminated,46.0,26000.0,2018.0,Oxfam,Free,,Solar Pump,"(-21.368116823876306, 24.73524353081212)",Not Functioning
WP3970,Lake,Contaminated,49.0,23000.0,2015.0,Red Cross,Free,9.0,Solar Pump,"(-20.53296650560877, 25.945849456893455)",Not Functioning
WP3971,,Clean,40.0,28000.0,1995.0,USAID,,29.0,Motorized Pump,"(-23.201440932814023, 25.758735711414957)",Not Functioning
WP3972,Well,Contaminated,40.0,22000.0,1994.0,USAID,Free,30.0,Solar Pump,"(-21.453483380521167, 19.333216443398303)",Not Functioning
WP3973,Well,Contaminated,,23000.0,2011.0,Red Cross,Free,13.0,Motorized Pump,"(-19.01817457980141, 24.18196201233771)",Not Functioning
WP3974,Lake,Clean,49.0,21000.0,1998.0,Red Cross,Pay per use,26.0,Motorized Pump,"(-19.58908560322855, 24.084480959954927)",Not Functioning
WP3975,Well,Contaminated,37.0,23000.0,2011.0,USAID,Pay per use,13.0,Motorized Pump,"(-19.43031239612359, 24.133811889998146)",Functioning
WP3976,Well,Contaminated,43.0,27000.0,2009.0,Red Cross,Free,15.0,Solar Pump,"(-18.32092074437406, 24.34903414073998)",Not Functioning
WP3977,Lake,Contaminated,44.0,20000.0,2013.0,UNICEF,Free,11.0,Motorized Pump,"(-18.251171726079836, 28.570162287061855)",Not Functioning
WP3978,,,29.0,27000.0,2001.0,USAID,Free,,Motorized Pump,"(-22.495257700655323, 21.1241562756166)",Not Functioning
WP3979,,,29.0,23000.0,2015.0,,Pay per use,9.0,Solar Pump,"(-22.89038217900637, 24.20072964344192)",Not Functioning
WP3980,Well,Contaminated,38.0,25000.0,1991.0,UNICEF,Pay per use,33.0,Hand Pump,"(-22.07621440570693, 20.08985136943614)",Functioning
WP3981,Lake,Contaminated,35.0,22000.0,2008.0,Red Cross,Free,,Motorized Pump,"(-22.3081264038206, 25.968041272018603)",Not Functioning
,Well,Contaminated,40.0,26000.0,,Red Cross,Free,28.0,Hand Pump,"(-22.22457435435188, 20.733484590449265)",Functioning
WP3983,Well,Clean,,25000.0,,USAID,Free,,Motorized Pump,"(-21.605316386234925, 21.76090892935769)",Not Functioning
WP3984,Well,Clean,44.0,22000.0,,Red Cross,,23.0,Motorized Pump,"(-19.995562250216516, 26.170707336847652)",Not Functioning
WP3985,Well,Contaminated,44.0,27000.0,1992.0,,Pay per use,32.0,Solar Pump,"(-20.530845193545673, 26.750480667618987)",Not Functioning
WP3986,,Contaminated,46.0,,1998.0,,Free,,Solar Pump,"(-18.348494892829873, 24.290857177742463)",Not Functioning
WP3987,,Clean,,21000.0,2005.0,USAID,Free,19.0,Hand Pump,"(-23.207381500988994, 21.130583680483603)",Not Functioning
WP3988,Well,Contaminated,36.0,25000.0,2007.0,Red Cross,Pay per use,17.0,Hand Pump,"(-20.629379191319753, 26.882923046900846)",Functioning
WP3989,Well,Contaminated,34.0,22000.0,2006.0,Oxfam,Free,18.0,Motorized Pump,,Functioning
WP3990,,Contaminated,,27000.0,1996.0,USAID,Free,28.0,Motorized Pump,"(-18.594496415512594, 26.5169399380537)",Functioning
WP3991,,Contaminated,,,2000.0,UNICEF,Free,,Hand Pump,"(-22.860519544229824, 22.65819691595428)",Functioning
WP3992,Lake,Contaminated,,26000.0,2005.0,,Pay per use,19.0,Hand Pump,,Not Functioning
WP3993,Well,Clean,44.0,21000.0,1995.0,Red Cross,Free,,Motorized Pump,"(-23.354518361065896, 23.326181745877008)",Not Functioning
WP3994,Lake,Clean,36.0,23000.0,2006.0,Red Cross,Pay per use,18.0,,"(-19.69437784636119, 26.097430132662883)",Not Functioning
WP3995,Borehole,Contaminated,37.0,20000.0,1998.0,USAID,Pay per use,26.0,Motorized Pump,"(-20.78839524314706, 25.831401848819077)",Not Functioning
WP3996,Well,Contaminated,38.0,22000.0,,Red Cross,Free,20.0,Solar Pump,"(-22.422775073012268, 23.961502505788427)",Not Functioning
WP3997,Lake,Contaminated,40.0,24000.0,2020.0,,Pay per use,4.0,Motorized Pump,"(-18.675515871755415, 27.407484361004098)",Not Functioning
WP3998,River,Contaminated,33.0,24000.0,2002.0,Oxfam,Free,22.0,Motorized Pump,"(-22.823230968620727, 21.874182770465552)",Not Functioning
WP3999,Well,,47.0,21000.0,1993.0,Red Cross,Free,31.0,Hand Pump,"(-21.9810159950334, 21.838170512223822)",Functioning
WP4000,Well,Contaminated,50.0,22000.0,2011.0,,Free,13.0,,"(-19.329136340212514, 27.321765976073827)",Not Functioning
WP4001,Lake,,31.0,21000.0,1994.0,Red Cross,Free,30.0,Solar Pump,"(-18.578144492026816, 27.414148245644245)",Not Functioning
WP4002,Borehole,Contaminated,40.0,22000.0,2012.0,USAID,Pay per use,12.0,Solar Pump,"(-17.836910172968743, 28.849935934326826)",Not Functioning
WP4003,Well,Contaminated,41.0,26000.0,,World Bank,Free,29.0,Motorized Pump,"(-22.379813060033076, 21.267808203657566)",Not Functioning
WP4004,Well,Contaminated,27.0,23000.0,2011.0,Oxfam,Pay per use,13.0,Solar Pump,"(-20.976116856510856, 22.008382513659537)",Not Functioning
WP4005,Well,Clean,33.0,22000.0,2011.0,UNICEF,Free,,Motorized Pump,"(-21.67964610732305, 26.79746241075772)",Not Functioning
WP4006,Well,Contaminated,37.0,24000.0,2007.0,Red Cross,Free,17.0,Motorized Pump,,Not Functioning
WP4007,Lake,Clean,,21000.0,2014.0,Red Cross,Free,10.0,,"(-18.13211450293789, 26.660730670084615)",Not Functioning
WP4008,,Contaminated,34.0,24000.0,,Red Cross,Free,4.0,Motorized Pump,"(-20.573139458025143, 22.15029015533157)",Not Functioning
WP4009,,Clean,32.0,22000.0,1991.0,UNICEF,Free,33.0,Motorized Pump,"(-20.025972116345535, 19.049487232147982)",Not Functioning
WP4010,Well,Clean,34.0,23000.0,1993.0,Red Cross,Free,31.0,Motorized Pump,"(-21.020759548277418, 21.436177740753457)",Not Functioning
WP4011,Well,Contaminated,,23000.0,2008.0,Oxfam,Free,16.0,Motorized Pump,"(-22.892946349075217, 27.49028037308227)",Functioning
WP4012,River,Contaminated,35.0,22000.0,2020.0,Oxfam,Free,4.0,Solar Pump,"(-18.67817725225324, 25.675885026461764)",Not Functioning
WP4013,Well,Contaminated,46.0,26000.0,1993.0,,Free,31.0,Motorized Pump,"(-20.855563453524123, 27.753753942882234)",
WP4014,Well,Clean,37.0,20000.0,1994.0,Red Cross,Pay per use,30.0,Solar Pump,"(-21.407536287083026, 20.021022557944)",Not Functioning
WP4015,Well,Contaminated,40.0,23000.0,2006.0,UNICEF,Pay per use,18.0,Motorized Pump,"(-21.272782397816453, 19.005044222521093)",Not Functioning
WP4016,Well,Clean,41.0,,1998.0,Red Cross,Pay per use,,Solar Pump,"(-18.18756964507678, 24.119566053345608)",Not Functioning
WP4017,Well,Contaminated,40.0,,2013.0,Oxfam,Free,,,,Not Functioning
,Well,Contaminated,33.0,29000.0,2019.0,Oxfam,Free,5.0,Motorized Pump,"(-21.746623718259197, 25.287021454327817)",Not Functioning
WP4019,Well,Contaminated,52.0,27000.0,2014.0,Red Cross,Free,10.0,Motorized Pump,"(-21.783046984876602, 19.010657186976673)",Functioning
WP4020,,Clean,44.0,25000.0,2004.0,,Free,,Motorized Pump,,Not Functioning
WP4021,Well,Contaminated,39.0,22000.0,2001.0,Red Cross,Pay per use,23.0,Motorized Pump,"(-22.88138281696494, 24.797183220070252)",Functioning
,,Contaminated,,,2004.0,Red Cross,Free,20.0,,"(-20.75111173231736, 22.713659520062368)",Not Functioning
WP4023,Well,,39.0,26000.0,1996.0,Oxfam,Free,28.0,Motorized Pump,"(-23.26820800390346, 24.24168472783346)",Not Functioning
WP4024,Well,Contaminated,35.0,21000.0,2008.0,Oxfam,Free,16.0,Motorized Pump,"(-19.133053253656367, 24.101408559557736)",Not Functioning
,Well,Clean,,24000.0,2018.0,Red Cross,Pay per use,6.0,Solar Pump,"(-18.432838004729284, 25.41314468745318)",Not Functioning
WP4026,Well,Contaminated,,,2000.0,USAID,Pay per use,24.0,Solar Pump,"(-21.72866037007482, 25.52733473263028)",Not Functioning
WP4027,Well,Contaminated,41.0,26000.0,,Red Cross,,17.0,Solar Pump,"(-19.311221638450668, 28.5288407516652)",
WP4028,Well,Contaminated,51.0,26000.0,2007.0,Red Cross,Free,,Motorized Pump,"(-18.215494313173664, 24.620634468958727)",Functioning
WP4029,Lake,,33.0,24000.0,2001.0,Red Cross,Pay per use,23.0,Solar Pump,,Not Functioning
WP4030,Well,Contaminated,,21000.0,2011.0,USAID,,13.0,,"(-18.531034349468047, 26.370571001672097)",Not Functioning
WP4031,Well,Contaminated,38.0,27000.0,2008.0,Red Cross,Free,16.0,Hand Pump,"(-21.88962599631341, 25.420844704265495)",Functioning
WP4032,,Contaminated,43.0,28000.0,1998.0,,Free,26.0,Hand Pump,"(-23.788195875829306, 20.700141081297904)",Not Functioning
,Well,Contaminated,41.0,19000.0,2009.0,USAID,Pay per use,15.0,Motorized Pump,"(-22.66126157308722, 25.362476489649875)",Functioning
WP4034,Borehole,Clean,,26000.0,1999.0,Red Cross,Pay per use,,Motorized Pump,"(-20.975844315984066, 22.135167550239945)",Not Functioning
WP4035,Lake,Contaminated,42.0,,2014.0,Red Cross,Free,,Motorized Pump,"(-19.94491452987386, 27.76527627375216)",Not Functioning
WP4036,Well,Clean,40.0,27000.0,1997.0,Red Cross,Pay per use,27.0,Hand Pump,"(-20.612555029109572, 19.712535784064595)",Not Functioning
,Borehole,Clean,54.0,23000.0,2000.0,Red Cross,Pay per use,24.0,Motorized Pump,"(-20.548171336900246, 21.12453339017715)",Functioning
,Borehole,Contaminated,44.0,27000.0,1997.0,UNICEF,Free,27.0,Solar Pump,"(-18.088236669704315, 25.20938090139591)",Not Functioning
WP4039,,Contaminated,40.0,23000.0,2018.0,,Free,6.0,Motorized Pump,"(-19.36349533853076, 27.28421479718174)",Not Functioning
WP4040,Well,Contaminated,36.0,,2010.0,Red Cross,Free,14.0,,"(-18.71087595780353, 26.895822934266004)",Functioning
WP4041,Lake,Contaminated,40.0,27000.0,,USAID,Free,8.0,Motorized Pump,"(-21.161782587099097, 19.63040668614713)",Not Functioning
WP4042,Borehole,,39.0,,2005.0,UNICEF,Free,19.0,Motorized Pump,"(-18.953703663257446, 22.86242454648073)",Functioning
WP4043,Well,Contaminated,,24000.0,2015.0,UNICEF,Free,9.0,Solar Pump,"(-21.519787979119894, 24.931509893429865)",Not Functioning
WP4044,Well,Contaminated,43.0,24000.0,2005.0,Oxfam,Free,19.0,Motorized Pump,"(-20.32613522039548, 24.11609454941554)",Not Functioning
WP4045,,Contaminated,,25000.0,,World Bank,Free,,Motorized Pump,"(-19.892565314160905, 24.52633652553458)",
WP4046,Well,Contaminated,33.0,29000.0,,USAID,Free,32.0,Motorized Pump,"(-19.727868551858936, 24.29536242770447)",Not Functioning
,Well,Contaminated,34.0,24000.0,2006.0,Red Cross,Free,18.0,Solar Pump,"(-19.306303589108573, 24.47922340623272)",Functioning
,Well,Contaminated,37.0,23000.0,2017.0,Red Cross,Free,7.0,Solar Pump,"(-22.446109813768967, 27.520992757230445)",Not Functioning
WP4049,River,,54.0,26000.0,,Red Cross,Free,5.0,Solar Pump,"(-18.012423584368964, 28.779503461530307)",Not Functioning
WP4050,Lake,Contaminated,34.0,22000.0,2011.0,USAID,Free,13.0,Motorized Pump,,Not Functioning
WP4051,River,Clean,41.0,22000.0,2018.0,,Free,6.0,Solar Pump,"(-22.173161313525192, 20.183042757064566)",
WP4052,,Clean,41.0,27000.0,2007.0,USAID,Pay per use,17.0,Motorized Pump,"(-21.77628111083176, 20.715053504690225)",Functioning
WP4053,Well,,31.0,27000.0,,Red Cross,Pay per use,,Motorized Pump,"(-23.041053058195605, 22.795254203367293)",Not Functioning
WP4054,Well,Clean,38.0,24000.0,2010.0,Red Cross,,14.0,Motorized Pump,,Not Functioning
WP4055,Well,Clean,40.0,29000.0,2001.0,Red Cross,,23.0,Motorized Pump,,Not Functioning
WP4056,,Contaminated,40.0,21000.0,1990.0,Oxfam,Free,34.0,Motorized Pump,"(-22.39359599152788, 25.31392636533249)",Not Functioning
WP4057,Lake,Contaminated,42.0,27000.0,2007.0,Oxfam,Free,,Motorized Pump,"(-20.413994069661115, 26.795319576551268)",
WP4058,Well,Clean,34.0,,2002.0,Red Cross,Pay per use,22.0,Motorized Pump,,Not Functioning
WP4059,Lake,Contaminated,47.0,28000.0,2010.0,,Pay per use,,Solar Pump,"(-23.31454843560953, 20.414874384611366)",Not Functioning
WP4060,River,Contaminated,49.0,27000.0,2008.0,USAID,Free,16.0,Solar Pump,"(-21.4656569165751, 19.03272398695302)",Not Functioning
,Lake,,44.0,26000.0,2005.0,Red Cross,Free,19.0,Hand Pump,"(-18.294794961997667, 24.97587280253108)",Not Functioning
WP4062,Well,Contaminated,40.0,27000.0,1999.0,USAID,Free,,Motorized Pump,"(-17.90623028351999, 24.449608755594113)",Not Functioning
WP4063,,Contaminated,40.0,23000.0,,USAID,Pay per use,,Solar Pump,"(-23.96994790890692, 19.15919163615589)",Not Functioning
WP4064,Well,Contaminated,39.0,21000.0,2013.0,Red Cross,Free,11.0,Motorized Pump,"(-19.2817963025812, 25.19950240902688)",Functioning
WP4065,Well,Clean,48.0,19000.0,2013.0,,Free,11.0,Solar Pump,"(-19.13643401808732, 26.393271542607053)",Not Functioning
,Borehole,Contaminated,,,,Red Cross,,6.0,Solar Pump,"(-22.50846717961968, 23.635232456225996)",Not Functioning
WP4067,Well,Clean,41.0,24000.0,1998.0,Red Cross,Pay per use,26.0,Solar Pump,,Not Functioning
,,Contaminated,,22000.0,1996.0,USAID,,28.0,Motorized Pump,"(-19.86720155962218, 28.894949039921975)",Functioning
WP4069,Well,Clean,43.0,19000.0,2000.0,,Pay per use,,Solar Pump,,Not Functioning
,Well,Contaminated,43.0,,,Red Cross,,4.0,Motorized Pump,,Functioning
WP4071,,Contaminated,44.0,23000.0,1995.0,USAID,Pay per use,29.0,Solar Pump,"(-17.710742141814137, 28.36006425963365)",Not Functioning
WP4072,Well,Contaminated,,21000.0,2018.0,Red Cross,,,Motorized Pump,"(-23.4912052230825, 22.646261540809263)",Not Functioning
WP4073,Well,Contaminated,41.0,26000.0,2016.0,UNICEF,Free,,Solar Pump,"(-19.455224515191404, 26.342993182559418)",Not Functioning
,Lake,Contaminated,40.0,19000.0,1998.0,UNICEF,Free,26.0,Motorized Pump,"(-22.074036026306437, 26.918128003749224)",Not Functioning
WP4075,,Contaminated,54.0,26000.0,2006.0,,Free,18.0,Solar Pump,"(-22.9996027617915, 23.38238214008682)",Functioning
WP4076,Well,Contaminated,41.0,,,Oxfam,Pay per use,,,"(-22.880670055295386, 24.446016909918345)",Functioning
WP4077,Lake,Contaminated,49.0,25000.0,2019.0,Red Cross,Pay per use,5.0,Solar Pump,"(-22.318772347458143, 23.954503676529722)",Not Functioning
WP4078,,,,24000.0,2012.0,UNICEF,Free,12.0,Motorized Pump,"(-22.38991462650207, 19.046658463569628)",Functioning
WP4079,,Contaminated,42.0,23000.0,,USAID,Free,28.0,Solar Pump,"(-20.680697145844476, 28.75125119516568)",Not Functioning
WP4080,Borehole,Contaminated,34.0,21000.0,1992.0,,Free,32.0,Hand Pump,,Not Functioning
WP4081,Well,Contaminated,35.0,21000.0,1993.0,USAID,Free,31.0,,"(-18.87036066734911, 20.202426434364686)",Not Functioning
WP4082,Lake,Contaminated,,27000.0,2017.0,UNICEF,Free,7.0,Solar Pump,"(-18.113728402009563, 26.10378614248028)",Not Functioning
WP4083,Well,Contaminated,41.0,19000.0,1998.0,Oxfam,Free,,Solar Pump,"(-19.059159486278563, 27.48291439632403)",
WP4084,Well,Contaminated,,22000.0,2010.0,Red Cross,Free,14.0,Motorized Pump,"(-19.924990456911363, 24.063625786332963)",Not Functioning
WP4085,Well,,47.0,26000.0,1997.0,Red Cross,Pay per use,27.0,Motorized Pump,,Not Functioning
WP4086,Well,Contaminated,,25000.0,1990.0,,Free,34.0,Motorized Pump,"(-18.09947640717952, 28.78160991832391)",Not Functioning
WP4087,Lake,Contaminated,46.0,32000.0,2014.0,Red Cross,Free,,Solar Pump,"(-18.761937762569264, 25.988247273578665)",Not Functioning
WP4088,,,40.0,23000.0,2009.0,UNICEF,Free,15.0,,"(-19.017108765636685, 28.98241114763767)",Not Functioning
WP4089,Lake,Contaminated,49.0,24000.0,1994.0,Oxfam,,30.0,Solar Pump,"(-21.582586667602587, 21.602660442688716)",Not Functioning
WP4090,Borehole,,,23000.0,2007.0,USAID,Pay per use,17.0,Motorized Pump,"(-17.858956034625567, 28.120723607803825)",Functioning
WP4091,,Contaminated,43.0,24000.0,2004.0,USAID,Free,20.0,Motorized Pump,"(-21.471093281666867, 27.150357751821517)",Functioning
WP4092,Well,Contaminated,38.0,21000.0,2018.0,Red Cross,Free,6.0,Motorized Pump,"(-17.83338722543938, 27.77070234311754)",Not Functioning
,Well,Contaminated,51.0,23000.0,2011.0,USAID,Free,13.0,,,Not Functioning
WP4094,Lake,Contaminated,45.0,26000.0,2002.0,USAID,Pay per use,22.0,Motorized Pump,"(-17.943371223299398, 24.478872307249976)",Not Functioning
WP4095,Well,,39.0,35000.0,2002.0,USAID,,22.0,Hand Pump,"(-19.082388432165725, 28.381167294002694)",Not Functioning
WP4096,Well,Contaminated,53.0,26000.0,2010.0,Red Cross,Free,14.0,,"(-23.672006861762842, 20.804611706669803)",Not Functioning
WP4097,Well,,46.0,24000.0,1990.0,USAID,,34.0,,,
,Lake,Contaminated,38.0,19000.0,2014.0,Red Cross,,10.0,Solar Pump,"(-19.057790826945848, 26.675244664304685)",Not Functioning
WP4099,Lake,Contaminated,45.0,24000.0,2015.0,,Free,9.0,Solar Pump,"(-22.781308376788253, 23.69391474672663)",
WP4100,Lake,,46.0,28000.0,1996.0,Red Cross,Pay per use,28.0,Solar Pump,"(-19.077915638344507, 21.110462514084958)",Not Functioning
WP4101,,Contaminated,46.0,23000.0,,USAID,Free,31.0,Solar Pump,"(-21.996350066920954, 24.023785300539366)",Not Functioning
WP4102,,Contaminated,39.0,26000.0,2017.0,Red Cross,Free,7.0,Hand Pump,"(-19.099973337212294, 28.139354756482316)",Not Functioning
WP4103,Well,Clean,48.0,22000.0,2001.0,Red Cross,Pay per use,23.0,Motorized Pump,"(-18.473279911847342, 24.0947763024761)",Not Functioning
WP4104,Well,Clean,40.0,24000.0,2016.0,,Free,8.0,,"(-18.926895728331743, 24.425162628956485)",Not Functioning
WP4105,Lake,Contaminated,44.0,27000.0,2013.0,Oxfam,,11.0,Hand Pump,"(-18.656804307377776, 28.06650776595678)",Not Functioning
WP4106,Well,Contaminated,,20000.0,1991.0,Red Cross,Free,33.0,Solar Pump,"(-21.65021301834639, 26.971209511590008)",Not Functioning
WP4107,Lake,Contaminated,36.0,20000.0,2007.0,USAID,Pay per use,17.0,,"(-20.78759972091298, 21.862129995196785)",Not Functioning
,Well,Clean,50.0,29000.0,1994.0,Oxfam,Pay per use,,Motorized Pump,"(-19.913222343592366, 25.96975148146088)",Not Functioning
WP4109,Lake,,40.0,23000.0,2004.0,USAID,Free,,Hand Pump,"(-19.24441613969158, 25.240368910361646)",Not Functioning
WP4110,Borehole,Clean,44.0,24000.0,1995.0,UNICEF,Free,,Motorized Pump,"(-18.529085410620453, 26.151141771475434)",Not Functioning
,Well,Clean,,22000.0,,USAID,,20.0,Solar Pump,"(-21.523747099130887, 25.18359147198978)",Not Functioning
,Well,Clean,47.0,,,Red Cross,Free,22.0,Motorized Pump,"(-21.4954045932238, 20.10593112544955)",Functioning
,River,Contaminated,,25000.0,1998.0,USAID,Pay per use,26.0,Solar Pump,"(-21.94508104294593, 25.626235066864247)",
WP4114,,Clean,40.0,28000.0,1993.0,Red Cross,Free,31.0,Motorized Pump,,Not Functioning
WP4115,Well,Contaminated,45.0,18000.0,2011.0,USAID,Free,13.0,Motorized Pump,"(-19.65602667365741, 24.883067634261455)",Functioning
,Lake,Contaminated,38.0,,1999.0,USAID,Free,25.0,Solar Pump,"(-23.402328878702452, 22.88563541609102)",Not Functioning
WP4117,Borehole,Clean,54.0,26000.0,2007.0,USAID,Free,17.0,Hand Pump,,Not Functioning
WP4118,Borehole,Contaminated,32.0,23000.0,1998.0,USAID,Free,26.0,Solar Pump,"(-22.209119557605185, 24.036098258121825)",Not Functioning
WP4119,,,39.0,28000.0,2003.0,Oxfam,,21.0,Motorized Pump,"(-18.40396349676892, 28.320665271576036)",Functioning
WP4120,Lake,Clean,49.0,25000.0,1997.0,Red Cross,Pay per use,,Motorized Pump,"(-20.885621321787102, 25.434715954211676)",Not Functioning
WP4121,Lake,Contaminated,39.0,24000.0,1990.0,Red Cross,Free,34.0,Motorized Pump,"(-22.56858977957158, 24.591477165121546)",Not Functioning
WP4122,Well,Contaminated,38.0,19000.0,1990.0,Red Cross,Free,34.0,Solar Pump,"(-21.696236331381076, 24.47718504089625)",Not Functioning
WP4123,Well,Contaminated,45.0,,2011.0,,Free,13.0,Motorized Pump,"(-22.06409514076265, 21.779490979570696)",Functioning
WP4124,Well,Contaminated,35.0,29000.0,2002.0,Oxfam,Free,22.0,Solar Pump,"(-21.960966816323726, 26.585721078706513)",Functioning
,Lake,Contaminated,38.0,14000.0,1991.0,USAID,Free,33.0,Solar Pump,"(-21.695830022867945, 24.29988202476887)",Not Functioning
WP4126,Well,Contaminated,,22000.0,1995.0,Oxfam,Pay per use,29.0,Motorized Pump,"(-19.554284997728157, 28.21974477978021)",Not Functioning
WP4127,Well,Contaminated,37.0,24000.0,2016.0,USAID,Free,,Motorized Pump,"(-19.85092510795195, 27.734445481895026)",Functioning
,,Contaminated,46.0,27000.0,2015.0,USAID,Free,9.0,Solar Pump,"(-23.49159588883391, 21.632350864892693)",Not Functioning
WP4129,,Contaminated,32.0,26000.0,1990.0,Red Cross,Free,,,"(-20.207800879109627, 26.3638717281387)",Not Functioning
WP4130,Well,Contaminated,37.0,,2007.0,USAID,Pay per use,17.0,Solar Pump,"(-20.584730230857232, 23.18404532440413)",Not Functioning
WP4131,Well,Contaminated,,24000.0,,USAID,,,Motorized Pump,"(-23.55489579548559, 22.109684578543757)",Functioning
WP4132,Well,Contaminated,57.0,26000.0,2010.0,Red Cross,Free,,Solar Pump,"(-20.856658990683037, 21.16341387182008)",Not Functioning
WP4133,Well,Contaminated,46.0,24000.0,,USAID,Pay per use,,Solar Pump,"(-18.385408050614135, 28.151080350282506)",Not Functioning
WP4134,Lake,Contaminated,36.0,,2013.0,,Pay per use,11.0,Solar Pump,"(-21.4714195813661, 21.160006176518518)",Not Functioning
WP4135,Borehole,Clean,,25000.0,1994.0,USAID,Free,30.0,,"(-22.95541313957734, 19.6205738098068)",Not Functioning
WP4136,Lake,Contaminated,42.0,18000.0,1994.0,USAID,Free,30.0,Motorized Pump,"(-23.836095401270804, 21.47438100690389)",Not Functioning
,Lake,Contaminated,40.0,22000.0,1991.0,Red Cross,Pay per use,33.0,Motorized Pump,"(-18.986491575703365, 25.87921854191606)",Not Functioning
WP4138,Lake,Contaminated,39.0,26000.0,2009.0,Red Cross,,,Motorized Pump,"(-20.903295766701262, 25.86411639828905)",Not Functioning
WP4139,River,Contaminated,42.0,26000.0,1998.0,Red Cross,Pay per use,26.0,Motorized Pump,"(-23.37393299169951, 24.763392806356723)",Functioning
,Borehole,Contaminated,28.0,24000.0,2000.0,Red Cross,Free,24.0,Solar Pump,,Not Functioning
WP4141,Borehole,Contaminated,40.0,31000.0,2020.0,UNICEF,Free,4.0,Solar Pump,"(-19.163776595016483, 19.76424937895695)",Not Functioning
WP4142,Well,Contaminated,28.0,22000.0,,Red Cross,Free,18.0,Motorized Pump,"(-18.807890595766526, 26.809041143364286)",Not Functioning
,,,44.0,26000.0,,Red Cross,Free,15.0,Solar Pump,"(-20.51009282043133, 26.163854887088114)",Not Functioning
WP4144,Well,Clean,51.0,,2001.0,Red Cross,Free,,,"(-19.735429652750987, 25.928765455472195)",Not Functioning
,Lake,Clean,37.0,,1997.0,UNICEF,Free,27.0,,"(-17.81503851275962, 24.159564829854403)",Not Functioning
WP4146,Well,Clean,,26000.0,2002.0,Red Cross,Free,22.0,Solar Pump,,Not Functioning
,Well,Clean,42.0,24000.0,1992.0,Red Cross,Free,32.0,Motorized Pump,"(-19.59188148740425, 25.086987735532492)",Not Functioning
WP4148,Well,Clean,45.0,23000.0,1994.0,Red Cross,Free,30.0,Motorized Pump,"(-20.527242424646335, 20.81619789735078)",Not Functioning
WP4149,Lake,Contaminated,42.0,27000.0,1991.0,Oxfam,Free,33.0,Solar Pump,"(-23.086848460281526, 20.989611162258175)",Not Functioning
WP4150,Well,,45.0,24000.0,1997.0,USAID,,27.0,Motorized Pump,"(-21.094254044571638, 26.498699958190116)",Not Functioning
WP4151,Lake,Contaminated,,26000.0,1996.0,Red Cross,Free,28.0,Motorized Pump,"(-20.703664099536986, 27.274110533227056)",Not Functioning
WP4152,River,Clean,37.0,24000.0,2009.0,Red Cross,Free,15.0,,"(-21.180912134687865, 27.939053517691853)",Not Functioning
,Well,,39.0,24000.0,2002.0,Red Cross,Free,22.0,Solar Pump,"(-22.71882782554754, 20.112004349669963)",Not Functioning
WP4154,,Contaminated,37.0,25000.0,2015.0,Red Cross,Pay per use,9.0,Solar Pump,"(-22.143122861505375, 20.29030840131412)",Not Functioning
WP4155,Well,Contaminated,37.0,24000.0,,USAID,Free,21.0,Motorized Pump,"(-18.71866425592984, 28.955135141337557)",Functioning
WP4156,Borehole,Contaminated,,29000.0,,Red Cross,Free,23.0,Solar Pump,"(-23.515385378656816, 21.77288582380509)",Not Functioning
WP4157,Well,Contaminated,46.0,27000.0,1997.0,UNICEF,,27.0,,,
WP4158,Well,Clean,45.0,22000.0,2002.0,USAID,Pay per use,22.0,Motorized Pump,"(-18.79403874616516, 24.380248994640045)",Not Functioning
WP4159,Well,Contaminated,45.0,,,,Free,24.0,Solar Pump,"(-18.650317288663928, 27.613035975401022)",
WP4160,,,43.0,29000.0,,Red Cross,Free,13.0,Solar Pump,"(-21.93237011393537, 25.473078074575227)",Not Functioning
WP4161,Well,Clean,44.0,20000.0,1998.0,Red Cross,Pay per use,26.0,Motorized Pump,"(-18.79156450723585, 24.030157083817866)",Not Functioning
WP4162,Well,Contaminated,,25000.0,2011.0,Oxfam,Pay per use,13.0,Solar Pump,"(-19.703439394348283, 24.21749425748332)",Not Functioning
WP4163,Borehole,Contaminated,50.0,28000.0,1991.0,,Free,33.0,Solar Pump,"(-21.889814160407948, 21.564515208444124)",Functioning
WP4164,Borehole,Clean,30.0,18000.0,2009.0,Red Cross,Free,15.0,Hand Pump,"(-23.513388213384406, 19.049205447012262)",Not Functioning
WP4165,,,47.0,27000.0,,,Free,,Motorized Pump,"(-23.257103080622162, 22.479257329261568)",Functioning
,Well,Clean,49.0,26000.0,,,Free,13.0,Solar Pump,"(-19.286644972649388, 24.402108403678792)",Not Functioning
,Borehole,Clean,41.0,24000.0,2012.0,Red Cross,Pay per use,12.0,Motorized Pump,,Not Functioning
WP4168,,Contaminated,38.0,30000.0,1991.0,Red Cross,Free,33.0,,"(-22.438707685888645, 22.632729974156298)",Not Functioning
WP4169,Well,Contaminated,47.0,19000.0,1993.0,USAID,Pay per use,31.0,Motorized Pump,"(-20.933528489482963, 22.042422996950215)",Functioning
,Well,Contaminated,46.0,24000.0,2011.0,USAID,Free,13.0,Hand Pump,"(-19.27937722264639, 28.461528085492517)",Functioning
WP4171,Lake,Contaminated,,24000.0,,World Bank,Pay per use,,Solar Pump,,Not Functioning
,Well,Contaminated,55.0,26000.0,2000.0,Red Cross,,24.0,,,Not Functioning
,Well,Contaminated,33.0,19000.0,1997.0,USAID,Free,,Solar Pump,"(-19.817381916044717, 24.316835944309013)",Not Functioning
,Well,Clean,,24000.0,2019.0,Red Cross,Free,5.0,Motorized Pump,"(-22.438552118989413, 20.3897609109424)",Not Functioning
WP4175,Lake,Contaminated,37.0,27000.0,2000.0,Red Cross,,24.0,Solar Pump,"(-21.557035414677557, 22.923807366380274)",Not Functioning
,,Clean,,23000.0,,,,30.0,Motorized Pump,"(-20.962940363019335, 25.28403467625103)",Not Functioning
WP4177,Lake,,35.0,23000.0,1995.0,Oxfam,Free,29.0,,,Not Functioning
WP4178,River,Contaminated,40.0,26000.0,2000.0,Red Cross,Pay per use,24.0,,"(-22.20906562481158, 20.48244662396756)",Not Functioning
WP4179,Lake,Contaminated,43.0,,1996.0,,Pay per use,28.0,Motorized Pump,"(-21.66435590499608, 25.409123409311498)",Functioning
,Lake,Clean,39.0,32000.0,1994.0,Red Cross,Pay per use,30.0,Motorized Pump,"(-20.618710795062654, 24.89572205699726)",Not Functioning
WP4181,Well,Contaminated,41.0,27000.0,1994.0,Red Cross,Free,,Motorized Pump,"(-23.622293458783233, 24.93741905365538)",Not Functioning
WP4182,River,Contaminated,42.0,26000.0,1997.0,Red Cross,Pay per use,27.0,Motorized Pump,,Functioning
,Well,Contaminated,37.0,19000.0,2006.0,Oxfam,Free,,Motorized Pump,"(-20.690409147609117, 23.858301618584456)",Functioning
WP4184,Well,Contaminated,44.0,25000.0,1999.0,USAID,Free,,Motorized Pump,"(-23.569178682584702, 22.153305004677463)",Not Functioning
,Lake,,27.0,23000.0,2000.0,Red Cross,Free,24.0,,"(-18.582213600621888, 26.025433587259975)",Not Functioning
WP4186,Well,,36.0,22000.0,2011.0,UNICEF,,13.0,Motorized Pump,"(-23.733372889666693, 22.532263928451027)",Not Functioning
WP4187,Well,Contaminated,37.0,,2004.0,Red Cross,Pay per use,20.0,Motorized Pump,"(-21.181214801728256, 21.95648392208472)",Functioning
WP4188,Well,,42.0,24000.0,1995.0,USAID,Pay per use,29.0,Solar Pump,"(-20.681004467340202, 26.294836802554347)",
WP4189,Well,Contaminated,,,2009.0,Red Cross,Free,,Motorized Pump,"(-18.181985570473262, 25.62452893309428)",Functioning
WP4190,Well,Contaminated,43.0,25000.0,1992.0,,Pay per use,32.0,Motorized Pump,"(-22.9767247625622, 20.346421864424784)",Functioning
,River,Contaminated,46.0,23000.0,2003.0,Oxfam,Free,,Motorized Pump,"(-19.966363250904724, 27.70857787378313)",Functioning
WP4192,Well,Clean,52.0,22000.0,1992.0,USAID,Free,32.0,Solar Pump,"(-20.84032670934854, 26.9437330321421)",Not Functioning
WP4193,Well,,,24000.0,1995.0,USAID,Pay per use,29.0,Motorized Pump,"(-18.22058488551311, 27.446422392920145)",Functioning
WP4194,Well,Clean,28.0,,2009.0,World Bank,Free,,,"(-19.006578659318336, 25.601200555763782)",Not Functioning
,River,,47.0,22000.0,1996.0,Red Cross,Free,,Solar Pump,"(-23.64556254080245, 19.556332619903543)",
WP4196,Well,Contaminated,30.0,25000.0,2018.0,Red Cross,Pay per use,6.0,Motorized Pump,"(-20.04816439261318, 25.230134872537977)",Not Functioning
WP4197,Well,Contaminated,41.0,24000.0,1995.0,USAID,Pay per use,29.0,Motorized Pump,"(-22.57250294354975, 19.233487049581534)",Functioning
WP4198,Well,Contaminated,39.0,25000.0,1999.0,,Pay per use,25.0,Motorized Pump,"(-19.366790357736235, 24.82792679158452)",Functioning
WP4199,Well,Clean,43.0,23000.0,2014.0,,Pay per use,10.0,Motorized Pump,"(-22.565795333645813, 23.005750717778504)",Functioning
WP4200,,Contaminated,39.0,,2013.0,USAID,Free,11.0,,"(-22.09642745029798, 19.243065603644787)",Not Functioning
,Well,Clean,38.0,23000.0,2000.0,Red Cross,Pay per use,24.0,,"(-20.83767334441178, 26.4216674402281)",
WP4202,Lake,Contaminated,35.0,21000.0,,USAID,Free,4.0,Motorized Pump,"(-20.375993948119486, 24.30101006440364)",Not Functioning
WP4203,Well,Contaminated,52.0,25000.0,1990.0,Red Cross,,34.0,Motorized Pump,"(-18.78912947394192, 24.17764797341833)",Not Functioning
WP4204,Well,Contaminated,33.0,25000.0,1991.0,Red Cross,Pay per use,33.0,Motorized Pump,"(-19.904835952570146, 27.905525309378792)",Not Functioning
,Well,Clean,29.0,26000.0,,USAID,Free,20.0,Hand Pump,"(-23.941537092841692, 21.99482642395031)",Not Functioning
WP4206,Well,Clean,42.0,24000.0,1998.0,Red Cross,Free,,,"(-19.92222737623885, 26.190383775728293)",Not Functioning
,Well,,,27000.0,2007.0,Red Cross,Free,17.0,Motorized Pump,"(-17.944456884996452, 28.04717692038602)",Not Functioning
,Well,Contaminated,40.0,25000.0,1996.0,,Free,28.0,Motorized Pump,"(-21.9275881690232, 19.71646758368777)",
WP4209,Well,Clean,,25000.0,2015.0,Red Cross,Free,9.0,Motorized Pump,"(-18.637585127573242, 24.292924967808144)",Not Functioning
,Lake,Contaminated,42.0,23000.0,2002.0,Red Cross,,22.0,Motorized Pump,"(-22.968325109097282, 20.676149415483035)",Not Functioning
WP4211,Lake,Contaminated,46.0,23000.0,2018.0,Red Cross,,6.0,Motorized Pump,"(-20.461292459014057, 26.09568866324021)",Not Functioning
WP4212,,Contaminated,36.0,24000.0,2004.0,USAID,Free,20.0,Motorized Pump,"(-22.59448723565856, 21.976772316047644)",Not Functioning
WP4213,Lake,Clean,,27000.0,2007.0,Red Cross,,17.0,Solar Pump,,Not Functioning
WP4214,Well,,40.0,20000.0,,,Free,,Motorized Pump,"(-19.078478462499415, 27.578995364516416)",Functioning
WP4215,Lake,Clean,32.0,27000.0,1997.0,Red Cross,Free,27.0,,"(-18.849987499737043, 28.4542982759438)",Not Functioning
WP4216,Well,,41.0,20000.0,2000.0,Oxfam,Free,24.0,Motorized Pump,"(-18.128783052276138, 27.635763807731255)",Not Functioning
WP4217,Well,,46.0,20000.0,2001.0,UNICEF,Pay per use,23.0,Solar Pump,"(-22.381591748314634, 20.394943767443852)",Not Functioning
,Lake,,43.0,27000.0,1993.0,UNICEF,Pay per use,31.0,Motorized Pump,"(-18.55530123478426, 25.124941061444694)",Not Functioning
,Borehole,Contaminated,54.0,21000.0,1994.0,UNICEF,Pay per use,30.0,Solar Pump,"(-22.62032885893435, 19.041392158384095)",Functioning
WP4220,Lake,Contaminated,46.0,,2007.0,Red Cross,Free,17.0,Hand Pump,"(-19.386228741783974, 25.72500980355497)",Not Functioning
WP4221,Borehole,,47.0,25000.0,2012.0,USAID,Pay per use,,Solar Pump,"(-21.720883541636624, 23.384541893590743)",Not Functioning
WP4222,,Contaminated,34.0,,1995.0,,Pay per use,29.0,Motorized Pump,"(-22.97416802967833, 19.40534934645816)",Not Functioning
WP4223,Lake,Clean,,21000.0,2012.0,Oxfam,Pay per use,12.0,Motorized Pump,"(-20.935204728851957, 26.988142040345718)",Not Functioning
WP4224,Well,Contaminated,46.0,,2011.0,Oxfam,Free,13.0,,"(-19.679672612850677, 27.493655540187657)",Not Functioning
WP4225,Borehole,Contaminated,38.0,23000.0,1991.0,,Free,33.0,,"(-19.957085899949266, 27.716946369199103)",Functioning
WP4226,Borehole,Contaminated,34.0,25000.0,2002.0,Red Cross,Pay per use,22.0,Motorized Pump,"(-23.93173865291321, 22.401870880361813)",Functioning
WP4227,Well,Contaminated,37.0,,1996.0,,Free,28.0,Solar Pump,"(-22.489064812040862, 22.080027566945617)",Not Functioning
WP4228,Well,Contaminated,,25000.0,,USAID,Free,20.0,,"(-20.478541422619763, 24.967732506402168)",Not Functioning
WP4229,Well,Contaminated,37.0,25000.0,2017.0,UNICEF,Free,7.0,,"(-21.402940944739356, 27.31683624254802)",Functioning
WP4230,Lake,Clean,,26000.0,1991.0,Oxfam,Free,33.0,Solar Pump,"(-19.76465668909753, 26.256105344043696)",Not Functioning
WP4231,Lake,Clean,41.0,21000.0,,Oxfam,Free,22.0,Motorized Pump,"(-21.528162010054068, 20.47937182411362)",Not Functioning
WP4232,Borehole,Contaminated,35.0,25000.0,2018.0,Red Cross,Free,6.0,Motorized Pump,"(-18.878366559719325, 27.21012932168224)",Functioning
WP4233,Well,Contaminated,45.0,15000.0,2010.0,Oxfam,Free,14.0,Motorized Pump,"(-23.681173078148184, 20.190860344194135)",Functioning
WP4234,,Contaminated,48.0,24000.0,2016.0,USAID,Free,8.0,Motorized Pump,"(-21.568097319904012, 21.325576602079277)",Functioning
,,Contaminated,35.0,,,USAID,Pay per use,30.0,Motorized Pump,"(-21.59664328614131, 22.610512242462754)",Not Functioning
,Well,,45.0,22000.0,,Red Cross,Free,20.0,Motorized Pump,"(-18.71978885101401, 26.776209815088365)",Not Functioning
WP4237,Well,Contaminated,48.0,17000.0,2001.0,USAID,Pay per use,23.0,Motorized Pump,"(-19.023238914861317, 25.74399683560053)",Not Functioning
WP4238,Lake,Clean,38.0,28000.0,1993.0,USAID,Free,31.0,,,Not Functioning
WP4239,Well,Clean,51.0,25000.0,1996.0,Oxfam,Pay per use,28.0,Motorized Pump,"(-22.24843485113963, 21.155886907198234)",Functioning
WP4240,,,33.0,18000.0,2007.0,USAID,Pay per use,17.0,Solar Pump,"(-20.63966707067177, 25.77632789543955)",Not Functioning
WP4241,Well,Contaminated,,25000.0,1996.0,USAID,,,Solar Pump,"(-20.903197725408933, 25.700184143532418)",
,Well,Clean,47.0,,2004.0,,Free,20.0,,"(-21.692724725198243, 22.77080881790573)",Not Functioning
,Borehole,,37.0,23000.0,2008.0,Red Cross,Pay per use,16.0,Motorized Pump,"(-21.09084672121966, 23.817310331559668)",Not Functioning
,River,,35.0,23000.0,,USAID,Free,,Motorized Pump,"(-21.66395350443245, 19.163249377212573)",Not Functioning
WP4245,Lake,,51.0,23000.0,,,Free,33.0,Solar Pump,,Not Functioning
WP4246,Borehole,Contaminated,,25000.0,2004.0,,Pay per use,20.0,Motorized Pump,"(-21.035802740867364, 24.788194836650703)",Functioning
,Lake,Clean,50.0,22000.0,2002.0,Oxfam,Free,22.0,Motorized Pump,"(-19.36221501191334, 27.44227726578306)",Not Functioning
,Well,Contaminated,27.0,23000.0,2003.0,,Free,21.0,Hand Pump,,Not Functioning
WP4249,Lake,Clean,40.0,21000.0,2004.0,Red Cross,Free,20.0,Solar Pump,"(-21.699524584883548, 26.28755651253148)",Not Functioning
WP4250,Well,Contaminated,39.0,21000.0,1997.0,USAID,Pay per use,27.0,Motorized Pump,"(-18.158217747906274, 24.620532148597032)",Not Functioning
WP4251,Well,Contaminated,36.0,21000.0,1998.0,Red Cross,Pay per use,,Solar Pump,,Not Functioning
WP4252,Lake,Contaminated,36.0,23000.0,2018.0,Oxfam,Free,6.0,,"(-22.107695374607545, 23.646857332456136)",Not Functioning
WP4253,Well,Clean,39.0,22000.0,2004.0,,Free,,Solar Pump,,Not Functioning
WP4254,Lake,Contaminated,38.0,33000.0,1998.0,,,26.0,Motorized Pump,"(-20.982560402077247, 27.06158395005654)",
WP4255,,Contaminated,45.0,26000.0,2016.0,World Bank,Free,8.0,Motorized Pump,"(-19.61836634108402, 26.463376707339876)",Not Functioning
WP4256,Well,Contaminated,42.0,27000.0,2000.0,USAID,Pay per use,24.0,,"(-19.99079359904344, 27.294490004793776)",Not Functioning
WP4257,Borehole,Clean,44.0,22000.0,2020.0,,Pay per use,,Motorized Pump,"(-20.87186262444053, 20.478976109156978)",Functioning
WP4258,Lake,,39.0,21000.0,1994.0,USAID,Free,,,,
WP4259,Well,Contaminated,,21000.0,1998.0,,Pay per use,26.0,Solar Pump,"(-19.48995180260211, 22.880223616634208)",Not Functioning
WP4260,River,Contaminated,40.0,22000.0,2018.0,Oxfam,Free,6.0,Solar Pump,"(-19.835314810018755, 25.58230409932608)",Not Functioning
,Well,Contaminated,52.0,21000.0,2015.0,Red Cross,Free,9.0,Solar Pump,"(-23.233688623499113, 23.02325342863398)",Functioning
WP4262,Lake,Contaminated,,26000.0,1994.0,Red Cross,Pay per use,30.0,Motorized Pump,"(-21.942152361428523, 22.782954010358022)",Not Functioning
WP4263,,Contaminated,49.0,22000.0,2016.0,USAID,Free,8.0,,"(-20.086513230080566, 26.73281647512878)",Not Functioning
WP4264,Well,Contaminated,45.0,28000.0,2014.0,USAID,Free,10.0,,"(-22.716779811268268, 23.24999942603212)",Functioning
,,Clean,47.0,24000.0,,Red Cross,Free,19.0,Motorized Pump,"(-23.9956355744285, 22.405746060466697)",Not Functioning
WP4266,Lake,Contaminated,39.0,24000.0,1996.0,USAID,Free,,Motorized Pump,"(-19.99146230647107, 28.862105363532084)",Not Functioning
WP4267,Well,Contaminated,35.0,,2000.0,UNICEF,Free,,Solar Pump,"(-22.120324906636583, 20.538783721077497)",Not Functioning
,Well,Contaminated,,21000.0,2008.0,USAID,Free,16.0,Solar Pump,"(-22.443982167232914, 19.73928120721402)",Not Functioning
,,Contaminated,39.0,29000.0,1995.0,USAID,Pay per use,29.0,Motorized Pump,"(-18.46793182436643, 28.719011321025437)",Functioning
WP4270,Lake,Contaminated,45.0,27000.0,2002.0,Red Cross,Free,22.0,Solar Pump,"(-23.17455203251098, 26.33958527390285)",Not Functioning
WP4271,Well,,43.0,31000.0,2001.0,USAID,Pay per use,23.0,,,Functioning
WP4272,Well,Contaminated,54.0,,1993.0,Oxfam,Free,31.0,Motorized Pump,"(-18.346692021825017, 27.642639981158336)",
WP4273,Well,Contaminated,36.0,25000.0,1998.0,USAID,Pay per use,26.0,Solar Pump,"(-23.03875055579214, 22.360277946892825)",Not Functioning
WP4274,Lake,Clean,31.0,,1995.0,Red Cross,Free,29.0,Hand Pump,"(-18.71025767669589, 19.810693160762785)",Not Functioning
,Well,Contaminated,43.0,28000.0,2014.0,UNICEF,Free,10.0,Motorized Pump,"(-19.333955253079182, 26.870887576323792)",Functioning
WP4276,Lake,Contaminated,40.0,21000.0,1994.0,USAID,Pay per use,30.0,Solar Pump,"(-23.024049585957545, 23.157994559278734)",Not Functioning
,River,,42.0,,,Red Cross,Free,30.0,Hand Pump,,
WP4278,Well,Contaminated,33.0,27000.0,2000.0,,Free,,Solar Pump,"(-22.95339465174002, 20.94975752197437)",
WP4279,,Contaminated,43.0,22000.0,1996.0,UNICEF,Free,,Motorized Pump,,Functioning
WP4280,Well,Contaminated,,20000.0,2009.0,Red Cross,Free,15.0,Solar Pump,"(-20.68969917037819, 25.55077964225144)",Not Functioning
WP4281,,Clean,39.0,18000.0,,Red Cross,Pay per use,9.0,Motorized Pump,"(-20.219652505506925, 21.09368574922404)",Not Functioning
,Lake,Clean,53.0,,2008.0,USAID,Free,16.0,Motorized Pump,"(-19.141739744175222, 25.849259787761216)",Not Functioning
WP4283,Lake,Clean,32.0,22000.0,,,,11.0,Motorized Pump,"(-19.73356185515898, 26.86193103810794)",Not Functioning
WP4284,Lake,,35.0,23000.0,1992.0,Red Cross,Free,,Motorized Pump,"(-23.11081370169924, 26.98658120225782)",Not Functioning
WP4285,Well,Clean,47.0,,,Red Cross,Free,33.0,Hand Pump,"(-19.14934979788722, 26.574896138154447)",
WP4286,Borehole,Clean,45.0,,2019.0,Red Cross,Free,5.0,Motorized Pump,"(-20.84643797814512, 27.124996729710574)",Not Functioning
WP4287,River,Contaminated,47.0,25000.0,1991.0,USAID,Free,33.0,Motorized Pump,"(-19.896352801351004, 26.51620343825793)",Functioning
WP4288,Well,Contaminated,38.0,19000.0,2020.0,Red Cross,Free,4.0,Hand Pump,"(-19.667087606408987, 24.616331827323133)",Functioning
WP4289,Well,,28.0,16000.0,1999.0,Oxfam,,25.0,Solar Pump,"(-22.47423855009067, 26.232355514112328)",Not Functioning
WP4290,Borehole,Contaminated,33.0,22000.0,2018.0,,Free,6.0,,"(-17.55202450228903, 21.99030845687174)",Not Functioning
WP4291,Well,Contaminated,,21000.0,2003.0,,Pay per use,21.0,Motorized Pump,"(-21.626238360438904, 24.8109616304375)",Not Functioning
WP4292,Borehole,Contaminated,47.0,26000.0,2004.0,Red Cross,Free,20.0,Motorized Pump,"(-22.11685365404396, 25.145617871914066)",Functioning
,,Clean,43.0,21000.0,1996.0,Oxfam,Free,28.0,Motorized Pump,"(-19.884394572970553, 24.53792502813614)",Not Functioning
WP4294,Borehole,Clean,,,2012.0,Red Cross,Pay per use,12.0,Solar Pump,,Not Functioning
WP4295,Borehole,Contaminated,41.0,21000.0,1997.0,,Free,27.0,,"(-21.24306422326972, 25.780090204649017)",Functioning
WP4296,Lake,Contaminated,43.0,23000.0,1998.0,Oxfam,Free,26.0,Solar Pump,"(-23.58988925779728, 19.13560799927293)",Not Functioning
WP4297,Well,Contaminated,50.0,26000.0,2015.0,,Free,9.0,Motorized Pump,,Functioning
,Lake,Contaminated,56.0,25000.0,2000.0,USAID,Free,24.0,Motorized Pump,,Not Functioning
WP4299,,Contaminated,40.0,25000.0,2007.0,USAID,Free,,Solar Pump,"(-21.858332432289604, 22.409111201537762)",Not Functioning
WP4300,Well,Clean,38.0,,2016.0,,Free,8.0,Motorized Pump,"(-23.37056662283282, 22.775203600846787)",Not Functioning
WP4301,Lake,Contaminated,49.0,29000.0,2001.0,USAID,Free,23.0,,"(-20.600657465204623, 26.686944123090214)",Not Functioning
WP4302,Borehole,Clean,31.0,,2014.0,,Pay per use,10.0,,,Functioning
WP4303,Well,Contaminated,34.0,26000.0,2003.0,Red Cross,Free,,Motorized Pump,"(-19.248221226575854, 25.518012166141833)",Not Functioning
WP4304,Lake,Contaminated,46.0,18000.0,2000.0,Red Cross,Pay per use,24.0,Solar Pump,"(-22.916314603034753, 21.594737783791253)",Not Functioning
WP4305,,Clean,50.0,21000.0,2003.0,USAID,Free,,Solar Pump,,Not Functioning
WP4306,Well,,47.0,27000.0,1990.0,Red Cross,Free,34.0,Motorized Pump,"(-23.94252164834767, 24.72634782560484)",Not Functioning
,Lake,Clean,32.0,26000.0,1991.0,USAID,Pay per use,33.0,Hand Pump,"(-19.64297565566594, 19.466975425384884)",Not Functioning
WP4308,Borehole,Clean,37.0,18000.0,2004.0,UNICEF,Pay per use,20.0,,"(-19.29047050081349, 25.461676872535655)",Not Functioning
WP4309,Lake,Contaminated,29.0,21000.0,,Oxfam,Pay per use,24.0,Hand Pump,"(-21.465043700446174, 22.075554711318983)",Not Functioning
WP4310,Well,Clean,57.0,24000.0,2005.0,UNICEF,Pay per use,19.0,Motorized Pump,"(-22.677112682773743, 23.796198670218956)",Functioning
WP4311,Well,Contaminated,28.0,26000.0,1996.0,,Free,28.0,Solar Pump,"(-17.87217999212052, 24.777775951772735)",Not Functioning
WP4312,Well,Contaminated,53.0,24000.0,2019.0,Oxfam,Pay per use,5.0,Motorized Pump,"(-19.338631995709346, 24.971226336104223)",Functioning
WP4313,,Clean,41.0,27000.0,1999.0,Oxfam,Pay per use,25.0,Solar Pump,,Not Functioning
WP4314,Lake,Contaminated,33.0,21000.0,2002.0,Red Cross,Free,22.0,Motorized Pump,,Not Functioning
WP4315,Well,,,21000.0,1996.0,,Free,28.0,Motorized Pump,"(-23.09146615136689, 20.81288822791927)",
WP4316,Well,Contaminated,42.0,25000.0,2017.0,USAID,Free,,Solar Pump,"(-23.60568665150138, 21.339946638599255)",
,Lake,Contaminated,38.0,24000.0,1990.0,Red Cross,Free,,Motorized Pump,,Not Functioning
WP4318,,Contaminated,36.0,22000.0,2020.0,Red Cross,Free,,Motorized Pump,"(-18.820933487220476, 27.36485455677773)",Functioning
,Well,Contaminated,30.0,25000.0,2000.0,Red Cross,Free,24.0,Solar Pump,"(-21.461013795410018, 26.758050567949805)",Not Functioning
WP4320,Well,,,25000.0,2008.0,,Free,16.0,Solar Pump,,Not Functioning
WP4321,Lake,Contaminated,34.0,,1990.0,Red Cross,Free,34.0,,"(-21.814109681675102, 21.81340719499537)",
WP4322,Lake,,44.0,18000.0,1994.0,USAID,,30.0,Motorized Pump,"(-21.681902265496692, 26.048727739131337)",Not Functioning
WP4323,Well,Contaminated,55.0,20000.0,2003.0,Red Cross,Free,,Solar Pump,"(-19.526281853344013, 25.422651929120068)",Not Functioning
,River,Contaminated,51.0,25000.0,1993.0,Red Cross,Free,31.0,Motorized Pump,,Not Functioning
,,Clean,,20000.0,1993.0,Red Cross,Free,31.0,Motorized Pump,"(-19.75390077685742, 27.154812667473543)",Not Functioning
WP4326,,Contaminated,,21000.0,1996.0,Red Cross,,28.0,Motorized Pump,"(-20.94885486628307, 26.332026160559067)",Functioning
WP4327,Well,Clean,,18000.0,2009.0,USAID,Free,,Motorized Pump,,Not Functioning
WP4328,Lake,Contaminated,42.0,24000.0,2004.0,,Free,,Hand Pump,"(-19.973218734643286, 24.574175260299384)",Not Functioning
WP4329,Lake,Contaminated,,20000.0,2000.0,Oxfam,,24.0,Solar Pump,"(-19.937252491989543, 22.764609161766884)",Not Functioning
WP4330,Well,Contaminated,40.0,20000.0,2012.0,Red Cross,Pay per use,12.0,Solar Pump,"(-20.70510560723848, 21.21299561960375)",Not Functioning
WP4331,Lake,Contaminated,44.0,25000.0,2007.0,Red Cross,Pay per use,17.0,Motorized Pump,"(-23.261843742736552, 19.029341033755728)",Functioning
WP4332,Well,Contaminated,52.0,27000.0,2007.0,USAID,Pay per use,17.0,Hand Pump,"(-23.824196852156106, 19.135565161587618)",Not Functioning
WP4333,Well,Contaminated,35.0,,,Red Cross,,,Solar Pump,"(-19.73869936386199, 24.768455794659822)",Not Functioning
,Borehole,Contaminated,42.0,24000.0,1990.0,,Free,34.0,Solar Pump,,Not Functioning
,Well,Contaminated,44.0,24000.0,1997.0,Red Cross,,,Motorized Pump,,Not Functioning
WP4336,Lake,Clean,42.0,23000.0,2019.0,Red Cross,,5.0,Motorized Pump,,Not Functioning
,Well,,47.0,24000.0,1991.0,Oxfam,Free,33.0,,"(-19.147979604750976, 27.15519054505006)",
WP4338,Well,Clean,43.0,26000.0,2020.0,USAID,Free,4.0,Hand Pump,"(-22.33216782557794, 19.897677272825675)",Not Functioning
WP4339,Well,Contaminated,45.0,27000.0,2010.0,UNICEF,Free,14.0,Solar Pump,,Not Functioning
WP4340,Well,,40.0,,1999.0,,Free,25.0,Hand Pump,,Not Functioning
,,Clean,,25000.0,2000.0,USAID,Free,24.0,Motorized Pump,,Not Functioning
WP4342,Lake,Clean,,20000.0,2005.0,USAID,Free,19.0,Motorized Pump,"(-18.876229059149072, 20.93184103130637)",Not Functioning
WP4343,Lake,Contaminated,,24000.0,2002.0,Oxfam,Pay per use,22.0,Solar Pump,"(-23.955057962366098, 21.059328745455158)",Not Functioning
WP4344,Borehole,,46.0,,2009.0,UNICEF,Pay per use,15.0,Solar Pump,"(-22.676068084013405, 22.578719100059345)",Not Functioning
WP4345,,Clean,37.0,21000.0,2006.0,Red Cross,Free,18.0,Solar Pump,"(-21.734116020500124, 22.010003354500604)",Not Functioning
WP4346,Well,Contaminated,30.0,24000.0,2005.0,Red Cross,Free,19.0,Solar Pump,"(-22.664021192725336, 22.357722043512876)",Not Functioning
WP4347,Well,,47.0,,2006.0,Red Cross,Free,18.0,,"(-18.685647219415348, 26.469956628697606)",Functioning
WP4348,Well,,60.0,26000.0,2004.0,,Free,20.0,Motorized Pump,"(-17.633600094381215, 27.787812664587186)",Not Functioning
WP4349,Well,Clean,49.0,18000.0,,Red Cross,Free,,Hand Pump,"(-21.589923363714476, 22.255591130281307)",Functioning
WP4350,Well,Clean,30.0,26000.0,2016.0,USAID,Free,8.0,Solar Pump,"(-20.666398247344503, 26.871153172266272)",
WP4351,Lake,Contaminated,41.0,,1998.0,Red Cross,Pay per use,26.0,,"(-18.903822660076113, 26.727985935699543)",Not Functioning
WP4352,Well,Contaminated,,26000.0,2003.0,Red Cross,Free,21.0,Motorized Pump,"(-19.593391787910694, 28.346959979009632)",Functioning
WP4353,Borehole,,39.0,28000.0,1990.0,,Free,34.0,Solar Pump,,Not Functioning
WP4354,Lake,,43.0,,2004.0,Oxfam,Pay per use,20.0,Solar Pump,"(-21.638450615329596, 26.22849333109825)",Not Functioning
WP4355,Well,Clean,38.0,24000.0,2002.0,Oxfam,Pay per use,22.0,Motorized Pump,,Not Functioning
WP4356,River,Contaminated,37.0,,1993.0,Red Cross,Free,31.0,Solar Pump,"(-21.438728681609533, 25.223418687263614)",Not Functioning
,Well,,42.0,20000.0,1990.0,Oxfam,Free,34.0,Solar Pump,"(-19.92071413049819, 25.808054685524763)",Functioning
WP4358,Well,Clean,36.0,22000.0,2005.0,UNICEF,Pay per use,19.0,Hand Pump,"(-22.652593132245965, 20.694605968468355)",Not Functioning
WP4359,,Contaminated,,26000.0,2019.0,,Pay per use,5.0,Motorized Pump,"(-23.736198885449173, 22.22731072470399)",Not Functioning
WP4360,,,36.0,22000.0,2005.0,Oxfam,Pay per use,19.0,Motorized Pump,"(-18.732984976537256, 25.25003877004271)",Functioning
WP4361,Well,,37.0,20000.0,2001.0,Oxfam,Free,,Motorized Pump,"(-23.30071046124359, 19.979643871415362)",Not Functioning
WP4362,Well,Contaminated,43.0,23000.0,2017.0,Red Cross,Free,7.0,,"(-19.986620801480612, 24.762587129579845)",Not Functioning
WP4363,Well,Contaminated,44.0,20000.0,1990.0,,Pay per use,,Solar Pump,"(-21.045414002875223, 25.159222816114184)",Functioning
WP4364,Lake,,43.0,23000.0,2011.0,USAID,Free,13.0,Solar Pump,"(-19.913763843646805, 27.7179267583027)",Not Functioning
WP4365,Lake,Clean,42.0,21000.0,2007.0,Red Cross,Free,17.0,Solar Pump,,Not Functioning
WP4366,Well,Clean,46.0,25000.0,1997.0,Red Cross,,,Solar Pump,"(-19.747807108535213, 26.986089285594865)",Not Functioning
,Lake,Clean,48.0,23000.0,2014.0,USAID,Free,10.0,Motorized Pump,"(-22.727714411471272, 23.12133009667754)",Not Functioning
,Well,Contaminated,,24000.0,2005.0,Red Cross,,19.0,,"(-22.642642239285053, 20.7859872880262)",Not Functioning
WP4369,Well,Contaminated,33.0,25000.0,,Red Cross,Free,19.0,Motorized Pump,,Not Functioning
WP4370,Well,Contaminated,32.0,27000.0,1997.0,Oxfam,Free,27.0,Motorized Pump,"(-19.530841997443375, 24.675886720679884)",Functioning
WP4371,Lake,Clean,,25000.0,,,Free,17.0,Solar Pump,"(-19.066542456556583, 25.53128412747548)",Not Functioning
WP4372,Well,,47.0,26000.0,2016.0,UNICEF,Free,8.0,Motorized Pump,"(-23.991758198920717, 24.65867787512837)",Functioning
WP4373,Well,Contaminated,34.0,,2020.0,Red Cross,Free,4.0,Motorized Pump,"(-23.878830664900505, 23.085385880630206)",Not Functioning
WP4374,Well,,,23000.0,,Red Cross,Free,,,"(-23.987814302499626, 21.844284693493712)",Not Functioning
,Lake,Contaminated,42.0,24000.0,2018.0,USAID,Pay per use,6.0,Motorized Pump,,Not Functioning
WP4376,Lake,,49.0,21000.0,2001.0,USAID,,23.0,Motorized Pump,"(-22.594499422710037, 22.887937433204428)",Not Functioning
WP4377,Lake,Contaminated,47.0,20000.0,2005.0,Red Cross,Pay per use,19.0,Motorized Pump,"(-20.50388390517699, 24.934664513553685)",Not Functioning
WP4378,Well,,45.0,,2014.0,USAID,Free,10.0,Motorized Pump,"(-19.038561151572587, 26.6906289027135)",Not Functioning
WP4379,Lake,Contaminated,47.0,22000.0,1990.0,Red Cross,Free,34.0,Solar Pump,"(-21.0075316030817, 20.7424091496295)",Not Functioning
WP4380,Borehole,Clean,38.0,27000.0,2001.0,Oxfam,Pay per use,23.0,Hand Pump,"(-19.92104497925413, 27.51431794587224)",Functioning
WP4381,,Contaminated,42.0,29000.0,1998.0,Red Cross,Free,26.0,Motorized Pump,"(-18.695160951467514, 20.518442497485434)",Not Functioning
WP4382,Lake,Contaminated,36.0,24000.0,1996.0,USAID,Free,28.0,Solar Pump,"(-23.369397552309863, 23.218015686734265)",Not Functioning
WP4383,Lake,Contaminated,47.0,24000.0,2002.0,,Free,,Solar Pump,"(-18.78539176086126, 24.448200591308183)",Not Functioning
,Well,Contaminated,,24000.0,,USAID,Free,25.0,Solar Pump,"(-22.212653026597234, 23.37468316931156)",Not Functioning
,Well,Clean,34.0,,1990.0,Red Cross,Free,34.0,,"(-23.618022788158946, 22.287994208698905)",Not Functioning
WP4386,Lake,Contaminated,45.0,26000.0,2010.0,USAID,Free,14.0,Motorized Pump,"(-23.61074322867412, 26.888137588980506)",Not Functioning
WP4387,,Contaminated,38.0,,,Red Cross,Free,4.0,Solar Pump,"(-18.65460800675666, 27.197860751341885)",Not Functioning
WP4388,Lake,Contaminated,41.0,27000.0,2009.0,Red Cross,,15.0,Motorized Pump,"(-19.58782364659939, 24.208566219454976)",Not Functioning
WP4389,Lake,Clean,43.0,28000.0,2000.0,Red Cross,Free,24.0,Motorized Pump,,Not Functioning
WP4390,Well,Contaminated,41.0,26000.0,2017.0,USAID,Pay per use,7.0,Motorized Pump,"(-20.716931227115776, 26.799427661808302)",Not Functioning
WP4391,Well,Contaminated,41.0,18000.0,,Oxfam,Pay per use,11.0,Solar Pump,"(-18.566253025505983, 24.077138545041713)",Not Functioning
,,Clean,48.0,20000.0,1998.0,Red Cross,Free,,Hand Pump,"(-20.94514850931866, 20.85114730884896)",Not Functioning
WP4393,Borehole,,,28000.0,1995.0,Red Cross,Free,29.0,Solar Pump,"(-18.22730260026459, 28.618585977329843)",
,Well,Clean,,26000.0,1998.0,,Pay per use,26.0,Motorized Pump,"(-18.880954796561962, 24.242563875391458)",Not Functioning
WP4395,Lake,Contaminated,35.0,,1999.0,USAID,Pay per use,25.0,Motorized Pump,"(-19.405593167571325, 26.199721552510407)",Not Functioning
WP4396,Well,,43.0,28000.0,1990.0,,Free,34.0,Motorized Pump,"(-23.47716992164385, 20.68842530276094)",
WP4397,,Clean,38.0,27000.0,2014.0,,Free,,Motorized Pump,"(-19.856828102085572, 26.87774568435597)",Not Functioning
WP4398,Well,Contaminated,49.0,19000.0,2003.0,Red Cross,Free,21.0,Motorized Pump,,Not Functioning
WP4399,Well,Contaminated,41.0,26000.0,1996.0,USAID,Pay per use,28.0,Solar Pump,"(-18.815295960468415, 27.43302309231776)",Not Functioning
WP4400,Lake,Clean,42.0,21000.0,1996.0,,Free,28.0,Motorized Pump,"(-21.593972339113577, 28.865740401020314)",Not Functioning
,Well,Contaminated,48.0,24000.0,2017.0,USAID,Free,7.0,Motorized Pump,"(-20.87739541953058, 20.480256084331117)",Functioning
WP4402,Well,Contaminated,36.0,21000.0,,Oxfam,Free,11.0,Motorized Pump,"(-21.74330399703151, 24.247324244953493)",
WP4403,Well,Contaminated,44.0,22000.0,1992.0,USAID,Pay per use,32.0,Solar Pump,"(-21.83348886486534, 21.333425284965713)",Not Functioning
WP4404,Lake,,41.0,25000.0,2006.0,Red Cross,Free,18.0,Motorized Pump,,Functioning
,Lake,Contaminated,45.0,23000.0,2012.0,,,,Motorized Pump,"(-18.054183272949565, 26.56318718851995)",Not Functioning
,Lake,Clean,43.0,23000.0,1995.0,Red Cross,Pay per use,29.0,,,Not Functioning
WP4407,Lake,Contaminated,34.0,23000.0,2020.0,USAID,Free,4.0,Solar Pump,"(-22.096603495843482, 24.44890371022621)",Not Functioning
WP4408,Well,Contaminated,32.0,,2020.0,Oxfam,,,Motorized Pump,"(-21.390742614679645, 22.736454496257423)",Functioning
WP4409,,Contaminated,47.0,29000.0,2007.0,Red Cross,Free,17.0,,"(-22.825804562475412, 21.735674924870896)",Functioning
,Borehole,Clean,51.0,,2009.0,Red Cross,Pay per use,,Solar Pump,"(-19.158036774924785, 27.52431543798583)",
WP4411,Lake,Contaminated,46.0,17000.0,2002.0,,Free,22.0,,"(-23.94125933597665, 22.546835585112923)",Functioning
WP4412,Well,Contaminated,,20000.0,2013.0,,Pay per use,,Motorized Pump,,Not Functioning
WP4413,,,,28000.0,1991.0,Oxfam,Pay per use,,Solar Pump,,Not Functioning
WP4414,Lake,Contaminated,,21000.0,,Red Cross,Free,11.0,Hand Pump,"(-18.983819325778754, 27.40420960405541)",Not Functioning
WP4415,Well,Clean,37.0,28000.0,2020.0,Red Cross,Free,4.0,,"(-19.8939918759969, 25.616399218909102)",Not Functioning
WP4416,,Contaminated,42.0,27000.0,,USAID,,20.0,Solar Pump,,Not Functioning
WP4417,,Contaminated,39.0,23000.0,,USAID,Free,27.0,Hand Pump,"(-17.82008559095458, 25.603709206586636)",Functioning
WP4418,Well,,41.0,23000.0,2005.0,USAID,Free,19.0,Solar Pump,"(-17.65658252551371, 28.506024591891865)",Not Functioning
WP4419,Well,Contaminated,49.0,27000.0,2011.0,,Free,,Motorized Pump,"(-20.307466885959006, 25.70399314228138)",Functioning
WP4420,Well,Contaminated,,27000.0,2000.0,Oxfam,Pay per use,,Motorized Pump,"(-23.333401415674366, 21.231761463810077)",Not Functioning
WP4421,Lake,Contaminated,33.0,26000.0,1993.0,Oxfam,Free,31.0,Motorized Pump,"(-19.888555853775117, 25.2271431702305)",Not Functioning
WP4422,Well,Contaminated,35.0,25000.0,2000.0,Red Cross,Free,24.0,Motorized Pump,"(-20.875197545197725, 23.739407782097118)",Functioning
,Well,,47.0,29000.0,,Oxfam,Free,,Solar Pump,"(-21.765970629196552, 21.937182350796014)",
WP4424,Lake,Clean,,22000.0,1990.0,UNICEF,Free,34.0,Motorized Pump,"(-18.885857678740663, 26.964388112454703)",Not Functioning
,Well,Contaminated,39.0,25000.0,1996.0,USAID,,28.0,Motorized Pump,"(-17.510340264265736, 26.605278991787085)",Not Functioning
WP4426,Well,Contaminated,29.0,23000.0,,Oxfam,Free,8.0,Motorized Pump,"(-22.055322925307728, 21.06215306224112)",Functioning
WP4427,Lake,Clean,38.0,19000.0,,USAID,Pay per use,6.0,,"(-21.115735918120322, 21.35080931129512)",Not Functioning
WP4428,Well,Contaminated,,18000.0,,USAID,Free,30.0,Motorized Pump,"(-18.440783010240082, 27.616041394228592)",Not Functioning
,Well,Contaminated,44.0,26000.0,1995.0,UNICEF,,29.0,,"(-22.49950233959006, 22.43043472357476)",Functioning
WP4430,Lake,Contaminated,44.0,23000.0,2019.0,Red Cross,,,Motorized Pump,"(-18.326470505900627, 26.518033141964864)",Not Functioning
,Well,Contaminated,,20000.0,2004.0,Red Cross,Free,20.0,Hand Pump,"(-22.975838995638554, 23.951204534636098)",Not Functioning
WP4432,Well,Clean,52.0,23000.0,1991.0,,Pay per use,33.0,Motorized Pump,"(-23.676714168202817, 26.743216393249913)",Not Functioning
WP4433,River,Contaminated,36.0,27000.0,2003.0,USAID,Free,21.0,,"(-18.81805202825946, 26.04741721097188)",Not Functioning
WP4434,Well,Clean,41.0,22000.0,2012.0,USAID,Free,12.0,Motorized Pump,"(-19.398677121053513, 27.55621591754989)",Functioning
WP4435,Well,Contaminated,42.0,23000.0,2009.0,Red Cross,Free,15.0,Solar Pump,"(-21.541413081360478, 24.545692342929605)",Not Functioning
WP4436,Well,Clean,41.0,25000.0,2001.0,USAID,Free,23.0,Solar Pump,"(-22.090216239237744, 24.317999773470294)",Not Functioning
WP4437,Well,Clean,36.0,22000.0,2013.0,Red Cross,Pay per use,11.0,Motorized Pump,"(-18.89773316738613, 27.27849553223182)",
WP4438,Well,Contaminated,49.0,22000.0,2003.0,Red Cross,Free,21.0,Motorized Pump,"(-18.661553428964872, 24.89974730816471)",Not Functioning
WP4439,Lake,Contaminated,47.0,23000.0,,Red Cross,Free,24.0,,"(-19.76579576927827, 26.927356403726975)",Not Functioning
WP4440,Lake,Contaminated,31.0,19000.0,1990.0,USAID,Free,34.0,Motorized Pump,"(-17.72979522355701, 28.664365922687647)",Functioning
,Lake,Contaminated,33.0,28000.0,1999.0,Red Cross,Pay per use,25.0,Motorized Pump,"(-22.7693474877951, 27.096545555360063)",Not Functioning
WP4442,River,Contaminated,32.0,27000.0,2019.0,USAID,Free,5.0,Solar Pump,"(-19.612344987669907, 27.782401869254183)",Functioning
WP4443,River,Contaminated,42.0,21000.0,1997.0,UNICEF,Pay per use,27.0,Motorized Pump,"(-20.567820843594976, 25.59257037032175)",
WP4444,Lake,Clean,32.0,21000.0,2008.0,USAID,Free,16.0,Motorized Pump,"(-18.894711435845057, 25.48823760208213)",Not Functioning
WP4445,Well,Contaminated,25.0,25000.0,2008.0,Red Cross,Free,16.0,,"(-18.991606625559726, 27.447257145758847)",Not Functioning
WP4446,Well,Contaminated,41.0,18000.0,2020.0,Red Cross,Free,4.0,Motorized Pump,"(-19.048441873765626, 28.931299382479658)",Functioning
WP4447,Lake,Clean,52.0,18000.0,2020.0,Red Cross,Free,4.0,Motorized Pump,"(-19.72380795292144, 19.65170880537971)",Not Functioning
,Well,Contaminated,36.0,,2019.0,USAID,Free,5.0,Motorized Pump,"(-18.41020816868526, 28.57379322065441)",Functioning
WP4449,Well,Contaminated,46.0,25000.0,2019.0,Red Cross,Pay per use,5.0,Motorized Pump,"(-21.463127195180697, 21.571716925111595)",Not Functioning
WP4450,Well,Contaminated,,25000.0,2011.0,,Free,13.0,Solar Pump,"(-22.139516124832102, 19.915807579707966)",Not Functioning
,Well,Contaminated,50.0,25000.0,1996.0,USAID,Pay per use,28.0,Solar Pump,"(-21.04166179569267, 20.24858254178331)",Not Functioning
WP4452,Lake,Clean,,26000.0,2012.0,Red Cross,Pay per use,,Motorized Pump,"(-23.5208714680175, 20.7365306615815)",Not Functioning
WP4453,Well,Contaminated,41.0,18000.0,1992.0,,Pay per use,,,"(-21.467122892722482, 19.36662349113588)",Functioning
WP4454,Borehole,Contaminated,37.0,27000.0,1999.0,Red Cross,Free,,Motorized Pump,"(-19.294353168893153, 27.070932917559244)",Not Functioning
,Well,Contaminated,,,2015.0,Red Cross,,9.0,Motorized Pump,"(-23.05571433235459, 21.92190948952118)",Not Functioning
WP4456,Well,Contaminated,,20000.0,1992.0,USAID,Free,32.0,Solar Pump,"(-21.745835246750463, 20.485627119651788)",Not Functioning
WP4457,,Contaminated,50.0,28000.0,2005.0,USAID,Pay per use,19.0,Motorized Pump,"(-21.391277271745775, 19.425683551197203)",Functioning
WP4458,Well,Clean,47.0,21000.0,1995.0,UNICEF,Pay per use,,Solar Pump,"(-21.896458743073296, 22.19293525979455)",Not Functioning
WP4459,Well,Contaminated,47.0,19000.0,2004.0,Red Cross,Free,20.0,Solar Pump,,Not Functioning
,Lake,,33.0,21000.0,1994.0,Oxfam,Pay per use,30.0,Motorized Pump,"(-21.19653873841877, 22.62569245843913)",Not Functioning
WP4461,Lake,Contaminated,36.0,23000.0,2017.0,Oxfam,Free,7.0,,"(-20.98241894481418, 26.94776787631202)",Not Functioning
WP4462,Lake,Clean,52.0,21000.0,1997.0,Oxfam,Free,27.0,,"(-22.933005829780186, 26.838753007324343)",Not Functioning
WP4463,Well,,40.0,19000.0,,USAID,Pay per use,29.0,Motorized Pump,"(-18.3949782013451, 28.58059849036742)",Functioning
WP4464,,Contaminated,,25000.0,2008.0,Red Cross,Free,16.0,Motorized Pump,"(-21.418395560108422, 27.746422088847606)",Not Functioning
,Lake,Contaminated,41.0,22000.0,,USAID,Free,20.0,Solar Pump,"(-20.029325865928246, 25.070554042691548)",
WP4466,Lake,,51.0,22000.0,2003.0,Red Cross,Pay per use,21.0,,"(-19.485513444574014, 22.45354012126957)",Not Functioning
WP4467,Well,Contaminated,25.0,24000.0,2000.0,Red Cross,Free,24.0,Solar Pump,"(-18.96490970147618, 26.924831006720474)",Not Functioning
,Well,Clean,38.0,,2000.0,USAID,Pay per use,24.0,Motorized Pump,,Functioning
WP4469,Well,Contaminated,44.0,,2001.0,USAID,Pay per use,23.0,,,Functioning
WP4470,Well,Clean,38.0,27000.0,2006.0,UNICEF,Free,18.0,Solar Pump,,Not Functioning
,Well,,44.0,24000.0,2012.0,Oxfam,,12.0,Motorized Pump,"(-21.056703440868635, 22.900603440089778)",Functioning
WP4472,Well,Clean,42.0,26000.0,1999.0,Oxfam,Pay per use,25.0,Motorized Pump,"(-19.529505356168304, 26.763385710083785)",Not Functioning
WP4473,Well,Clean,46.0,26000.0,2012.0,Oxfam,,12.0,Solar Pump,"(-18.258501402829275, 24.47085805009112)",Not Functioning
WP4474,Well,,46.0,21000.0,1997.0,USAID,,27.0,Solar Pump,"(-21.415251264520446, 22.07743349174445)",Not Functioning
,Well,Clean,54.0,,2019.0,Red Cross,Free,5.0,Solar Pump,"(-19.79269532670209, 25.504425065993534)",Not Functioning
,Lake,Clean,26.0,23000.0,2019.0,Red Cross,Pay per use,5.0,Solar Pump,"(-21.83659266187622, 21.624836425801345)",Not Functioning
WP4477,,Clean,40.0,28000.0,2019.0,USAID,Free,5.0,Motorized Pump,"(-19.28337465185061, 25.602625956241262)",Not Functioning
WP4478,Lake,Contaminated,39.0,22000.0,1991.0,Oxfam,Free,33.0,Motorized Pump,"(-19.50899592094137, 24.20596989218977)",Not Functioning
WP4479,Well,Clean,46.0,20000.0,1998.0,Red Cross,Free,26.0,Solar Pump,"(-20.42974860875379, 27.46607937310057)",
WP4480,Well,Clean,22.0,25000.0,1993.0,,Free,31.0,Solar Pump,"(-19.34732977308148, 24.7601218901231)",Not Functioning
WP4481,Lake,Contaminated,,26000.0,2007.0,,Free,,Motorized Pump,"(-18.922459541338817, 25.14742490254219)",Not Functioning
WP4482,Lake,Contaminated,40.0,24000.0,2005.0,Oxfam,,19.0,Motorized Pump,"(-20.897675545134476, 22.070958834335947)",Not Functioning
WP4483,Well,Contaminated,,23000.0,,Oxfam,Pay per use,20.0,Motorized Pump,"(-20.790912727127182, 24.021955567691844)",Not Functioning
WP4484,,Clean,36.0,21000.0,2011.0,USAID,Free,13.0,Hand Pump,"(-19.538970497996925, 25.14431250264305)",Not Functioning
WP4485,Well,,41.0,28000.0,,Red Cross,Free,28.0,,"(-22.59356900277358, 19.273363929890586)",Not Functioning
,Lake,Clean,43.0,24000.0,2001.0,UNICEF,Free,23.0,Solar Pump,,Not Functioning
WP4487,Borehole,Contaminated,45.0,26000.0,2007.0,,Free,17.0,,"(-21.788305289412843, 19.704438804843026)",Functioning
,Lake,Contaminated,40.0,21000.0,2020.0,,,4.0,Solar Pump,"(-17.675716451881797, 28.69270818217428)",Not Functioning
WP4489,Lake,Clean,44.0,24000.0,1990.0,Red Cross,Free,,Motorized Pump,"(-22.25554771065638, 24.42043271404797)",Not Functioning
WP4490,Well,Clean,39.0,29000.0,2005.0,Red Cross,Pay per use,19.0,Solar Pump,"(-21.181457749966, 19.72255242554537)",Not Functioning
,,Clean,49.0,,,Red Cross,Pay per use,,Motorized Pump,,Functioning
WP4492,Lake,,49.0,24000.0,2015.0,,Pay per use,9.0,Motorized Pump,"(-18.687078842444542, 26.989207927819848)",Not Functioning
,Lake,Clean,49.0,28000.0,2020.0,USAID,Pay per use,4.0,Solar Pump,"(-18.570314295047723, 26.557417029233363)",Not Functioning
WP4494,Well,Contaminated,44.0,22000.0,2009.0,USAID,Pay per use,15.0,Motorized Pump,"(-20.605709163339363, 23.8199623960069)",Functioning
,,Contaminated,36.0,24000.0,1992.0,UNICEF,Free,32.0,Motorized Pump,"(-23.80488088384527, 21.61840897926083)",Functioning
WP4496,Borehole,Contaminated,42.0,25000.0,2000.0,UNICEF,Pay per use,24.0,Motorized Pump,"(-18.420286463902393, 28.378500729651826)",Not Functioning
WP4497,Well,Contaminated,46.0,23000.0,2000.0,Red Cross,Free,24.0,Solar Pump,"(-23.183568291915435, 23.326669271079687)",Not Functioning
WP4498,,Contaminated,38.0,22000.0,2012.0,Red Cross,Pay per use,12.0,Motorized Pump,"(-18.76994821386929, 26.474794216178097)",Not Functioning
WP4499,Borehole,Contaminated,41.0,22000.0,2014.0,UNICEF,Pay per use,10.0,Motorized Pump,"(-20.511802666632942, 24.655296552598706)",Functioning
WP4500,Lake,Clean,49.0,23000.0,1995.0,Red Cross,Free,29.0,,,Not Functioning
WP4501,Borehole,Contaminated,,30000.0,1992.0,Red Cross,Pay per use,32.0,,"(-23.86861739543957, 19.353702726990573)",Not Functioning
WP4502,Well,Contaminated,44.0,23000.0,2001.0,,Free,,Motorized Pump,"(-22.38680751544167, 23.59272123471465)",Functioning
,Borehole,Contaminated,39.0,,2012.0,USAID,Pay per use,12.0,Motorized Pump,,Functioning
WP4504,Well,Contaminated,,25000.0,2017.0,Red Cross,Free,7.0,Solar Pump,"(-22.64902953864391, 20.376324048455707)",Not Functioning
WP4505,Lake,Clean,,27000.0,2000.0,,Free,24.0,Solar Pump,"(-21.440944576053433, 22.97610880165023)",Not Functioning
,Lake,Contaminated,46.0,21000.0,2010.0,USAID,Free,14.0,Solar Pump,"(-20.529571060780302, 26.005579834720656)",Not Functioning
WP4507,Well,Contaminated,31.0,27000.0,2001.0,USAID,Free,23.0,Motorized Pump,,Functioning
WP4508,Lake,Contaminated,45.0,18000.0,2002.0,Red Cross,Free,,Solar Pump,"(-23.242498693391834, 22.65253208037529)",Not Functioning
WP4509,,,,31000.0,1994.0,USAID,,30.0,Motorized Pump,"(-23.44450616343219, 21.961069450719766)",Not Functioning
WP4510,Well,Contaminated,,24000.0,2011.0,UNICEF,Free,,Motorized Pump,"(-21.553260519610525, 25.849318151597675)",Functioning
WP4511,Well,Contaminated,45.0,25000.0,2020.0,USAID,Pay per use,4.0,Solar Pump,"(-18.18877760727645, 28.293304209570426)",Not Functioning
WP4512,Borehole,Contaminated,35.0,,2009.0,USAID,Pay per use,15.0,Solar Pump,"(-20.75243001070544, 24.848932446734427)",Not Functioning
,Well,Contaminated,,21000.0,2002.0,Red Cross,Free,22.0,Solar Pump,"(-21.28498071181386, 27.927201705271976)",Not Functioning
WP4514,,Clean,39.0,,1999.0,,Pay per use,25.0,Motorized Pump,"(-21.07293531835166, 26.59615589605906)",Not Functioning
WP4515,Well,,38.0,21000.0,2018.0,USAID,,6.0,Motorized Pump,"(-23.57137696612231, 25.409787692222714)",Not Functioning
WP4516,Borehole,Contaminated,40.0,25000.0,2006.0,USAID,Free,,,"(-18.74018848540692, 26.97609962295574)",Functioning
WP4517,Well,Clean,,24000.0,1990.0,Red Cross,Pay per use,,Motorized Pump,"(-21.01078309198589, 24.379867881914972)",Not Functioning
WP4518,,Contaminated,47.0,24000.0,1997.0,UNICEF,,,Motorized Pump,,Functioning
WP4519,,Contaminated,48.0,27000.0,2000.0,,Pay per use,24.0,Solar Pump,"(-22.1872397406371, 22.229173104416045)",Not Functioning
,Well,Contaminated,42.0,19000.0,1992.0,USAID,Pay per use,32.0,Motorized Pump,"(-19.734341080698496, 26.640059490407864)",Functioning
WP4521,Well,Clean,44.0,,2003.0,USAID,,,,"(-18.87601467792268, 25.589501842647532)",Not Functioning
WP4522,Well,Contaminated,43.0,23000.0,1998.0,Red Cross,Pay per use,26.0,Solar Pump,"(-20.995693350973582, 21.055704324399734)",Not Functioning
,,Contaminated,,23000.0,2002.0,USAID,Free,22.0,,"(-19.23712987225903, 24.741533074979113)",Not Functioning
,Lake,,46.0,29000.0,1994.0,Oxfam,Free,30.0,Motorized Pump,,Not Functioning
,Well,,29.0,23000.0,1998.0,UNICEF,Free,26.0,Motorized Pump,"(-18.571701004658532, 25.46536483277862)",Not Functioning
WP4526,Lake,Clean,40.0,,2004.0,Red Cross,,20.0,Motorized Pump,"(-23.500398369768682, 19.880946794083016)",Not Functioning
WP4527,Lake,Clean,44.0,,,,Free,30.0,Motorized Pump,"(-20.690668954471924, 20.377627271203064)",Not Functioning
WP4528,,Clean,42.0,26000.0,1991.0,UNICEF,Free,33.0,Motorized Pump,"(-18.265675387971356, 26.474433189819333)",Not Functioning
WP4529,Borehole,Contaminated,42.0,,2016.0,USAID,Free,,Motorized Pump,"(-20.794460095835607, 26.036325636919436)",Not Functioning
WP4530,,Contaminated,46.0,26000.0,2009.0,Red Cross,Free,15.0,Solar Pump,"(-21.489096820206022, 25.706955328001527)",Not Functioning
WP4531,Well,,43.0,27000.0,2006.0,Oxfam,Pay per use,18.0,Solar Pump,"(-18.87331110840811, 27.899167180740314)",Not Functioning
WP4532,,Contaminated,47.0,23000.0,2008.0,Red Cross,Pay per use,16.0,Solar Pump,"(-19.076667441207782, 24.86722879149238)",Not Functioning
WP4533,Lake,Contaminated,42.0,25000.0,1995.0,,Free,29.0,Solar Pump,"(-18.87104284414824, 28.79795052912468)",Not Functioning
,Well,Contaminated,44.0,25000.0,2015.0,,Free,9.0,Motorized Pump,"(-22.199298420637422, 23.01855852304958)",Functioning
,Lake,Clean,,23000.0,2017.0,Red Cross,Free,7.0,Motorized Pump,"(-21.260090060762202, 25.931870887646298)",Not Functioning
WP4536,Well,Contaminated,45.0,18000.0,2016.0,,Pay per use,8.0,Motorized Pump,"(-18.892332452992942, 28.075617480647825)",Functioning
WP4537,,Contaminated,37.0,,2010.0,Oxfam,Pay per use,14.0,Solar Pump,"(-21.8757365285714, 26.0926787075541)",Not Functioning
WP4538,Lake,,,27000.0,1990.0,UNICEF,,34.0,Motorized Pump,"(-22.997533610204147, 21.97598921498189)",Not Functioning
WP4539,Well,Contaminated,27.0,25000.0,2000.0,,Pay per use,24.0,,"(-21.927297332142512, 22.77925147421134)",Functioning
WP4540,Lake,Clean,53.0,25000.0,1990.0,,,34.0,Solar Pump,,Not Functioning
WP4541,Well,,34.0,20000.0,2013.0,Red Cross,Free,11.0,,"(-23.679201673448897, 21.29880293340402)",Not Functioning
,Well,Contaminated,43.0,25000.0,2004.0,Red Cross,Pay per use,,Motorized Pump,"(-20.874328677714274, 25.827995456110756)",Functioning
WP4543,Borehole,Contaminated,,27000.0,2008.0,Red Cross,Free,16.0,Hand Pump,"(-21.578358522922745, 19.855598942005205)",
WP4544,Borehole,,36.0,25000.0,2002.0,Red Cross,Free,22.0,Solar Pump,"(-19.399049053512055, 26.774518459702865)",Not Functioning
WP4545,River,,43.0,25000.0,1990.0,,Pay per use,34.0,Motorized Pump,"(-20.838039222101553, 26.07605209297576)",Not Functioning
,,Contaminated,37.0,25000.0,2002.0,Red Cross,Pay per use,22.0,Solar Pump,"(-20.851276210867194, 25.330941474231054)",Not Functioning
WP4547,Lake,Contaminated,39.0,22000.0,2013.0,UNICEF,Pay per use,11.0,Motorized Pump,"(-19.1459930907425, 19.363397904926693)",Not Functioning
WP4548,Lake,Clean,,25000.0,1994.0,Oxfam,Free,30.0,Motorized Pump,,Not Functioning
WP4549,Borehole,Clean,34.0,23000.0,2010.0,Red Cross,Pay per use,14.0,Motorized Pump,"(-23.058436589942836, 21.392136501102307)",Not Functioning
WP4550,Well,Clean,,20000.0,1993.0,Red Cross,Free,31.0,Motorized Pump,"(-20.78769740587896, 26.464381271833208)",Not Functioning
WP4551,Well,Contaminated,47.0,25000.0,2008.0,Red Cross,Pay per use,,Hand Pump,"(-23.459761912026778, 22.686906310522364)",Not Functioning
WP4552,,Contaminated,33.0,28000.0,2000.0,Red Cross,Pay per use,24.0,Motorized Pump,"(-18.94217825986485, 26.299127496597336)",Not Functioning
WP4553,Lake,Contaminated,37.0,19000.0,,,Free,32.0,,"(-19.775616823132932, 26.49595320717242)",
WP4554,Well,Contaminated,27.0,23000.0,2007.0,Oxfam,Pay per use,17.0,Motorized Pump,"(-22.232890865533136, 26.94850675771884)",Not Functioning
WP4555,,Contaminated,46.0,20000.0,2013.0,USAID,Free,11.0,Hand Pump,"(-18.71876087186615, 26.499402000506084)",Not Functioning
WP4556,Well,Contaminated,40.0,28000.0,,Red Cross,,30.0,Motorized Pump,"(-19.97837557695432, 26.193336813900025)",Not Functioning
WP4557,Lake,Contaminated,43.0,,1992.0,World Bank,Free,32.0,Solar Pump,"(-23.035699641986916, 26.267315737632508)",Not Functioning
,Well,Clean,54.0,,2004.0,Red Cross,Pay per use,,,,Not Functioning
WP4559,Well,Clean,49.0,27000.0,2012.0,,Pay per use,12.0,Solar Pump,"(-22.246769815582887, 24.78754789213661)",Not Functioning
,Lake,Contaminated,39.0,27000.0,1999.0,USAID,Free,25.0,Hand Pump,,Not Functioning
WP4561,,Contaminated,23.0,25000.0,,UNICEF,,19.0,Solar Pump,"(-21.311989655619673, 25.22227610886284)",Not Functioning
WP4562,Well,Clean,31.0,23000.0,1994.0,USAID,Free,,Motorized Pump,"(-21.86728944823692, 21.400852185207064)",
,Well,Contaminated,41.0,22000.0,2017.0,,Pay per use,7.0,Motorized Pump,"(-18.284445165924257, 26.708824951623395)",Functioning
WP4564,Lake,Contaminated,38.0,23000.0,1993.0,USAID,,31.0,,"(-20.646282447746984, 22.36809128455274)",Not Functioning
WP4565,Well,Clean,37.0,25000.0,2004.0,USAID,Free,20.0,Motorized Pump,"(-19.982943993736335, 28.73683268101869)",Not Functioning
WP4566,Well,Contaminated,,21000.0,1994.0,Red Cross,Free,30.0,Solar Pump,"(-23.15449047708403, 21.444087272878374)",Not Functioning
WP4567,Lake,Contaminated,29.0,,2020.0,Oxfam,,4.0,Solar Pump,"(-21.598565175990608, 21.08201226218202)",Not Functioning
WP4568,Lake,Clean,28.0,24000.0,2014.0,USAID,Free,10.0,Motorized Pump,"(-18.751914401161102, 24.27159080130329)",Not Functioning
,Well,Contaminated,,23000.0,2008.0,USAID,Free,16.0,Motorized Pump,"(-23.614773010928985, 19.03114666210101)",Not Functioning
WP4570,Well,Contaminated,42.0,30000.0,2011.0,UNICEF,,13.0,Motorized Pump,"(-18.489376222459757, 27.09180835009093)",Not Functioning
WP4571,Well,Clean,36.0,25000.0,1994.0,Red Cross,Free,,Solar Pump,"(-20.455694099068406, 26.79436391663808)",Not Functioning
WP4572,Well,Clean,43.0,,2012.0,USAID,Free,12.0,Solar Pump,"(-22.08770322111566, 20.825324551967427)",Not Functioning
WP4573,Lake,Clean,42.0,32000.0,,USAID,Pay per use,13.0,Motorized Pump,"(-20.271600400942955, 26.493225977858064)",Not Functioning
,Well,Clean,26.0,25000.0,2008.0,Red Cross,,16.0,Motorized Pump,"(-17.834488907979136, 24.753804128478826)",Not Functioning
WP4575,,Contaminated,24.0,28000.0,2013.0,Red Cross,Pay per use,11.0,Solar Pump,"(-23.776093744161262, 25.40017250080866)",Not Functioning
,River,,47.0,27000.0,1994.0,USAID,Free,30.0,Solar Pump,"(-21.49325337302168, 21.966066473710757)",Not Functioning
WP4577,Lake,Contaminated,34.0,24000.0,2003.0,USAID,Free,21.0,Solar Pump,"(-21.275778525020378, 24.252782095088623)",Not Functioning
WP4578,Well,,41.0,22000.0,1991.0,UNICEF,,33.0,Motorized Pump,"(-18.315243252873504, 27.86661366941151)",Not Functioning
WP4579,Well,Contaminated,47.0,28000.0,2002.0,Red Cross,Free,22.0,Solar Pump,"(-22.521108610985944, 21.926918825669556)",Not Functioning
WP4580,Well,Contaminated,38.0,22000.0,,USAID,Free,15.0,Solar Pump,"(-22.46711210275667, 22.75639364208832)",Functioning
WP4581,Well,Contaminated,,23000.0,2007.0,,Free,17.0,Motorized Pump,"(-21.638047828535292, 21.16192775755556)",Not Functioning
WP4582,Borehole,Clean,43.0,23000.0,1992.0,Oxfam,Pay per use,32.0,Motorized Pump,"(-20.677312298404807, 26.678783061913833)",Not Functioning
WP4583,Lake,Contaminated,47.0,20000.0,2015.0,Red Cross,Free,9.0,Motorized Pump,"(-20.355454771087565, 28.684359665074684)",Not Functioning
WP4584,River,Contaminated,,22000.0,2017.0,Red Cross,,7.0,Solar Pump,"(-23.007896717337008, 21.08723314507445)",Not Functioning
,Well,Clean,,22000.0,1998.0,UNICEF,Free,26.0,Motorized Pump,"(-23.138778527860566, 21.471890962340467)",Not Functioning
WP4586,Lake,Contaminated,36.0,23000.0,2003.0,Red Cross,Free,21.0,Motorized Pump,"(-22.59244509819613, 20.26852941151509)",Not Functioning
WP4587,Well,,37.0,25000.0,1992.0,Red Cross,Pay per use,32.0,Solar Pump,"(-21.473828053927875, 25.994641637443603)",Not Functioning
WP4588,Well,Contaminated,50.0,20000.0,1998.0,Red Cross,Free,26.0,,"(-18.819530125894264, 27.778370790712042)",Functioning
WP4589,,Clean,46.0,26000.0,1991.0,Red Cross,Free,33.0,Motorized Pump,"(-20.221696525539002, 27.607313968375)",Not Functioning
WP4590,Well,Contaminated,,25000.0,2000.0,Red Cross,,24.0,Solar Pump,"(-22.164440603055112, 19.451223408508195)",Not Functioning
,,Clean,38.0,20000.0,2012.0,Red Cross,Free,12.0,Motorized Pump,"(-19.85570482378694, 19.702772187673556)",Not Functioning
,Well,Clean,51.0,26000.0,,,Free,30.0,,"(-17.792096582198887, 28.03034049313708)",
WP4593,Borehole,Contaminated,41.0,22000.0,1997.0,USAID,Free,,,"(-20.77085511094992, 24.311836045616495)",Not Functioning
,Well,,33.0,24000.0,2012.0,Red Cross,Free,12.0,Solar Pump,"(-17.698483291189426, 24.380685856905572)",Not Functioning
WP4595,Lake,Contaminated,42.0,25000.0,2001.0,,,23.0,Solar Pump,"(-21.084435740987352, 27.369914372210165)",Not Functioning
WP4596,Borehole,Contaminated,39.0,23000.0,2005.0,Red Cross,Pay per use,19.0,,"(-22.550362479999098, 21.948415498837896)",
WP4597,,Contaminated,42.0,22000.0,1991.0,USAID,Free,33.0,Solar Pump,"(-23.530098295989045, 26.887342774944603)",Not Functioning
WP4598,River,,31.0,24000.0,2014.0,Red Cross,Free,,Motorized Pump,"(-18.62494342274732, 26.089436527279137)",Not Functioning
,River,Contaminated,45.0,22000.0,2004.0,USAID,Free,20.0,Solar Pump,,Not Functioning
WP4600,,,45.0,25000.0,2014.0,UNICEF,Free,,Motorized Pump,"(-19.402948016844658, 26.590471082177338)",
WP4601,Well,,,21000.0,2010.0,Red Cross,,14.0,Motorized Pump,"(-17.744624422320786, 28.735708916356053)",Functioning
WP4602,Borehole,Contaminated,50.0,25000.0,1998.0,USAID,Pay per use,,Motorized Pump,"(-23.305035809058587, 24.52473517291547)",Functioning
WP4603,Well,Contaminated,34.0,27000.0,1990.0,USAID,,34.0,Solar Pump,"(-23.224014975689094, 20.096708202629486)",Not Functioning
,Lake,Contaminated,,26000.0,2014.0,USAID,Free,10.0,Motorized Pump,,Not Functioning
WP4605,Lake,,35.0,22000.0,2007.0,UNICEF,Free,17.0,Motorized Pump,,Not Functioning
WP4606,,Contaminated,35.0,20000.0,2002.0,USAID,Free,,Solar Pump,"(-17.757192230097438, 26.41132895264682)",Not Functioning
WP4607,Lake,Contaminated,,28000.0,2020.0,USAID,Pay per use,4.0,Motorized Pump,"(-22.206551907807075, 23.95743473662511)",Not Functioning
WP4608,Lake,,,23000.0,,USAID,Free,11.0,Motorized Pump,"(-20.293595121423678, 23.817853065108384)",Not Functioning
WP4609,Well,Contaminated,43.0,29000.0,1990.0,Red Cross,Free,34.0,Solar Pump,"(-17.728481081119455, 28.85990845154369)",Not Functioning
WP4610,Well,Contaminated,47.0,,2005.0,Red Cross,Free,,Motorized Pump,"(-17.67009020484666, 28.16929037609053)",Not Functioning
WP4611,Well,Contaminated,36.0,23000.0,2015.0,Oxfam,Free,9.0,Solar Pump,"(-23.267389379935945, 19.1650625089929)",Not Functioning
WP4612,Well,Clean,49.0,23000.0,2013.0,Red Cross,Free,11.0,Hand Pump,"(-20.385209157073415, 24.286182408821972)",Not Functioning
WP4613,Well,Contaminated,46.0,22000.0,2006.0,USAID,,18.0,Motorized Pump,"(-19.83818498919999, 27.968539251445467)",Not Functioning
WP4614,Well,Contaminated,42.0,33000.0,2012.0,Red Cross,Free,,Motorized Pump,"(-23.83691971238091, 20.602265290054007)",Functioning
WP4615,Well,Contaminated,39.0,25000.0,2016.0,Oxfam,Free,8.0,Motorized Pump,"(-21.726962447519217, 25.9724262788193)",Not Functioning
WP4616,Well,Contaminated,39.0,24000.0,2008.0,UNICEF,Pay per use,16.0,Motorized Pump,,Not Functioning
WP4617,Well,Clean,44.0,20000.0,2012.0,USAID,Free,12.0,,"(-19.432107630415942, 24.932550500400108)",Not Functioning
WP4618,Well,Contaminated,49.0,23000.0,2007.0,USAID,,17.0,Hand Pump,,Functioning
,,Clean,50.0,22000.0,1994.0,Red Cross,Pay per use,30.0,Motorized Pump,"(-17.672309202113123, 24.67757361743159)",Not Functioning
WP4620,Well,Contaminated,,23000.0,2013.0,World Bank,Free,11.0,Motorized Pump,"(-18.807596149834, 24.63281443367296)",Not Functioning
WP4621,Well,,40.0,,1998.0,Red Cross,Pay per use,26.0,Motorized Pump,"(-21.811745573572235, 20.321309673138625)",Not Functioning
WP4622,Well,Clean,48.0,17000.0,2007.0,Red Cross,Pay per use,17.0,Solar Pump,"(-19.931437487090413, 25.9324533684039)",Not Functioning
WP4623,Well,Clean,42.0,30000.0,2016.0,USAID,Free,,,,
WP4624,Well,Contaminated,45.0,24000.0,2011.0,Red Cross,Pay per use,13.0,Motorized Pump,"(-18.33732226490946, 25.512450238509544)",Not Functioning
WP4625,Lake,Contaminated,29.0,20000.0,1994.0,UNICEF,Free,30.0,Motorized Pump,"(-20.55770324251764, 27.47138983728974)",Not Functioning
WP4626,,Clean,38.0,23000.0,,Red Cross,Pay per use,27.0,Motorized Pump,"(-19.8571399071719, 20.115970823932102)",Not Functioning
,Lake,Contaminated,,29000.0,1999.0,USAID,Pay per use,25.0,Motorized Pump,"(-21.50503420920993, 19.219780927917487)",Functioning
WP4628,Well,Clean,41.0,17000.0,2004.0,Oxfam,Pay per use,,Motorized Pump,"(-23.009926296342762, 19.970223048688098)",Functioning
WP4629,Lake,Clean,39.0,,2006.0,Red Cross,Free,18.0,Motorized Pump,"(-21.39922181800875, 20.428734575594344)",Not Functioning
,Lake,Contaminated,,,2015.0,USAID,Pay per use,9.0,Motorized Pump,"(-22.82850751934075, 22.060151261146864)",Not Functioning
WP4631,Well,,30.0,24000.0,1996.0,World Bank,Pay per use,28.0,Motorized Pump,"(-19.60113352609759, 27.014720015096312)",Functioning
WP4632,,Contaminated,,21000.0,2000.0,,Free,,Motorized Pump,"(-18.960758749415977, 24.402264852635234)",Functioning
WP4633,Well,Contaminated,44.0,27000.0,,Red Cross,,6.0,Solar Pump,"(-17.851618939660142, 25.658845176098787)",Not Functioning
WP4634,Well,,38.0,24000.0,1997.0,UNICEF,Pay per use,27.0,Solar Pump,,Functioning
WP4635,Well,,36.0,29000.0,2019.0,,Free,5.0,Motorized Pump,,Not Functioning
WP4636,Borehole,Contaminated,46.0,21000.0,2001.0,Red Cross,Free,,Motorized Pump,,Functioning
WP4637,,Contaminated,45.0,21000.0,1991.0,Red Cross,Pay per use,33.0,Solar Pump,,Not Functioning
WP4638,Well,Contaminated,42.0,28000.0,2000.0,Red Cross,Free,24.0,Solar Pump,"(-22.932098145422835, 21.091812135442865)",Not Functioning
,Borehole,Contaminated,32.0,31000.0,,,Free,32.0,Solar Pump,,
WP4640,River,Clean,,27000.0,,Oxfam,Pay per use,31.0,Motorized Pump,"(-19.619693077453384, 24.990761717355674)",Not Functioning
WP4641,Borehole,Contaminated,34.0,25000.0,1996.0,USAID,,28.0,Solar Pump,"(-23.165782270705655, 22.272297040585016)",Not Functioning
WP4642,,Contaminated,49.0,20000.0,2005.0,USAID,,19.0,,,Not Functioning
WP4643,Well,Contaminated,39.0,21000.0,2001.0,USAID,Free,23.0,Motorized Pump,,Functioning
,Lake,Clean,,29000.0,2004.0,,Free,,Motorized Pump,"(-22.79324967347531, 21.0573135424767)",Not Functioning
WP4645,,Contaminated,37.0,23000.0,2014.0,,,10.0,Solar Pump,"(-22.722577753923453, 21.37874946339842)",Not Functioning
WP4646,Borehole,Contaminated,46.0,21000.0,1996.0,Red Cross,,28.0,Hand Pump,"(-21.052817841409528, 21.357547130284598)",Not Functioning
WP4647,Well,Clean,45.0,,2003.0,,,21.0,Motorized Pump,"(-18.526687605789245, 27.99461932637203)",Not Functioning
WP4648,Borehole,Contaminated,,32000.0,2015.0,USAID,Free,9.0,Motorized Pump,"(-23.722878814729636, 20.83534798420293)",
WP4649,,Contaminated,34.0,17000.0,,USAID,Pay per use,6.0,Solar Pump,"(-21.231108804038772, 19.06709379985674)",Not Functioning
WP4650,,Contaminated,,20000.0,2017.0,Red Cross,Free,7.0,Solar Pump,"(-21.240086555271112, 24.093580505999174)",Not Functioning
WP4651,Lake,,42.0,25000.0,2008.0,Red Cross,Free,16.0,Solar Pump,"(-18.714684663033722, 26.011087755398087)",Not Functioning
WP4652,Well,Contaminated,,24000.0,1990.0,USAID,Free,34.0,Motorized Pump,,Functioning
WP4653,Lake,Contaminated,,20000.0,1990.0,Red Cross,Free,,,,Not Functioning
WP4654,,Contaminated,43.0,27000.0,,Red Cross,Free,19.0,Solar Pump,"(-21.036805630325272, 26.056161695749275)",Not Functioning
WP4655,Lake,,40.0,24000.0,1996.0,USAID,,28.0,Solar Pump,"(-21.503517520456246, 22.93329945177224)",Not Functioning
,Well,Clean,38.0,,1998.0,Red Cross,Pay per use,26.0,Solar Pump,"(-19.375384748694888, 25.682705774384548)",Not Functioning
WP4657,Well,Clean,42.0,27000.0,,Oxfam,Pay per use,19.0,,"(-18.719600244568813, 28.173554619056283)",Not Functioning
WP4658,Lake,Clean,43.0,29000.0,2018.0,USAID,Free,6.0,,"(-22.372529523112565, 19.594903489580982)",Not Functioning
WP4659,Lake,Contaminated,,24000.0,1991.0,UNICEF,,33.0,,"(-18.48464735439331, 28.6659823840565)",Not Functioning
WP4660,Well,,43.0,28000.0,1993.0,UNICEF,Free,31.0,Solar Pump,"(-21.59618234175683, 24.14979448768417)",Not Functioning
WP4661,Lake,Contaminated,42.0,25000.0,,Oxfam,Free,30.0,Solar Pump,,Not Functioning
WP4662,Well,Contaminated,51.0,,2014.0,Red Cross,Pay per use,10.0,Motorized Pump,,Not Functioning
WP4663,,Contaminated,50.0,22000.0,2013.0,,Free,,Hand Pump,"(-20.673345307259954, 21.79894082270591)",Not Functioning
WP4664,Lake,Contaminated,,23000.0,2020.0,Oxfam,Pay per use,4.0,Motorized Pump,"(-18.940128782302857, 24.773143198258467)",Not Functioning
WP4665,Well,Clean,53.0,19000.0,1995.0,USAID,,29.0,Motorized Pump,"(-20.01654579647822, 25.9682264551478)",Not Functioning
WP4666,Well,Contaminated,41.0,27000.0,2019.0,Red Cross,Pay per use,5.0,Solar Pump,"(-20.0407191152685, 25.16146862488546)",Not Functioning
WP4667,Well,Clean,50.0,24000.0,2003.0,Red Cross,Pay per use,,Solar Pump,,Not Functioning
WP4668,Well,Contaminated,38.0,21000.0,1993.0,USAID,Pay per use,31.0,Solar Pump,"(-17.9169343220021, 26.688747369395244)",Not Functioning
,Well,Clean,39.0,20000.0,2005.0,,Free,19.0,Motorized Pump,"(-22.956761080803766, 23.54557496988227)",Functioning
WP4670,Well,Contaminated,36.0,19000.0,2015.0,,Free,9.0,Solar Pump,"(-20.113806488006855, 23.376862734872155)",Not Functioning
WP4671,Borehole,Contaminated,41.0,23000.0,1993.0,Red Cross,Free,31.0,Motorized Pump,,Not Functioning
WP4672,,,31.0,26000.0,2003.0,USAID,Free,21.0,Solar Pump,"(-20.247346776427676, 20.675725137981637)",Not Functioning
WP4673,Borehole,Contaminated,43.0,,2000.0,UNICEF,Pay per use,,Hand Pump,"(-18.65574244115832, 28.969436596890713)",
WP4674,Lake,,50.0,24000.0,1999.0,Oxfam,Pay per use,25.0,Motorized Pump,,Not Functioning
WP4675,Well,,,20000.0,2008.0,USAID,Free,,Hand Pump,"(-21.225128499781786, 25.994816525573206)",Not Functioning
WP4676,Well,Clean,30.0,27000.0,2015.0,Red Cross,Pay per use,9.0,Motorized Pump,,Not Functioning
WP4677,,Clean,35.0,22000.0,1992.0,USAID,Pay per use,32.0,Solar Pump,"(-19.08718063006104, 27.947634316290323)",Not Functioning
WP4678,Lake,Clean,51.0,22000.0,2001.0,USAID,Free,23.0,,"(-21.529798274854024, 21.666482941263816)",Not Functioning
WP4679,Lake,Contaminated,42.0,24000.0,2004.0,Oxfam,Pay per use,20.0,Motorized Pump,"(-19.273536508345206, 24.599669387762724)",
WP4680,Well,Clean,39.0,21000.0,1999.0,Red Cross,Free,,Solar Pump,"(-23.011928383190334, 22.78163512559389)",Not Functioning
WP4681,Well,Contaminated,34.0,,1999.0,USAID,Free,,Solar Pump,"(-18.31818688598722, 25.796225207324127)",Not Functioning
WP4682,Well,Contaminated,,25000.0,2020.0,USAID,Free,4.0,Motorized Pump,"(-22.732019097063347, 20.34448520657374)",Not Functioning
,,Contaminated,35.0,17000.0,2006.0,USAID,Free,18.0,,,Not Functioning
WP4684,Lake,Clean,35.0,28000.0,1997.0,Red Cross,Free,27.0,,"(-21.628396824472517, 19.51130066271633)",Not Functioning
,Lake,Contaminated,45.0,23000.0,1995.0,Red Cross,Free,,Hand Pump,"(-23.623202698488523, 19.25865197813314)",Not Functioning
,River,Contaminated,40.0,22000.0,2019.0,USAID,Pay per use,5.0,Motorized Pump,"(-23.324931883609956, 22.599986907980526)",Functioning
WP4687,Well,,,24000.0,2001.0,USAID,Pay per use,23.0,Motorized Pump,"(-18.87506190057261, 27.96945522098509)",Functioning
WP4688,Well,,,26000.0,2012.0,Red Cross,Pay per use,12.0,Motorized Pump,"(-22.43176285091784, 21.339268791311472)",Functioning
WP4689,Well,Clean,35.0,28000.0,2005.0,Red Cross,Pay per use,19.0,Motorized Pump,"(-20.840073638388933, 27.174389357581834)",
WP4690,Well,Contaminated,35.0,21000.0,2002.0,USAID,Free,22.0,Motorized Pump,"(-23.24960780179971, 22.520122308884478)",Not Functioning
WP4691,Well,Contaminated,41.0,25000.0,2003.0,,Free,21.0,Motorized Pump,"(-20.252744955181694, 24.501009829832192)",Functioning
WP4692,Well,Contaminated,41.0,,2016.0,USAID,Free,,Motorized Pump,"(-22.172585004661364, 25.0036021487467)",Functioning
WP4693,Well,Clean,57.0,,2016.0,USAID,Free,,Solar Pump,"(-20.520016212425766, 24.608888302556906)",Not Functioning
WP4694,Well,Contaminated,41.0,23000.0,,USAID,Free,23.0,,"(-22.0736389939644, 23.968661028402284)",Not Functioning
WP4695,Well,Clean,,22000.0,2004.0,USAID,Free,20.0,Solar Pump,"(-22.260085262408502, 23.985386973958665)",Not Functioning
WP4696,Borehole,Contaminated,,,2001.0,UNICEF,Free,23.0,,"(-22.702698602797856, 23.054894125973522)",Functioning
,Well,Clean,35.0,,2015.0,Red Cross,Free,9.0,Motorized Pump,"(-23.492627936219076, 24.272316798826196)",Not Functioning
WP4698,Lake,Contaminated,50.0,25000.0,1994.0,Red Cross,Pay per use,30.0,Hand Pump,"(-23.981969898533873, 25.09743645432058)",Functioning
WP4699,River,Clean,46.0,20000.0,2007.0,,Free,17.0,Motorized Pump,"(-18.233723435391944, 26.15929634628267)",
WP4700,Borehole,Clean,39.0,26000.0,2005.0,Red Cross,Free,,Hand Pump,"(-23.35093941925007, 26.87662881283164)",Not Functioning
WP4701,Well,Contaminated,,,1999.0,,,25.0,,"(-22.42860149299551, 21.068563941777693)",Not Functioning
WP4702,Borehole,,41.0,26000.0,2010.0,Oxfam,Pay per use,14.0,Hand Pump,"(-21.27032193820346, 24.728355764728885)",Not Functioning
WP4703,Well,Clean,25.0,23000.0,1997.0,USAID,,27.0,Solar Pump,,Not Functioning
WP4704,Lake,,40.0,30000.0,1995.0,USAID,Free,29.0,Motorized Pump,"(-17.65533477686308, 22.262328744924)",Not Functioning
WP4705,River,Contaminated,47.0,22000.0,2017.0,USAID,Pay per use,7.0,Motorized Pump,"(-19.04279263302073, 24.93571408159425)",Functioning
WP4706,,Contaminated,37.0,22000.0,1993.0,Red Cross,,,Solar Pump,,
WP4707,River,Contaminated,48.0,23000.0,2002.0,Red Cross,Free,22.0,Solar Pump,"(-19.592651013358832, 26.230652454520442)",Not Functioning
,Lake,Clean,45.0,21000.0,1994.0,USAID,Free,30.0,Motorized Pump,"(-21.397068921607634, 21.98554400703896)",Not Functioning
WP4709,Well,Contaminated,,22000.0,1991.0,Red Cross,Pay per use,33.0,Motorized Pump,"(-21.755201372799263, 19.549481801646678)",Functioning
WP4710,Well,Clean,41.0,23000.0,2001.0,Red Cross,Free,23.0,Motorized Pump,"(-20.705994716674173, 21.265125150103934)",Not Functioning
WP4711,Well,Contaminated,,25000.0,2016.0,Red Cross,Pay per use,8.0,,"(-23.74260389402785, 20.593334943133186)",Not Functioning
WP4712,,Contaminated,43.0,20000.0,1994.0,Red Cross,Free,30.0,Solar Pump,"(-22.1927579632712, 19.156569399714023)",Not Functioning
WP4713,,,43.0,23000.0,1991.0,Red Cross,Pay per use,,,"(-21.38175223924519, 25.63623466681569)",Not Functioning
WP4714,Lake,Clean,31.0,24000.0,,Oxfam,Pay per use,32.0,Solar Pump,,Not Functioning
WP4715,Well,Clean,36.0,,1997.0,,Free,27.0,Solar Pump,"(-21.576100881747443, 26.271563351772027)",
WP4716,,Clean,,21000.0,2018.0,UNICEF,Free,6.0,Solar Pump,"(-18.25634529965346, 25.618452966757296)",Not Functioning
WP4717,,Contaminated,40.0,24000.0,2015.0,USAID,,9.0,Solar Pump,"(-18.807561105170084, 27.29513652252859)",Not Functioning
WP4718,Well,Contaminated,42.0,24000.0,1992.0,USAID,Pay per use,,Solar Pump,"(-21.987673538933457, 19.69040225064006)",Not Functioning
WP4719,River,Contaminated,36.0,24000.0,,Red Cross,Free,31.0,,"(-18.425809971118156, 28.742299325149133)",Not Functioning
WP4720,Well,Contaminated,35.0,24000.0,2008.0,Red Cross,Free,16.0,Motorized Pump,"(-21.02160439089882, 22.764354844459817)",Functioning
WP4721,,Contaminated,40.0,26000.0,2002.0,USAID,Free,22.0,Motorized Pump,"(-18.74470335989169, 25.109270597142785)",Not Functioning
WP4722,Well,Contaminated,42.0,22000.0,2010.0,USAID,Free,14.0,Hand Pump,,Functioning
WP4723,Well,Contaminated,40.0,23000.0,1991.0,Red Cross,Pay per use,33.0,Motorized Pump,"(-18.999184733023572, 24.389544268369388)",Functioning
WP4724,,Clean,31.0,,2016.0,USAID,Free,8.0,Motorized Pump,"(-23.333518890911282, 22.385838170003126)",Functioning
WP4725,Well,Contaminated,40.0,,1996.0,USAID,Free,28.0,Motorized Pump,"(-17.58831162004308, 24.851794868264545)",Not Functioning
WP4726,Well,Contaminated,38.0,25000.0,2012.0,Oxfam,Free,,Motorized Pump,"(-17.775540155630118, 26.897571116965413)",Not Functioning
WP4727,Well,Contaminated,37.0,25000.0,1999.0,USAID,Free,,Solar Pump,"(-19.482820723104403, 23.817400210118613)",Not Functioning
WP4728,Well,,42.0,28000.0,2018.0,Red Cross,Pay per use,6.0,,"(-21.917304263066278, 25.47508157099788)",Not Functioning
WP4729,Lake,,52.0,21000.0,2012.0,Oxfam,Free,12.0,Motorized Pump,"(-18.883551173904337, 28.31759704732369)",Not Functioning
,,Clean,58.0,22000.0,2010.0,UNICEF,Free,14.0,Solar Pump,,Not Functioning
WP4731,River,Clean,42.0,27000.0,1993.0,USAID,Free,31.0,Solar Pump,"(-22.95062825474006, 21.506163930550947)",Not Functioning
WP4732,Lake,Clean,37.0,22000.0,2008.0,Red Cross,Free,16.0,Solar Pump,"(-22.91285056294948, 28.30985178565039)",Not Functioning
WP4733,Well,Contaminated,31.0,25000.0,2006.0,,Free,18.0,Motorized Pump,,Not Functioning
WP4734,Lake,Clean,41.0,28000.0,2014.0,Red Cross,Free,10.0,Motorized Pump,"(-22.81284481114741, 26.3583040752633)",Not Functioning
WP4735,,Contaminated,41.0,22000.0,2017.0,USAID,,7.0,Motorized Pump,"(-21.25965367693233, 25.76040511448941)",Not Functioning
,,,49.0,22000.0,1993.0,UNICEF,Free,31.0,Motorized Pump,,Not Functioning
WP4737,Well,Clean,,25000.0,1995.0,Red Cross,Pay per use,29.0,Motorized Pump,"(-23.073582129576472, 25.082372103679823)",Not Functioning
WP4738,Well,Contaminated,34.0,22000.0,1990.0,World Bank,Free,34.0,Solar Pump,"(-20.966816154235072, 24.202447352986425)",Not Functioning
WP4739,Well,Clean,44.0,,2014.0,USAID,Pay per use,10.0,,"(-21.302516734462003, 24.064908296328113)",Not Functioning
,Well,Contaminated,29.0,23000.0,2015.0,USAID,Free,9.0,,"(-21.74606030781662, 24.58748971284833)",Not Functioning
WP4741,Well,Contaminated,,22000.0,1998.0,USAID,Pay per use,26.0,Solar Pump,"(-20.642753088429238, 24.838995497287083)",Functioning
WP4742,Borehole,,45.0,25000.0,1993.0,Red Cross,Free,31.0,Solar Pump,"(-22.059688814924165, 19.057804269038293)",Not Functioning
WP4743,Lake,Clean,,20000.0,2004.0,Red Cross,Free,20.0,Motorized Pump,"(-21.348041375957123, 26.891767413980098)",Not Functioning
WP4744,Well,,37.0,,2007.0,Oxfam,Free,17.0,Hand Pump,"(-17.59666484127896, 22.19426218363911)",Not Functioning
WP4745,Well,Contaminated,42.0,24000.0,2013.0,USAID,Free,11.0,Motorized Pump,"(-18.399128104470407, 24.734823522934256)",
WP4746,Borehole,Contaminated,39.0,23000.0,1991.0,Red Cross,Free,33.0,Hand Pump,,Functioning
WP4747,Well,Contaminated,52.0,23000.0,1992.0,Oxfam,Pay per use,32.0,,"(-21.991541664905867, 25.52440000201566)",Not Functioning
WP4748,Well,,36.0,17000.0,2017.0,USAID,Free,7.0,Motorized Pump,"(-23.145788728207652, 25.273582382710256)",
WP4749,Well,Contaminated,43.0,,2008.0,UNICEF,Free,16.0,Motorized Pump,"(-23.40417485230667, 19.564198104932334)",Not Functioning
WP4750,River,,47.0,22000.0,2010.0,Oxfam,Free,14.0,Motorized Pump,"(-22.47804856792001, 21.021834862569165)",Functioning
,Well,,36.0,25000.0,2011.0,USAID,Free,,Motorized Pump,"(-18.582798157186712, 24.355680692617995)",Functioning
,Well,Contaminated,36.0,26000.0,1998.0,,Free,26.0,Motorized Pump,"(-18.61937455184628, 26.450819410470984)",
WP4753,Well,Contaminated,36.0,22000.0,2003.0,Red Cross,Free,21.0,Motorized Pump,"(-23.283255927348474, 23.209680808733218)",Not Functioning
WP4754,Lake,,36.0,24000.0,2000.0,Red Cross,Free,24.0,Solar Pump,"(-23.002011075464797, 21.372968625106708)",Not Functioning
WP4755,Lake,Contaminated,54.0,19000.0,2017.0,Red Cross,Free,7.0,Hand Pump,,Not Functioning
WP4756,Lake,Contaminated,39.0,22000.0,2006.0,Red Cross,Pay per use,18.0,Motorized Pump,"(-20.32564168205719, 27.930049990519084)",Not Functioning
WP4757,Lake,Clean,43.0,21000.0,2020.0,Red Cross,,4.0,Motorized Pump,,Not Functioning
,Well,Contaminated,34.0,28000.0,2000.0,USAID,Free,24.0,Solar Pump,"(-20.399620856699194, 26.154391426921244)",Not Functioning
WP4759,Well,Contaminated,46.0,27000.0,2010.0,Red Cross,Free,14.0,Motorized Pump,"(-21.176505619029943, 24.62125467061206)",Functioning
,Well,Contaminated,45.0,26000.0,2005.0,,Free,19.0,Solar Pump,"(-19.658623104522462, 28.090633021912893)",Not Functioning
WP4761,Lake,Contaminated,50.0,21000.0,2003.0,USAID,,21.0,Solar Pump,"(-22.98591379729609, 22.613972525971352)",Not Functioning
WP4762,Well,,,19000.0,1990.0,,Pay per use,34.0,Motorized Pump,"(-18.7171462444243, 27.89467675460871)",Functioning
,,Clean,30.0,,1992.0,Red Cross,Free,,Solar Pump,"(-22.158403206257287, 21.924890821711656)",Not Functioning
,Well,Contaminated,39.0,25000.0,2000.0,UNICEF,Free,24.0,Solar Pump,"(-18.30398306583789, 28.319927077712467)",Not Functioning
WP4765,,Contaminated,,22000.0,1994.0,Red Cross,Free,30.0,Solar Pump,"(-21.981576340522405, 25.49748679869801)",Not Functioning
WP4766,Well,,36.0,20000.0,2000.0,USAID,,24.0,Motorized Pump,"(-21.64859982251745, 24.854716365832665)",Functioning
WP4767,Lake,Contaminated,52.0,21000.0,2007.0,Oxfam,,17.0,Motorized Pump,"(-20.96482964184016, 21.2321708309539)",Not Functioning
,Lake,Clean,37.0,21000.0,,USAID,Free,7.0,Motorized Pump,,Not Functioning
WP4769,Well,Contaminated,38.0,24000.0,2014.0,USAID,Free,,Solar Pump,"(-18.102950506501276, 22.384220088156297)",
WP4770,Lake,Clean,40.0,25000.0,1999.0,USAID,,25.0,Motorized Pump,"(-19.03211987142955, 23.62243758259296)",Not Functioning
WP4771,Well,Clean,44.0,20000.0,1991.0,Oxfam,Free,33.0,Motorized Pump,"(-18.636250367250042, 26.68293127285705)",Not Functioning
WP4772,Lake,Contaminated,34.0,24000.0,,Red Cross,Pay per use,8.0,Hand Pump,"(-23.126737026003568, 26.304825978607884)",Not Functioning
WP4773,Well,Contaminated,41.0,24000.0,2001.0,UNICEF,Free,23.0,Motorized Pump,"(-19.250209425690457, 25.053891757888323)",Not Functioning
WP4774,Well,Clean,38.0,26000.0,2013.0,UNICEF,Free,,Motorized Pump,"(-20.701831461735793, 26.74130557364324)",Not Functioning
WP4775,,Clean,29.0,23000.0,,USAID,Free,11.0,Motorized Pump,"(-21.079452476387353, 24.218437764451497)",Functioning
,River,Contaminated,49.0,24000.0,2017.0,UNICEF,Pay per use,7.0,Solar Pump,"(-19.1579709013987, 27.57847288217313)",Not Functioning
,Lake,Contaminated,44.0,26000.0,2005.0,Red Cross,Free,19.0,Solar Pump,"(-18.233654415817163, 28.654274454766373)",Not Functioning
,Well,,35.0,26000.0,2008.0,UNICEF,Pay per use,16.0,Solar Pump,"(-22.534212754761466, 21.848579271000133)",Not Functioning
WP4779,Well,Contaminated,42.0,25000.0,1991.0,,Pay per use,33.0,Solar Pump,"(-23.116332317621023, 19.420595138060303)",
WP4780,Well,,,21000.0,2004.0,,Free,20.0,Motorized Pump,"(-20.340058400897355, 24.72711482318428)",Functioning
WP4781,,Contaminated,,,,Red Cross,,22.0,Motorized Pump,"(-21.372639036119708, 21.482449672268007)",Functioning
WP4782,,Contaminated,33.0,23000.0,2014.0,UNICEF,Pay per use,,Motorized Pump,,Not Functioning
WP4783,Well,Contaminated,54.0,26000.0,2012.0,,Free,12.0,Motorized Pump,"(-19.670500661469315, 27.808696768639198)",Functioning
,Lake,Clean,28.0,20000.0,2009.0,,,15.0,Motorized Pump,"(-20.68422244082195, 24.96512542218234)",Not Functioning
WP4785,Lake,Contaminated,47.0,26000.0,2020.0,USAID,Pay per use,4.0,Hand Pump,"(-19.03821196059563, 25.0721425689007)",Not Functioning
WP4786,Well,Contaminated,44.0,24000.0,1997.0,Red Cross,Free,,Solar Pump,,Not Functioning
WP4787,Lake,Contaminated,45.0,22000.0,2019.0,USAID,,5.0,Motorized Pump,"(-23.635051360308566, 24.925171098837332)",Not Functioning
WP4788,,Contaminated,36.0,23000.0,1991.0,USAID,,33.0,Motorized Pump,"(-21.67730764239316, 27.15605350363652)",Functioning
WP4789,Well,Clean,42.0,24000.0,1994.0,UNICEF,Free,,Hand Pump,"(-17.65663877288982, 20.364159043163554)",Not Functioning
WP4790,Borehole,Clean,,25000.0,2018.0,USAID,Free,6.0,Motorized Pump,"(-23.605643228838318, 25.493017366799194)",Not Functioning
WP4791,,Contaminated,42.0,22000.0,2004.0,USAID,Free,20.0,Motorized Pump,,Functioning
WP4792,Well,Clean,32.0,24000.0,2004.0,Red Cross,,20.0,Solar Pump,"(-19.676985439793683, 26.385036356832)",Not Functioning
WP4793,,Clean,33.0,18000.0,2009.0,USAID,Free,15.0,Solar Pump,"(-21.25257490462931, 26.053826650498216)",Not Functioning
WP4794,River,Contaminated,50.0,24000.0,2005.0,UNICEF,Free,,,"(-21.90779328579574, 21.72514635972029)",Not Functioning
WP4795,Lake,Clean,51.0,20000.0,1994.0,UNICEF,Pay per use,30.0,,"(-22.519081724318454, 19.41126428153278)",Not Functioning
WP4796,Well,Contaminated,49.0,28000.0,2013.0,Red Cross,Free,11.0,Motorized Pump,"(-17.791159047447337, 28.5562294737056)",
WP4797,Well,,42.0,14000.0,2007.0,Red Cross,Pay per use,17.0,Solar Pump,"(-21.895714113980876, 24.5576486354343)",Not Functioning
WP4798,Well,Clean,46.0,21000.0,1993.0,,Pay per use,,Solar Pump,"(-21.86204952158386, 22.26802250452453)",Not Functioning
WP4799,Borehole,Contaminated,,24000.0,2013.0,Red Cross,Free,11.0,,"(-21.646186985721663, 20.596820064848785)",Functioning
WP4800,Well,Clean,47.0,27000.0,2015.0,USAID,Pay per use,9.0,Solar Pump,"(-21.050067945724805, 24.556770891531517)",Not Functioning
WP4801,Lake,Contaminated,45.0,21000.0,2006.0,World Bank,Free,,Motorized Pump,"(-18.489973820044852, 24.680509004231517)",Not Functioning
,Well,,41.0,25000.0,2004.0,Red Cross,Free,20.0,Motorized Pump,"(-19.296500484566003, 24.02888460261837)",
WP4803,Lake,Clean,41.0,23000.0,2012.0,Red Cross,Pay per use,12.0,Solar Pump,,Not Functioning
WP4804,Well,Contaminated,42.0,24000.0,1996.0,,Free,28.0,Solar Pump,"(-21.613587133042287, 26.52315809173907)",Not Functioning
,Well,Clean,47.0,25000.0,1997.0,Red Cross,Free,,Motorized Pump,"(-17.793050021445453, 28.929316653737)",Not Functioning
WP4806,Well,Clean,44.0,,2014.0,USAID,Free,10.0,Motorized Pump,"(-21.96802858241979, 25.625304376412657)",Not Functioning
WP4807,Well,Contaminated,,26000.0,2017.0,USAID,Free,7.0,Motorized Pump,"(-19.308606710778427, 19.183621916639993)",
WP4808,,Contaminated,39.0,24000.0,,Red Cross,,15.0,Solar Pump,,Not Functioning
WP4809,Lake,Contaminated,37.0,23000.0,2014.0,Red Cross,Free,10.0,,"(-19.952878412022436, 27.868406921424782)",Not Functioning
,Well,Contaminated,,22000.0,2005.0,USAID,Free,,Hand Pump,"(-22.423224551269648, 22.06131188379196)",Functioning
WP4811,Lake,Contaminated,,28000.0,2018.0,UNICEF,Pay per use,6.0,,"(-22.2620737570541, 23.141479910989737)",Not Functioning
WP4812,Lake,,44.0,28000.0,2000.0,USAID,Free,24.0,Motorized Pump,"(-20.655333976448972, 24.13022202069817)",Not Functioning
WP4813,Well,Contaminated,40.0,26000.0,1992.0,Oxfam,Free,32.0,Motorized Pump,,Functioning
WP4814,Borehole,Clean,42.0,25000.0,1992.0,Red Cross,Free,32.0,Motorized Pump,"(-22.554288556519044, 21.56275014235089)",Not Functioning
,Well,,49.0,27000.0,1998.0,Red Cross,Pay per use,26.0,Solar Pump,"(-20.16595544885298, 24.10785632144831)",Not Functioning
WP4816,Borehole,Contaminated,45.0,22000.0,2006.0,USAID,Free,18.0,Motorized Pump,"(-20.89759387091591, 25.129985553734596)",Functioning
WP4817,Lake,Contaminated,42.0,22000.0,2015.0,USAID,Free,9.0,Hand Pump,"(-20.512902692296066, 22.323712989128353)",Not Functioning
WP4818,,Clean,39.0,25000.0,2018.0,USAID,Free,6.0,Solar Pump,"(-18.109705690519462, 26.325793147163935)",Not Functioning
,Lake,Clean,34.0,24000.0,2012.0,USAID,,12.0,Motorized Pump,"(-19.550295987117643, 25.351324375827684)",
WP4820,Well,Contaminated,43.0,,,Red Cross,Pay per use,5.0,Motorized Pump,"(-19.147039271661747, 20.27811820415792)",Not Functioning
,Well,Contaminated,34.0,23000.0,1999.0,Red Cross,,25.0,Motorized Pump,"(-22.853534096926545, 28.12546840756569)",Functioning
WP4822,Well,Contaminated,,25000.0,2013.0,Oxfam,Free,11.0,Solar Pump,"(-20.701233892833006, 22.514869127706497)",Not Functioning
WP4823,Well,Contaminated,35.0,25000.0,2000.0,USAID,,,Solar Pump,"(-20.13414950529546, 24.111481905045615)",Not Functioning
WP4824,Borehole,Clean,44.0,24000.0,1992.0,Red Cross,Free,32.0,Motorized Pump,"(-20.570448662689373, 25.360208000994984)",Not Functioning
WP4825,,Clean,38.0,20000.0,1992.0,Red Cross,Pay per use,32.0,Solar Pump,"(-20.94567055639715, 25.808247644625418)",
WP4826,Lake,Contaminated,,24000.0,2012.0,,Pay per use,12.0,Motorized Pump,"(-18.29323378230806, 28.276579943947752)",Not Functioning
WP4827,Well,Contaminated,44.0,26000.0,2012.0,,Free,12.0,Motorized Pump,"(-18.757183656705738, 26.010063482837662)",Functioning
WP4828,Well,Contaminated,45.0,24000.0,1994.0,Oxfam,Pay per use,30.0,,"(-21.9964804114257, 24.692800446881215)",
WP4829,Well,Clean,40.0,24000.0,2004.0,Red Cross,Free,20.0,Solar Pump,"(-21.627154969521104, 22.258040343433436)",Not Functioning
WP4830,Lake,Contaminated,47.0,22000.0,,USAID,Free,10.0,Solar Pump,"(-18.91471628256113, 25.261685145817605)",Not Functioning
,River,Contaminated,45.0,,2002.0,Red Cross,Free,22.0,,"(-19.30827315208978, 26.67178846050501)",Not Functioning
WP4832,Well,Contaminated,45.0,25000.0,2014.0,,Free,10.0,,"(-22.89547847534185, 22.082058001417202)",Functioning
,Lake,,31.0,19000.0,1995.0,,Pay per use,29.0,Solar Pump,"(-21.777678826360525, 23.510579356437326)",Not Functioning
WP4834,Well,Clean,31.0,21000.0,2007.0,Red Cross,Free,17.0,Hand Pump,,
,Well,Clean,,23000.0,1996.0,,Free,,,"(-18.521742416151866, 28.661104568996784)",Functioning
WP4836,,Contaminated,28.0,20000.0,1995.0,Red Cross,Free,29.0,,"(-19.5589977259053, 26.176365004884673)",Functioning
WP4837,,Contaminated,38.0,20000.0,1997.0,UNICEF,,27.0,Solar Pump,"(-23.151805136017003, 23.94159075872674)",Not Functioning
WP4838,Well,Contaminated,44.0,22000.0,1997.0,Oxfam,,,Solar Pump,"(-20.35068996476435, 27.243657407346433)",Not Functioning
WP4839,River,Clean,35.0,27000.0,2012.0,Red Cross,Pay per use,12.0,Solar Pump,"(-20.56705193518119, 21.110184509240717)",Not Functioning
WP4840,Well,Clean,35.0,20000.0,2019.0,Red Cross,Free,5.0,Solar Pump,"(-19.933144732733055, 26.76370959369323)",Not Functioning
WP4841,Lake,Contaminated,48.0,28000.0,2020.0,,,4.0,Solar Pump,"(-23.028955423048245, 20.27850992875061)",
WP4842,River,,35.0,20000.0,2008.0,UNICEF,Free,16.0,Motorized Pump,"(-22.66352380454143, 19.778158514799077)",Not Functioning
WP4843,Lake,Contaminated,40.0,24000.0,2013.0,Red Cross,Free,11.0,Motorized Pump,"(-22.00637300590546, 24.29139528317409)",Not Functioning
WP4844,Well,Contaminated,45.0,23000.0,2014.0,Red Cross,Free,10.0,Motorized Pump,,Functioning
WP4845,Well,Clean,47.0,22000.0,1990.0,Oxfam,Pay per use,34.0,,"(-20.50045723261421, 26.957796686468537)",Functioning
,Well,Contaminated,39.0,21000.0,2013.0,Red Cross,Pay per use,11.0,,"(-21.151493713366037, 26.83672331144256)",Not Functioning
WP4847,Lake,Contaminated,39.0,19000.0,1996.0,USAID,Free,28.0,Motorized Pump,,Not Functioning
WP4848,Well,,42.0,23000.0,2013.0,USAID,Free,11.0,Motorized Pump,"(-17.918332816021007, 24.8378606514318)",Not Functioning
WP4849,Well,Contaminated,43.0,26000.0,1990.0,Red Cross,Free,34.0,Hand Pump,"(-21.276704529689514, 19.545839276783234)",Functioning
,Well,,40.0,24000.0,2015.0,,,9.0,Motorized Pump,"(-23.81395872263986, 19.41017938661708)",
WP4851,Well,Contaminated,40.0,22000.0,2009.0,UNICEF,Free,,Solar Pump,"(-20.64176648552043, 20.613688275305297)",Not Functioning
WP4852,Lake,Contaminated,29.0,25000.0,2010.0,UNICEF,Free,,Motorized Pump,"(-22.188565185405484, 20.031409675954233)",Not Functioning
WP4853,Well,Contaminated,32.0,,1997.0,UNICEF,Pay per use,27.0,Solar Pump,"(-18.626532264889683, 24.924224373665822)",Not Functioning
WP4854,,Contaminated,30.0,24000.0,,Red Cross,Free,14.0,Motorized Pump,"(-22.063327903479728, 21.797919472155105)",Not Functioning
,Well,Contaminated,,21000.0,2020.0,USAID,Free,4.0,Motorized Pump,"(-22.911501237455926, 22.43406172724836)",Not Functioning
WP4856,Well,Contaminated,46.0,26000.0,1998.0,USAID,Free,26.0,Motorized Pump,"(-19.08804361706127, 28.246091712395874)",Not Functioning
WP4857,Well,Contaminated,,24000.0,1991.0,,,,,"(-20.78886190244051, 24.007193928680064)",
WP4858,Well,Clean,40.0,27000.0,2012.0,UNICEF,Free,12.0,Motorized Pump,"(-18.014218688636046, 24.138927476771634)",Functioning
WP4859,Borehole,Clean,33.0,28000.0,2019.0,USAID,Pay per use,5.0,Motorized Pump,"(-21.00171471719771, 23.329336034955077)",Not Functioning
WP4860,Well,Contaminated,41.0,20000.0,2004.0,UNICEF,Pay per use,20.0,Motorized Pump,,Not Functioning
,River,Contaminated,34.0,21000.0,,USAID,Free,,Solar Pump,"(-18.34535742725876, 22.803609636215608)",Not Functioning
WP4862,,Contaminated,39.0,18000.0,1993.0,USAID,Pay per use,,Motorized Pump,"(-18.74541635641978, 27.74125044225066)",Functioning
,Well,Contaminated,47.0,25000.0,2005.0,Red Cross,Pay per use,19.0,Motorized Pump,"(-19.348634565848485, 24.527091545543154)",Functioning
WP4864,Well,Contaminated,39.0,31000.0,1991.0,USAID,Free,33.0,Motorized Pump,"(-22.66587358852572, 21.254704576954406)",Not Functioning
WP4865,Well,Contaminated,41.0,26000.0,2017.0,USAID,Pay per use,7.0,Motorized Pump,,Functioning
WP4866,Well,,29.0,29000.0,1994.0,Red Cross,Pay per use,30.0,Solar Pump,"(-20.807575538993728, 21.10275348234938)",
WP4867,,Contaminated,51.0,21000.0,2011.0,Red Cross,Pay per use,13.0,Motorized Pump,"(-18.59576603281844, 26.955075785644205)",
WP4868,Lake,Clean,38.0,25000.0,1997.0,,Free,27.0,Hand Pump,"(-21.800138335049372, 24.449999653901134)",Not Functioning
WP4869,Well,Clean,39.0,20000.0,1991.0,Oxfam,,33.0,Solar Pump,,Not Functioning
,Well,Contaminated,32.0,19000.0,2013.0,USAID,Free,11.0,Solar Pump,"(-20.64740856259526, 25.860757880534603)",Functioning
WP4871,Well,Contaminated,,22000.0,2005.0,Red Cross,Pay per use,,Motorized Pump,"(-17.756778090164243, 25.262562724473984)",Not Functioning
WP4872,Well,,51.0,21000.0,2005.0,Red Cross,Free,19.0,,"(-21.06358433996244, 23.50633472715283)",Not Functioning
WP4873,Borehole,,53.0,26000.0,2002.0,,Free,22.0,Hand Pump,,Functioning
WP4874,Well,Contaminated,44.0,23000.0,2018.0,USAID,Pay per use,6.0,Hand Pump,"(-20.816965876320953, 25.96997741118909)",Functioning
WP4875,Well,Contaminated,39.0,26000.0,2007.0,World Bank,Free,17.0,Motorized Pump,"(-22.034646079938945, 19.313387975654575)",Not Functioning
WP4876,Well,Contaminated,49.0,24000.0,2020.0,USAID,Pay per use,4.0,Hand Pump,"(-23.79587537172771, 26.10742949598189)",Functioning
WP4877,Lake,Contaminated,32.0,28000.0,2004.0,Red Cross,Free,20.0,Motorized Pump,"(-18.598523820170858, 26.643353910813758)",Not Functioning
WP4878,Well,,,20000.0,1995.0,Red Cross,Pay per use,29.0,Solar Pump,,Not Functioning
WP4879,River,Contaminated,51.0,21000.0,2007.0,Oxfam,Pay per use,17.0,Solar Pump,"(-19.373944939701282, 24.085188131145717)",Not Functioning
WP4880,Lake,Contaminated,38.0,29000.0,,USAID,,23.0,Hand Pump,"(-19.548346228471946, 24.446544968456312)",Functioning
,Well,Contaminated,50.0,24000.0,2001.0,USAID,Free,23.0,Hand Pump,"(-19.121178597838988, 26.03463240588983)",Functioning
WP4882,Borehole,Clean,33.0,23000.0,1996.0,Red Cross,,28.0,Solar Pump,"(-20.811222758566434, 21.531980006778227)",Not Functioning
WP4883,Well,Contaminated,47.0,,2012.0,Red Cross,Free,12.0,Solar Pump,,Not Functioning
WP4884,,Contaminated,37.0,20000.0,,USAID,Free,,Motorized Pump,,Functioning
WP4885,Well,Contaminated,44.0,18000.0,1995.0,Red Cross,Free,29.0,Solar Pump,"(-18.67741256105487, 24.65985551079507)",Not Functioning
WP4886,Lake,Contaminated,29.0,28000.0,2007.0,Red Cross,Pay per use,17.0,Motorized Pump,"(-18.382162838463778, 25.796024447263385)",Not Functioning
WP4887,Well,,36.0,22000.0,2002.0,USAID,Free,22.0,Motorized Pump,"(-20.052399309192158, 22.814342670509024)",Functioning
WP4888,Borehole,Clean,45.0,26000.0,2016.0,UNICEF,Free,8.0,Solar Pump,"(-21.221267765850822, 19.574601787342438)",Not Functioning
WP4889,Well,,45.0,29000.0,2010.0,USAID,Free,14.0,Solar Pump,"(-21.27480358700102, 21.86894080061289)",Not Functioning
WP4890,Lake,Contaminated,43.0,24000.0,1996.0,Red Cross,Free,28.0,Motorized Pump,,Not Functioning
,Lake,Contaminated,46.0,26000.0,2018.0,UNICEF,Free,,Hand Pump,"(-18.707218389383883, 24.968706721407052)",Not Functioning
WP4892,Well,Contaminated,34.0,28000.0,2018.0,Red Cross,Free,6.0,,"(-18.74616156831059, 27.89912589883336)",Not Functioning
WP4893,Well,Contaminated,40.0,25000.0,2000.0,,Free,24.0,,"(-21.362429843772503, 27.20482028489263)",Functioning
WP4894,Well,Contaminated,41.0,,2013.0,Red Cross,Pay per use,11.0,Motorized Pump,"(-18.305238613111037, 27.738623506422687)",Not Functioning
WP4895,Borehole,Clean,37.0,20000.0,2008.0,USAID,,16.0,Motorized Pump,"(-20.597390834112506, 24.937252650132283)",Not Functioning
WP4896,Well,Contaminated,36.0,25000.0,1995.0,Red Cross,,29.0,,"(-21.96128806942666, 25.258216032930644)",Not Functioning
,Well,Contaminated,33.0,19000.0,2000.0,USAID,Free,24.0,Motorized Pump,"(-23.481004017602256, 25.270651626838603)",Not Functioning
WP4898,Lake,Contaminated,34.0,30000.0,,USAID,Free,,Motorized Pump,"(-22.13735484195883, 26.38796969987735)",Not Functioning
WP4899,Borehole,Contaminated,,20000.0,1994.0,USAID,Free,30.0,Motorized Pump,"(-18.04308892272387, 26.555673239517102)",Functioning
WP4900,Well,Contaminated,37.0,23000.0,2008.0,Oxfam,Free,,Hand Pump,"(-18.936540881375993, 25.19683017805385)",Functioning
,Well,Contaminated,40.0,19000.0,2012.0,Red Cross,Free,12.0,Motorized Pump,,Functioning
WP4902,Well,Contaminated,35.0,23000.0,,Red Cross,Pay per use,,,"(-19.292102290541333, 25.051841763128717)",
WP4903,Well,Contaminated,38.0,24000.0,,,Free,,Motorized Pump,"(-18.241570970823485, 26.19666785921281)",Not Functioning
WP4904,Well,Contaminated,45.0,,1992.0,,Free,32.0,Motorized Pump,"(-21.558343551438938, 24.756264248658976)",
WP4905,,Contaminated,41.0,27000.0,1993.0,USAID,Free,31.0,Motorized Pump,"(-20.970235504599167, 27.153752341184035)",Functioning
WP4906,Lake,Clean,33.0,26000.0,2006.0,Oxfam,Free,18.0,Solar Pump,,Not Functioning
WP4907,,Clean,40.0,28000.0,1999.0,USAID,Free,25.0,Motorized Pump,"(-19.450311424218796, 28.400503496211122)",Not Functioning
WP4908,Borehole,Contaminated,,19000.0,,,Pay per use,8.0,Solar Pump,"(-21.171770722967317, 25.29980257750779)",Not Functioning
WP4909,,Contaminated,31.0,28000.0,,Oxfam,Pay per use,16.0,Motorized Pump,"(-21.917637015518647, 25.141189410164237)",Not Functioning
WP4910,Lake,Contaminated,46.0,23000.0,,USAID,Free,6.0,,"(-21.160127120179844, 20.26134521775637)",Not Functioning
WP4911,Borehole,Contaminated,50.0,25000.0,1995.0,Oxfam,Pay per use,29.0,Motorized Pump,,Functioning
WP4912,Lake,Clean,44.0,25000.0,1991.0,World Bank,Pay per use,,Motorized Pump,,Not Functioning
WP4913,Borehole,Clean,44.0,24000.0,2011.0,,Pay per use,13.0,,,Not Functioning
WP4914,,Contaminated,43.0,27000.0,2010.0,UNICEF,Free,14.0,Solar Pump,"(-23.66209500300057, 23.756486671070792)",
,Well,Contaminated,46.0,24000.0,2006.0,Oxfam,,18.0,Solar Pump,"(-21.389153203629707, 26.754650776227916)",Not Functioning
WP4916,Well,Contaminated,,26000.0,2005.0,Red Cross,Pay per use,,Motorized Pump,"(-20.703154298680882, 21.219105430252945)",Not Functioning
,Lake,,37.0,22000.0,2014.0,Oxfam,Free,10.0,Solar Pump,"(-21.925409078985474, 24.163152351830973)",Not Functioning
WP4918,,Contaminated,,26000.0,,,Pay per use,27.0,,,Not Functioning
WP4919,Well,,32.0,27000.0,2007.0,Red Cross,Free,17.0,,"(-20.501223977248497, 21.513683445947564)",Not Functioning
WP4920,Well,Contaminated,38.0,,1996.0,Red Cross,Pay per use,28.0,Motorized Pump,"(-22.873037737010346, 22.26703585951529)",Not Functioning
,Well,Clean,43.0,25000.0,1998.0,,Pay per use,26.0,,"(-18.795606837566776, 24.47410362176161)",Not Functioning
,Well,Contaminated,36.0,23000.0,2017.0,UNICEF,Pay per use,7.0,Motorized Pump,"(-23.39247986728887, 26.53697614088819)",Functioning
WP4923,Well,Clean,44.0,21000.0,,,Free,30.0,,"(-21.101047985825303, 25.92608102298575)",Not Functioning
WP4924,Lake,Contaminated,40.0,20000.0,,Oxfam,Pay per use,,Motorized Pump,"(-21.19856718540369, 24.883656965655582)",Functioning
WP4925,,Contaminated,46.0,24000.0,2016.0,UNICEF,Free,8.0,Hand Pump,"(-21.094570366306623, 24.560264373353764)",Not Functioning
WP4926,Well,Contaminated,47.0,23000.0,2006.0,Red Cross,Free,,Motorized Pump,"(-21.81821149530672, 20.3080748373953)",Functioning
WP4927,Lake,Clean,43.0,27000.0,2010.0,,Pay per use,14.0,Motorized Pump,"(-18.644731467886256, 26.191063701970947)",Not Functioning
,Well,Contaminated,41.0,24000.0,1995.0,Red Cross,Free,29.0,Solar Pump,"(-18.977204057032296, 27.712490447260066)",Not Functioning
WP4929,,Contaminated,48.0,,2002.0,Oxfam,Free,22.0,Hand Pump,"(-23.332034474976336, 22.752441037881837)",Not Functioning
WP4930,Lake,Contaminated,34.0,19000.0,2011.0,,Free,13.0,Motorized Pump,"(-23.910436626099152, 20.50681459961271)",Not Functioning
WP4931,Well,Contaminated,48.0,28000.0,2001.0,Red Cross,Free,23.0,Hand Pump,"(-21.341519140494956, 25.316737075039047)",Not Functioning
WP4932,Well,Clean,55.0,25000.0,2007.0,Red Cross,Free,17.0,Motorized Pump,"(-19.62772529079741, 24.94293737217817)",Not Functioning
WP4933,Well,Clean,38.0,26000.0,2013.0,Red Cross,Pay per use,11.0,Motorized Pump,"(-19.814780314797325, 27.797745559331222)",Functioning
WP4934,Lake,Contaminated,48.0,25000.0,2019.0,Oxfam,Pay per use,5.0,Motorized Pump,"(-21.500368636575445, 27.091894931981486)",Not Functioning
WP4935,,Contaminated,,24000.0,2017.0,,,7.0,Motorized Pump,"(-20.41127979844214, 20.674236012524066)",Not Functioning
WP4936,Lake,Clean,32.0,23000.0,2012.0,,Free,12.0,Motorized Pump,"(-18.10498915848097, 27.718909196947372)",Not Functioning
WP4937,Well,Contaminated,,20000.0,2018.0,,Free,6.0,Motorized Pump,"(-22.887869235309573, 24.643371563487577)",
WP4938,Borehole,,44.0,25000.0,2003.0,Oxfam,Pay per use,21.0,Solar Pump,"(-20.12734006546976, 25.216549423489106)",Not Functioning
,Well,Contaminated,33.0,,2013.0,USAID,Free,11.0,Motorized Pump,"(-19.884066263046883, 28.787602279783655)",Not Functioning
WP4940,Lake,,31.0,20000.0,2006.0,UNICEF,Pay per use,18.0,Motorized Pump,"(-18.877843906037416, 24.455996969483063)",Not Functioning
WP4941,,Contaminated,44.0,28000.0,2011.0,Oxfam,Pay per use,13.0,Solar Pump,"(-21.849192961073058, 20.392916965663026)",Functioning
WP4942,Well,Contaminated,42.0,27000.0,1990.0,Oxfam,Free,34.0,Motorized Pump,"(-19.548881682246737, 27.603104842134417)",Not Functioning
WP4943,Well,Clean,34.0,24000.0,2008.0,Oxfam,Free,16.0,Solar Pump,"(-18.549095288040352, 23.207884418844092)",Not Functioning
WP4944,Lake,Contaminated,38.0,25000.0,2010.0,Red Cross,Pay per use,14.0,Motorized Pump,"(-21.241159346089272, 23.908272712571282)",Not Functioning
WP4945,,Clean,44.0,24000.0,2020.0,Red Cross,Free,4.0,Solar Pump,"(-22.271060825340143, 21.15740240690825)",Not Functioning
WP4946,River,Clean,45.0,24000.0,1997.0,Oxfam,Free,,Hand Pump,"(-21.828920062049477, 23.847717062885323)",Not Functioning
WP4947,Well,Contaminated,28.0,,1991.0,Red Cross,Free,33.0,Motorized Pump,,Functioning
WP4948,,Contaminated,43.0,23000.0,1991.0,USAID,Free,33.0,Motorized Pump,"(-20.807285381778065, 21.896040467846266)",Functioning
WP4949,,Contaminated,39.0,21000.0,2006.0,Red Cross,Pay per use,18.0,Motorized Pump,,Not Functioning
WP4950,,Contaminated,,23000.0,2005.0,Red Cross,Pay per use,,Motorized Pump,,Not Functioning
WP4951,Well,Clean,30.0,24000.0,1992.0,Oxfam,Pay per use,32.0,,"(-18.97656575519895, 25.13192369086724)",Functioning
WP4952,Well,,28.0,25000.0,1993.0,Red Cross,,31.0,,"(-21.569860304210554, 26.90725918191847)",Not Functioning
WP4953,,Contaminated,46.0,17000.0,2000.0,USAID,,24.0,Motorized Pump,"(-18.40317822175924, 27.0318324620692)",Functioning
,,,27.0,27000.0,2020.0,USAID,Pay per use,4.0,Solar Pump,"(-20.537098956761874, 20.649461038994033)",Not Functioning
WP4955,Well,Contaminated,29.0,21000.0,2017.0,USAID,,7.0,Motorized Pump,"(-21.80622441840366, 25.728555831693473)",Not Functioning
,Lake,Clean,49.0,22000.0,,UNICEF,Free,9.0,Motorized Pump,"(-22.664319143328704, 20.40291146216589)",Not Functioning
,Well,Contaminated,43.0,20000.0,2000.0,Oxfam,Pay per use,24.0,Solar Pump,"(-23.43111375200746, 22.41396364117148)",
WP4958,,Contaminated,46.0,25000.0,2010.0,Oxfam,,14.0,,"(-23.231473471245174, 20.735233151966565)",Functioning
,Lake,Contaminated,45.0,24000.0,2017.0,USAID,Free,7.0,Motorized Pump,"(-21.464625602276232, 28.968862149899927)",Not Functioning
WP4960,Lake,Contaminated,45.0,22000.0,1992.0,UNICEF,Pay per use,32.0,Hand Pump,"(-18.02733638054858, 25.95496408956119)",Not Functioning
,River,Contaminated,43.0,16000.0,1992.0,Oxfam,Free,,Motorized Pump,"(-21.405500426494907, 24.40495189002806)",Functioning
WP4962,Lake,Contaminated,45.0,25000.0,2007.0,USAID,Free,,Motorized Pump,"(-17.749068513198022, 27.289183039407607)",Not Functioning
WP4963,Well,Contaminated,42.0,25000.0,2013.0,USAID,,11.0,Motorized Pump,"(-19.69855421483245, 24.10236299075018)",Not Functioning
WP4964,Well,Contaminated,31.0,24000.0,2013.0,Red Cross,Pay per use,11.0,Motorized Pump,,
WP4965,Lake,Contaminated,,22000.0,1993.0,Red Cross,Free,,Motorized Pump,"(-18.00177643185912, 26.336461019339694)",Not Functioning
WP4966,Well,Contaminated,35.0,25000.0,2016.0,Red Cross,,8.0,,"(-20.567558298522982, 22.01300008360812)",Not Functioning
,Well,,52.0,21000.0,1994.0,Red Cross,Free,30.0,Motorized Pump,"(-19.667087457705698, 25.98432673049632)",Functioning
,,Contaminated,47.0,27000.0,1997.0,Red Cross,Free,27.0,Motorized Pump,"(-21.8714301809943, 24.76704476686055)",Not Functioning
WP4969,Well,Contaminated,51.0,28000.0,2012.0,Red Cross,Free,12.0,Solar Pump,,Not Functioning
WP4970,Well,Contaminated,48.0,21000.0,,USAID,Free,12.0,,"(-22.999348986492983, 20.217437758513352)",Not Functioning
,,Contaminated,44.0,23000.0,2019.0,USAID,Free,5.0,Motorized Pump,"(-23.11292850504972, 22.061501232132393)",Not Functioning
WP4972,Well,,29.0,21000.0,1999.0,,Pay per use,25.0,Solar Pump,"(-21.662652405205392, 27.928229346248777)",Not Functioning
,Borehole,Contaminated,48.0,23000.0,1991.0,Red Cross,Free,33.0,Solar Pump,"(-21.43591032359187, 24.203925249019786)",
WP4974,Well,Contaminated,,,1999.0,Red Cross,Free,25.0,Hand Pump,"(-21.734143626554225, 22.121895147098858)",Not Functioning
WP4975,,Contaminated,,,1995.0,Red Cross,Pay per use,29.0,Motorized Pump,,Not Functioning
WP4976,Well,Contaminated,43.0,27000.0,1997.0,Red Cross,Free,27.0,Hand Pump,"(-21.018041982012196, 25.699942060781602)",Not Functioning
WP4977,Lake,Contaminated,,22000.0,2017.0,Red Cross,Free,7.0,Solar Pump,"(-21.02689586522573, 26.94835199480828)",Not Functioning
WP4978,Well,,35.0,24000.0,,USAID,Pay per use,,,"(-22.073292631385993, 20.00835839827511)",Not Functioning
WP4979,Borehole,Clean,34.0,29000.0,,UNICEF,Free,,Motorized Pump,,Not Functioning
WP4980,Lake,Contaminated,44.0,17000.0,2001.0,Oxfam,Pay per use,23.0,Solar Pump,"(-19.531246371799384, 20.854759039490457)",
WP4981,Borehole,Contaminated,,22000.0,1996.0,Red Cross,Pay per use,28.0,Motorized Pump,"(-20.23916831613036, 25.031734987298876)",Functioning
,River,,48.0,27000.0,2010.0,Red Cross,Free,14.0,Motorized Pump,"(-22.195708193375204, 24.655057355903025)",
WP4983,Well,,39.0,21000.0,2009.0,UNICEF,Free,15.0,Motorized Pump,,Not Functioning
WP4984,Well,Contaminated,48.0,25000.0,2002.0,,Free,22.0,Motorized Pump,,Functioning
WP4985,,Clean,42.0,,1999.0,Oxfam,Pay per use,25.0,Solar Pump,"(-18.976216878112808, 26.223788173386023)",Not Functioning
WP4986,Lake,Clean,43.0,26000.0,2016.0,USAID,Free,8.0,Solar Pump,"(-21.79898176574375, 22.96673261739859)",Not Functioning
WP4987,,Contaminated,37.0,,,,Pay per use,6.0,Motorized Pump,"(-22.6029021605396, 27.72376046309698)",Not Functioning
WP4988,Lake,Contaminated,,20000.0,2018.0,Red Cross,Pay per use,6.0,Motorized Pump,"(-18.994564659810486, 24.38724840146734)",
WP4989,Well,,35.0,27000.0,,UNICEF,,27.0,Motorized Pump,,Not Functioning
WP4990,Well,,45.0,21000.0,2013.0,,Free,11.0,Solar Pump,"(-21.867572044309114, 23.96627836770133)",Not Functioning
WP4991,Well,Contaminated,45.0,22000.0,2005.0,Red Cross,,19.0,Motorized Pump,"(-19.81655570642904, 28.262491980953246)",Not Functioning
,Well,Contaminated,41.0,26000.0,2015.0,Red Cross,Free,9.0,Solar Pump,"(-19.551837798771455, 26.426594287517847)",Not Functioning
,,Contaminated,32.0,21000.0,1995.0,UNICEF,Free,29.0,,"(-19.854724264500085, 25.336225626472608)",
WP4994,Lake,Contaminated,29.0,23000.0,2017.0,Red Cross,,7.0,Motorized Pump,"(-22.992959741086118, 19.544037723661248)",Not Functioning
WP4995,Well,Clean,39.0,26000.0,2018.0,Oxfam,Free,,Hand Pump,"(-23.18211977813024, 24.961556730497033)",Not Functioning
,Well,,45.0,26000.0,1999.0,World Bank,Free,25.0,,"(-21.510860097359956, 22.414715135964236)",
,Well,Contaminated,45.0,21000.0,2019.0,Red Cross,Free,5.0,Motorized Pump,"(-20.500251189999435, 23.57447807868305)",Not Functioning
WP4998,Well,,37.0,24000.0,2011.0,Red Cross,Free,13.0,Solar Pump,"(-19.03723468678611, 26.767510902544174)",Not Functioning
,River,Contaminated,35.0,24000.0,2010.0,USAID,Free,14.0,Solar Pump,"(-23.0834618240168, 25.91122401347011)",Not Functioning
WP5000,Lake,Contaminated,45.0,18000.0,1993.0,Red Cross,Pay per use,31.0,Motorized Pump,"(-20.75834079737923, 22.307090219546744)",Not Functioning
